Country,Year,AverageYearsofEducation,TotalPopulation,UniversitiesFounded
AFG,1500,,2000.0,
AFG,1600,,2500.0,
AFG,1700,,2500.0,
AFG,1800,,3280.0,
AFG,1820,,3280.0,
AFG,1850,,3750.0,
AFG,1870,,4207.0,
AFG,1900,,5000.0,
AFG,1910,,5730.0,
AFG,1920,,12000.0,
AFG,1930,,7000.0,
AFG,1940,,7000.0,
AFG,1950,0.2205,8150.368,
AFG,1960,0.3102893,9829.45,
AFG,1970,0.617,12430.623,
AFG,1980,1.091996,15112.149,
AFG,1990,1.6035,14669.339,
AFG,2000,2.507,23898.198,
AFG,2010,3.813308,,
AGO,1800,,1567.028,
AGO,1820,,1567.028,
AGO,1850,,2428.94653,
AGO,1860,,2602.34458,
AGO,1870,0.01,2790.3553,
AGO,1880,0.01,2934.37264,
AGO,1890,0.02,3085.15128,
AGO,1900,0.02,2935.01881,
AGO,1910,0.02,2708.49234,
AGO,1920,0.02,2602.0821,
AGO,1930,0.02,3019.82251,
AGO,1940,0.03,3470.25164,
AGO,1950,0.04,4148.0,
AGO,1960,0.12,5012.0,
AGO,1962,,,1.0
AGO,1970,0.3,5605.626,
AGO,1980,0.96,6743.0,
AGO,1990,1.91,8297.0,
AGO,1993,,,1.0
AGO,2000,2.39,10377.0,
AGO,2009,,,6.0
AGO,2010,2.98,,
ALB,1500,,200.0,
ALB,1600,,200.0,
ALB,1700,,300.0,
ALB,1800,,400.0,
ALB,1820,,437.0,
ALB,1850,,500.0,
ALB,1870,,603.0,
ALB,1890,,726.0,
ALB,1900,,800.0,
ALB,1910,,874.0,
ALB,1920,,932.0,
ALB,1930,,982.0,
ALB,1940,,1088.0,
ALB,1950,,1227.156,
ALB,1951,,,2.0
ALB,1957,,,2.0
ALB,1960,,1623.114,
ALB,1970,,2156.612,
ALB,1971,,,1.0
ALB,1980,,2671.412,
ALB,1990,,3250.778,
ALB,1991,,,1.0
ALB,1994,,,1.0
ALB,2000,,3473.835,
ALB,2005,,,1.0
ALB,2007,,,1.0
ALB,2013,,,1.0
AND,1800,,2.654,
AND,1820,,2.654,
AND,1910,,5.0,
AND,1920,,6.0,
AND,1930,,5.0,
AND,1950,,6.176,
AND,1960,,8.392,
AND,1970,,19.545,
AND,1980,,33.584,
AND,1990,,52.837,
AND,2000,,66.824,
ARE,1800,,40.153,
ARE,1820,,40.153,
ARE,1870,,40.153,
ARE,1910,,50.995,
ARE,1950,,71.52,
ARE,1960,,103.048,
ARE,1970,,249.369,
ARE,1976,,,1.0
ARE,1980,,1000.285,
ARE,1985,,,1.0
ARE,1988,,,1.0
ARE,1990,,1826.0,
ARE,1998,,,1.0
ARE,2000,,3219.0,
ARE,2003,,,1.0
ARE,2004,,,1.0
ARE,2005,,,1.0
ARE,2006,,,1.0
ARE,2007,,,3.0
ARE,2010,,,1.0
ARG,1500,,300.0,
ARG,1550,,300.0,
ARG,1600,,300.0,
ARG,1621,,,1.0
ARG,1650,,300.0,
ARG,1700,,300.0,
ARG,1750,,400.0,
ARG,1778,,,1.0
ARG,1800,,534.0,
ARG,1810,,406.0,
ARG,1820,,534.0,
ARG,1821,,,1.0
ARG,1830,,634.0,
ARG,1840,,768.0,
ARG,1850,,1100.0,
ARG,1860,,1304.0,
ARG,1870,1.498,1796.0,
ARG,1880,1.642,,
ARG,1889,,,1.0
ARG,1890,1.786,3376.0,
ARG,1897,,,1.0
ARG,1900,2.122,4693.0,
ARG,1910,2.526,6836.0,
ARG,1914,,,1.0
ARG,1920,3.112,8861.0,
ARG,1930,3.702,11896.0,
ARG,1939,,,1.0
ARG,1940,4.492,14169.0,
ARG,1950,5.402,17150.336,
ARG,1956,,,2.0
ARG,1960,6.18,20616.009,
ARG,1962,,,1.0
ARG,1968,,,1.0
ARG,1970,6.82,23962.313,
ARG,1971,,,1.0
ARG,1972,,,4.0
ARG,1973,,,8.0
ARG,1974,,,1.0
ARG,1980,7.65,28369.799,1.0
ARG,1986,,,1.0
ARG,1988,,,1.0
ARG,1989,,,2.0
ARG,1990,7.79,33036.0,
ARG,1993,,,2.0
ARG,1994,,,1.0
ARG,1995,,,4.0
ARG,1996,,,1.0
ARG,2000,8.37,37336.0,
ARG,2002,,,2.0
ARG,2007,,,2.0
ARG,2009,,,1.0
ARG,2010,8.77,,1.0
ARM,1800,,413.326,
ARM,1820,,413.326,
ARM,1919,,,1.0
ARM,1920,,,2.0
ARM,1921,,,1.0
ARM,1922,,,1.0
ARM,1930,,,1.0
ARM,1933,,,1.0
ARM,1935,,,1.0
ARM,1940,3.32039858,,
ARM,1945,,,1.0
ARM,1950,,1355.269,
ARM,1960,5.709065,1868.852,
ARM,1970,6.90846965,2519.745,
ARM,1980,9.4873694,3115.289,
ARM,1990,10.4819983,3376.783,1.0
ARM,1991,,,1.0
ARM,1995,,,1.0
ARM,1996,,,1.0
ARM,1997,,,1.0
ARM,2000,10.6019993,3042.556,
ARM,2010,10.81796,,
ATG,1800,,37.0,
ATG,1850,,37.0,
ATG,1860,,37.0,
ATG,1870,,35.0,
ATG,1880,,35.0,
ATG,1890,,37.0,
ATG,1900,,35.0,
ATG,1910,,32.0,
ATG,1920,,30.0,
ATG,1930,,31.0,
ATG,1940,,42.0,
ATG,1950,,45.816,
ATG,1960,,54.5,
ATG,1970,,65.624,
ATG,1980,,68.546,
ATG,1990,,64.0,
ATG,2000,,75.0,
AUS,1500,,450.0,
AUS,1600,,450.0,
AUS,1700,,450.0,
AUS,1800,,200.0,
AUS,1820,,334.0,
AUS,1830,,330.0,
AUS,1840,,420.0,
AUS,1850,1.0663258,605.0,1.0
AUS,1853,,,1.0
AUS,1856,,,1.0
AUS,1860,1.4892467,1326.0,
AUS,1870,3.06,1775.0,1.0
AUS,1874,,,1.0
AUS,1880,4.15,2197.0,
AUS,1887,,,1.0
AUS,1890,5.28,3107.0,1.0
AUS,1900,6.25,3741.0,
AUS,1902,,,2.0
AUS,1908,,,2.0
AUS,1909,,,1.0
AUS,1910,7.06,4375.0,1.0
AUS,1911,,,1.0
AUS,1916,,,1.0
AUS,1920,7.71,5358.0,
AUS,1930,8.38,6469.0,
AUS,1938,,,1.0
AUS,1940,8.93,7042.0,
AUS,1946,,,1.0
AUS,1949,,,1.0
AUS,1950,9.45,8267.337,
AUS,1951,,,2.0
AUS,1954,,,1.0
AUS,1958,,,1.0
AUS,1960,10.04,10361.273,
AUS,1964,,,2.0
AUS,1966,,,1.0
AUS,1967,,,2.0
AUS,1970,10.67,12660.16,1.0
AUS,1971,,,1.0
AUS,1973,,,1.0
AUS,1974,,,1.0
AUS,1980,11.95,14615.9,
AUS,1987,,,1.0
AUS,1988,,,1.0
AUS,1989,,,1.0
AUS,1990,12.73,16956.0,
AUS,1991,,,1.0
AUS,1994,,,1.0
AUS,2000,12.99,19053.0,
AUS,2004,,,1.0
AUS,2006,,,1.0
AUS,2010,13.14,,
AUT,1500,,2000.0,
AUT,1585,,,1.0
AUT,1600,,2500.0,
AUT,1620,,,1.0
AUT,1650,,2250.0,
AUT,1668,,,1.0
AUT,1700,,2500.0,
AUT,1750,,2750.0,
AUT,1800,,3000.0,
AUT,1820,,3369.0,
AUT,1830,,3538.0,
AUT,1840,,3716.0,
AUT,1850,,3950.0,
AUT,1860,,4235.0,
AUT,1870,3.201,4520.0,
AUT,1880,3.436,4941.0,
AUT,1890,3.94,5394.0,
AUT,1900,4.627,5973.0,
AUT,1910,5.313,6614.0,
AUT,1920,5.924,6455.0,
AUT,1930,5.876,6684.0,
AUT,1940,6.24,6705.0,
AUT,1950,6.8,6935.1,
AUT,1960,7.87,7047.437,
AUT,1962,,,2.0
AUT,1970,8.98,7467.086,1.0
AUT,1973,,,1.0
AUT,1980,10.05,7549.433,
AUT,1990,10.77,7722.953,
AUT,2000,11.24,8113.413,
AUT,2010,11.5,,
AZE,1800,,879.96,
AZE,1820,,879.96,
AZE,1919,,,1.0
AZE,1920,,,2.0
AZE,1923,,,1.0
AZE,1930,,,1.0
AZE,1934,,,1.0
AZE,1938,,,1.0
AZE,1940,3.26295615,,
AZE,1946,,,1.0
AZE,1950,,2885.332,1.0
AZE,1960,5.1882461,3881.546,
AZE,1961,,,1.0
AZE,1970,6.46022578,5168.973,
AZE,1973,,,1.0
AZE,1975,,,1.0
AZE,1980,8.975879,6173.361,
AZE,1990,10.5511716,7199.838,2.0
AZE,1991,,,4.0
AZE,1993,,,1.0
AZE,1995,,,1.0
AZE,1996,,,1.0
AZE,1999,,,1.0
AZE,2000,10.6294463,7809.0,
AZE,2006,,,1.0
AZE,2010,10.802649,,
BDI,1800,,899.097,
BDI,1820,,899.097,
BDI,1850,,1410.00506,
BDI,1860,,1496.92651,
BDI,1870,,1589.20633,
BDI,1880,,1704.02119,
BDI,1890,,1827.13104,
BDI,1900,,1737.80285,
BDI,1910,,1603.6782,
BDI,1920,,1540.67349,
BDI,1930,,1788.01448,
BDI,1940,,2054.71023,
BDI,1950,,2456.0,
BDI,1960,0.698669,2940.0,
BDI,1970,0.70934288,3521.913,
BDI,1980,0.9695169,4299.555,
BDI,1990,1.0535036,5505.113,
BDI,2000,1.9689712,6621.126,
BDI,2010,2.330975,,
BEL,1500,,1400.0,
BEL,1600,,1600.0,
BEL,1650,,1500.0,
BEL,1700,,2000.0,
BEL,1750,,2250.0,
BEL,1800,,3250.0,
BEL,1816,,,2.0
BEL,1820,,3434.0,
BEL,1830,,3750.0,
BEL,1834,,,1.0
BEL,1840,,4080.0,
BEL,1850,3.6507179,4449.0,
BEL,1860,4.0634492,4740.0,
BEL,1870,4.27,5096.0,
BEL,1880,4.79,5541.0,
BEL,1890,5.17,6096.0,
BEL,1900,5.17,6719.0,
BEL,1910,5.33,7498.0,
BEL,1920,5.57,7552.0,
BEL,1930,5.89,8076.0,
BEL,1940,6.16,8346.0,
BEL,1950,6.56,8639.369,
BEL,1960,7.26,9118.7,
BEL,1965,,,3.0
BEL,1968,,,2.0
BEL,1969,,,3.0
BEL,1970,7.91,9637.8,
BEL,1980,8.98,9846.8,
BEL,1990,9.94,9969.31,
BEL,1991,,,1.0
BEL,2000,10.73,10263.618,
BEL,2003,,,1.0
BEL,2007,,,2.0
BEL,2010,11.29,,
BEN,1800,,636.559,
BEN,1820,,636.559,
BEN,1850,,791.15047,
BEN,1860,,821.89956,
BEN,1870,0.07,889.65518,
BEN,1880,0.1,967.81733,
BEN,1890,0.13,1026.92345,
BEN,1900,0.16,1079.44045,
BEN,1910,0.19,1169.57953,
BEN,1920,0.22,1257.75666,
BEN,1930,0.25,1459.67795,
BEN,1940,0.29,1677.39984,
BEN,1950,0.33,2005.0,
BEN,1960,0.42,2316.0,
BEN,1970,0.56,2619.809,
BEN,1980,0.98,3458.0,
BEN,1990,1.82,4705.0,
BEN,2000,2.33,6619.0,
BEN,2010,2.89,,
BFA,1800,,1665.421,
BFA,1820,,1665.421,
BFA,1850,,1851.68653,
BFA,1860,,1889.05535,
BFA,1870,,1927.1783,
BFA,1880,,2005.66791,
BFA,1890,,2087.35422,
BFA,1900,,2194.10179,
BFA,1910,,2447.75715,
BFA,1920,,2650.77977,
BFA,1930,,3016.25533,
BFA,1940,,3398.39008,
BFA,1950,,3983.0,
BFA,1960,0.0545301,4563.0,
BFA,1970,0.09972965,5303.777,
BFA,1980,0.2178806,6318.0,
BFA,1990,0.426172,8361.0,
BFA,2000,0.8840623,11588.0,
BFA,2010,1.428267,,
BGD,1600,,12918.659,
BGD,1700,,15789.473,
BGD,1820,,20000.0,
BGD,1870,0.08,24721.0,
BGD,1880,0.11,,
BGD,1890,0.15,,
BGD,1900,0.29,,
BGD,1910,0.37,31786.0,
BGD,1920,0.51,,
BGD,1930,0.7,34427.0,
BGD,1940,0.9299999,41966.0,
BGD,1950,1.12,45645.964,
BGD,1960,1.23,54593.0,
BGD,1970,1.7,67331.0,
BGD,1980,2.26,87937.0,
BGD,1990,3.16,111437.0,
BGD,2000,4.42,136681.0,
BGD,2010,4.69,,
BGR,1500,,800.0,
BGR,1600,,1250.0,
BGR,1700,,1250.0,
BGR,1800,,2250.0,
BGR,1820,,2187.0,
BGR,1850,,2500.0,
BGR,1870,1.65,2586.0,
BGR,1880,1.91,,
BGR,1888,,,1.0
BGR,1890,2.22,3445.0,
BGR,1900,2.72,4000.0,
BGR,1904,,,1.0
BGR,1910,3.04,4520.0,
BGR,1917,,,1.0
BGR,1920,3.56,5072.0,1.0
BGR,1930,4.16,6027.0,
BGR,1940,5.05,6666.0,
BGR,1945,,,2.0
BGR,1950,5.77,7250.5,
BGR,1953,,,1.0
BGR,1960,7.35,7867.374,
BGR,1962,,,1.0
BGR,1963,,,1.0
BGR,1964,,,1.0
BGR,1970,8.059999,8489.574,
BGR,1971,,,1.0
BGR,1972,,,1.0
BGR,1975,,,1.0
BGR,1980,8.99,8843.528,
BGR,1990,9.6,8894.028,1.0
BGR,1991,,,2.0
BGR,1995,,,7.0
BGR,2000,10.62,7818.495,
BGR,2001,,,1.0
BGR,2010,11.28,,
BHR,1800,,64.474,
BHR,1820,,64.474,
BHR,1870,,64.474,
BHR,1910,,81.882,
BHR,1920,,120.0,
BHR,1930,,120.0,
BHR,1940,,120.0,
BHR,1950,,114.84,
BHR,1959,,,1.0
BHR,1960,,156.648,
BHR,1970,,219.543,
BHR,1980,,347.568,1.0
BHR,1981,,,1.0
BHR,1986,,,1.0
BHR,1990,,500.476,
BHR,2000,,634.137,
BHR,2001,,,1.0
BHR,2002,,,2.0
BHR,2005,,,1.0
BHR,2008,,,1.0
BHS,1800,,27.35,
BHS,1820,,27.35,
BHS,1850,,28.0,
BHS,1860,,35.0,
BHS,1870,,39.0,
BHS,1880,,44.0,
BHS,1890,,48.0,
BHS,1900,,54.0,
BHS,1910,,56.0,
BHS,1920,,53.0,
BHS,1930,,60.0,
BHS,1940,,69.0,
BHS,1950,,70.498,
BHS,1960,,112.234,
BHS,1970,,170.323,
BHS,1980,,209.944,
BHS,1990,,257.253,
BHS,2000,,290.075,
BIH,1800,,851.806,
BIH,1820,,851.806,
BIH,1870,,1158.0,
BIH,1880,,1360.0,
BIH,1890,,1568.0,
BIH,1910,,1972.0,
BIH,1949,,,1.0
BIH,1950,,2662.0,
BIH,1960,,3240.0,
BIH,1970,,3703.0,
BIH,1975,,,1.0
BIH,1976,,,1.0
BIH,1977,,,1.0
BIH,1980,,4092.0,
BIH,1990,,4423.646,
BIH,1992,,,2.0
BIH,1997,,,1.0
BIH,2000,,4035.457,1.0
BLR,1800,,2355.081,
BLR,1820,,2355.081,
BLR,1913,,,1.0
BLR,1921,,,1.0
BLR,1940,3.19043852,,
BLR,1945,,,1.0
BLR,1950,,7722.155,
BLR,1960,4.7443183,8167.918,
BLR,1961,,,1.0
BLR,1970,6.34929858,9027.198,
BLR,1978,,,1.0
BLR,1980,8.2826225,9643.706,
BLR,1990,9.5336044,10215.208,
BLR,1992,,,2.0
BLR,1993,,,2.0
BLR,1994,,,2.0
BLR,2000,9.8596467,10366.719,
BLR,2010,10.204856,,
BLZ,1800,,25.526,
BLZ,1820,,25.526,
BLZ,1860,,26.0,
BLZ,1870,,25.0,
BLZ,1880,,27.0,
BLZ,1890,,31.0,
BLZ,1900,,37.0,
BLZ,1910,,40.0,
BLZ,1920,,45.0,
BLZ,1930,,51.0,
BLZ,1940,,59.0,
BLZ,1950,,65.797,
BLZ,1960,,91.863,
BLZ,1970,,122.07,
BLZ,1980,,144.416,
BLZ,1990,,190.847,
BLZ,2000,,247.887,
BOL,1500,,900.0,
BOL,1550,,803.0,
BOL,1552,,,1.0
BOL,1600,,670.0,
BOL,1621,,,1.0
BOL,1650,,591.0,
BOL,1700,,534.0,
BOL,1750,,562.0,
BOL,1800,,887.0,
BOL,1820,,1100.0,
BOL,1850,,1374.0,
BOL,1870,,1495.0,
BOL,1880,0.5502904,1098.0,
BOL,1890,0.7481182,,
BOL,1900,1.2476228,1696.0,
BOL,1910,1.76890787,1837.0,
BOL,1920,2.4163638,2136.0,
BOL,1930,2.73618881,2397.0,
BOL,1940,2.88332163,2690.0,
BOL,1950,3.2740049,2766.028,
BOL,1960,3.5680863,3434.073,
BOL,1970,4.38665358,4346.218,
BOL,1980,5.5114647,5441.298,
BOL,1990,7.0391945,6573.9,
BOL,2000,7.6871754,8195.0,
BOL,2010,8.267766,,
BRA,1500,,1000.0,
BRA,1600,,800.0,
BRA,1700,,1250.0,
BRA,1750,,1500.0,
BRA,1800,,2500.0,
BRA,1820,,4507.0,
BRA,1850,,7234.0,
BRA,1870,0.46,9797.0,
BRA,1880,0.55,11794.0,
BRA,1890,0.64,14199.0,
BRA,1900,0.742,17984.0,
BRA,1910,0.868,22216.0,
BRA,1920,1.04,27404.0,
BRA,1930,1.27,33568.0,
BRA,1940,1.648,41114.0,
BRA,1950,2.354,53443.075,
BRA,1960,3.08,71694.81,
BRA,1970,3.77,95684.297,
BRA,1980,4.68,123020.0,
BRA,1990,6.64,151170.0,
BRA,2000,7.54,176320.0,
BRA,2010,8.139999,,
BRB,1800,,81.729,
BRB,1820,,81.729,
BRB,1850,,136.0,
BRB,1860,,153.0,
BRB,1870,,162.0,
BRB,1880,4.3482951,172.0,
BRB,1890,4.7987754,183.0,
BRB,1900,5.1584472,196.0,
BRB,1910,5.31234615,172.0,
BRB,1920,5.6335236,157.0,
BRB,1930,5.52973351,174.0,
BRB,1940,5.58488759,194.0,
BRB,1950,5.8509776,210.666,
BRB,1960,6.513,232.339,
BRB,1970,7.53617669,238.756,
BRB,1980,8.1102687,251.966,
BRB,1990,8.947,262.0,
BRB,2000,9.17398,274.0,
BRB,2010,9.675,,
BRN,1910,,22.0,
BRN,1920,,26.0,
BRN,1930,,30.0,
BRN,1940,,41.0,
BRN,1950,,44.983,
BRN,1960,,83.037,
BRN,1970,,127.554,
BRN,1980,,185.22,
BRN,1990,,253.0,
BRN,2000,,325.0,
BTN,1800,,392.287,
BTN,1820,,392.287,
BTN,1910,,250.0,
BTN,1920,,250.0,
BTN,1930,,250.0,
BTN,1940,,250.0,
BTN,1950,,164.0,
BTN,1960,,212.0,
BTN,1970,,309.0,
BTN,1980,,446.0,
BTN,1990,,615.0,
BTN,2000,,606.0,
BWA,1800,,121.0,
BWA,1850,,100.04607,
BWA,1860,,110.62368,
BWA,1870,,122.31962,
BWA,1880,,135.25216,
BWA,1890,,149.55201,
BWA,1900,,165.36375,
BWA,1910,,194.66337,
BWA,1920,0.3693933,227.03828,
BWA,1930,0.50693249,279.52938,
BWA,1940,0.75122931,341.36184,
BWA,1950,0.9438344,412.827,
BWA,1960,1.3295,528.827,
BWA,1970,2.165,583.999,
BWA,1980,3.146,900.476,
BWA,1990,7.0835,1265.0,
BWA,2000,9.112,1680.0,
BWA,2010,9.889,,
CAF,1800,,479.444,
CAF,1820,,479.444,
CAF,1850,,930.8465,
CAF,1860,,935.80185,
CAF,1870,,954.11173,
CAF,1880,,987.32434,
CAF,1890,,1021.92101,
CAF,1900,,976.53583,
CAF,1910,,919.50062,
CAF,1920,,874.49777,
CAF,1930,,995.06892,
CAF,1940,,1121.13597,
CAF,1950,,1314.0,
CAF,1960,0.5016139,1530.0,
CAF,1970,0.7256456,1839.245,
CAF,1980,1.4170121,2349.0,
CAF,1990,2.0789008,3085.0,
CAF,2000,2.7183842,3940.0,
CAF,2010,3.058095,,
CAN,1500,,250.0,
CAN,1600,,250.0,
CAN,1663,,,1.0
CAN,1700,,200.0,
CAN,1750,,300.0,
CAN,1785,,,1.0
CAN,1789,,,1.0
CAN,1800,,500.0,
CAN,1802,,,1.0
CAN,1818,,,2.0
CAN,1820,,816.0,
CAN,1821,,,1.0
CAN,1827,,,1.0
CAN,1830,,1169.0,
CAN,1838,,,1.0
CAN,1839,,,1.0
CAN,1840,,1697.0,
CAN,1841,,,1.0
CAN,1843,,,1.0
CAN,1848,,,1.0
CAN,1850,,2485.0,
CAN,1853,,,1.0
CAN,1857,,,1.0
CAN,1860,,3369.0,
CAN,1870,5.71,3781.0,
CAN,1871,,,1.0
CAN,1873,,,2.0
CAN,1876,,,2.0
CAN,1877,,,1.0
CAN,1878,,,2.0
CAN,1880,6.2,4384.0,
CAN,1887,,,2.0
CAN,1890,6.68,4918.0,1.0
CAN,1899,,,1.0
CAN,1900,7.1,5457.0,1.0
CAN,1906,,,1.0
CAN,1907,,,2.0
CAN,1908,,,1.0
CAN,1909,,,1.0
CAN,1910,7.63,7188.0,2.0
CAN,1911,,,2.0
CAN,1920,8.04,8798.0,
CAN,1925,,,2.0
CAN,1930,8.48,10488.0,
CAN,1940,8.83,11688.0,
CAN,1948,,,1.0
CAN,1950,9.15,14011.422,
CAN,1954,,,1.0
CAN,1957,,,1.0
CAN,1959,,,1.0
CAN,1960,9.54,18266.765,1.0
CAN,1963,,,3.0
CAN,1964,,,2.0
CAN,1965,,,3.0
CAN,1966,,,2.0
CAN,1967,,,1.0
CAN,1968,,,1.0
CAN,1969,,,8.0
CAN,1970,9.9,21749.986,4.0
CAN,1971,,,1.0
CAN,1974,,,4.0
CAN,1976,,,1.0
CAN,1980,11.21,24593.3,
CAN,1981,,,1.0
CAN,1990,12.2,27790.6,1.0
CAN,1995,,,1.0
CAN,2000,12.84,31100.0,
CAN,2002,,,1.0
CAN,2008,,,1.0
CAN,2010,13.08,,
CHE,1500,,650.0,
CHE,1537,,,1.0
CHE,1559,,,1.0
CHE,1600,,1000.0,
CHE,1650,,1000.0,
CHE,1700,,1200.0,
CHE,1750,,1500.0,
CHE,1800,,1750.0,
CHE,1820,,1986.0,
CHE,1830,,2100.0,
CHE,1833,,,1.0
CHE,1834,,,1.0
CHE,1840,,2220.0,
CHE,1850,,2379.0,
CHE,1855,,,1.0
CHE,1860,,2510.0,
CHE,1870,6.07,2655.0,
CHE,1872,,,1.0
CHE,1880,6.59,2839.0,
CHE,1889,,,1.0
CHE,1890,6.91,2951.0,1.0
CHE,1900,7.29,3300.0,
CHE,1909,,,1.0
CHE,1910,7.55,3735.0,
CHE,1920,7.71,3877.0,
CHE,1930,8.3,4051.0,
CHE,1940,8.83,4226.0,
CHE,1950,9.4,4694.0,
CHE,1960,10.03,5362.0,
CHE,1970,11.19,6267.0,
CHE,1980,12.13,6385.229,
CHE,1990,12.76,6836.626,
CHE,2000,12.62,7266.92,
CHE,2010,12.71,,
CHL,1500,,600.0,
CHL,1550,,700.0,
CHL,1600,,600.0,
CHL,1621,,,1.0
CHL,1650,,600.0,
CHL,1685,,,1.0
CHL,1700,,600.0,
CHL,1738,,,1.0
CHL,1750,,700.0,
CHL,1800,,771.447,
CHL,1820,,771.447,
CHL,1830,,965.173,
CHL,1840,,1180.761,
CHL,1842,,,1.0
CHL,1849,,,1.0
CHL,1850,,1409.885,
CHL,1860,,1660.659,
CHL,1870,0.9400001,1944.569,
CHL,1880,1.045,2264.042,
CHL,1890,1.57,2607.769,
CHL,1900,1.73,2958.986,
CHL,1910,2.04,3317.166,
CHL,1920,2.89,3722.598,
CHL,1930,3.89,4265.756,
CHL,1940,4.75,5056.404,
CHL,1947,,,1.0
CHL,1948,,,1.0
CHL,1950,5.2,6090.833,
CHL,1960,5.75,7585.349,
CHL,1961,,,1.0
CHL,1970,6.45,9368.558,
CHL,1980,7.8,11093.718,
CHL,1981,,,7.0
CHL,1984,,,1.0
CHL,1990,8.96,13129.0,
CHL,1993,,,1.0
CHL,2000,9.950001,15156.0,
CHL,2010,10.36,,
CHN,1500,,103000.0,
CHN,1600,,160000.0,
CHN,1650,,140000.0,
CHN,1700,,138000.0,
CHN,1750,,225000.0,
CHN,1800,,330000.0,
CHN,1810,,345717.0,
CHN,1820,,381000.0,
CHN,1830,,409000.0,
CHN,1840,,412000.0,
CHN,1850,0.7989281,412000.0,
CHN,1860,0.8046896,377000.0,
CHN,1870,1.01,358000.0,
CHN,1880,1.06,368000.0,
CHN,1890,1.11,380000.0,
CHN,1893,,,1.0
CHN,1895,,,1.0
CHN,1896,,,2.0
CHN,1897,,,1.0
CHN,1898,,,1.0
CHN,1900,1.16,400000.0,
CHN,1901,,,1.0
CHN,1902,,,1.0
CHN,1905,,,2.0
CHN,1907,,,2.0
CHN,1909,,,1.0
CHN,1910,1.21,423000.0,
CHN,1911,,,1.0
CHN,1919,,,1.0
CHN,1920,1.26,472000.0,1.0
CHN,1921,,,1.0
CHN,1924,,,2.0
CHN,1928,,,1.0
CHN,1929,,,1.0
CHN,1930,1.31,489000.0,
CHN,1931,,,1.0
CHN,1938,,,1.0
CHN,1940,1.46,518770.0,1.0
CHN,1946,,,1.0
CHN,1949,,,2.0
CHN,1950,1.688357,546815.0,1.0
CHN,1951,,,1.0
CHN,1952,,,2.0
CHN,1953,,,1.0
CHN,1956,,,1.0
CHN,1958,,,1.0
CHN,1960,2.464643,667070.0,
CHN,1970,3.52334,818315.0,
CHN,1980,4.628614,981861.0,
CHN,1990,5.602205,1135185.0,
CHN,2000,6.882662,1262645.0,1.0
CHN,2010,7.688022,,
CIV,1800,,1088.53,
CIV,1820,,1088.53,
CIV,1850,,1033.8285,
CIV,1860,,1108.51917,
CIV,1870,0.04,1176.85515,
CIV,1880,0.05,1261.87902,
CIV,1890,0.06,1326.41168,
CIV,1900,0.08,1422.2405,
CIV,1910,0.09,1480.16514,
CIV,1920,0.1,1571.41168,
CIV,1930,0.12,1823.68741,
CIV,1940,0.14,2095.70404,
CIV,1950,0.16,2505.0,
CIV,1960,0.28,3557.0,
CIV,1970,0.59,5579.0,
CIV,1980,1.51,8593.0,
CIV,1990,2.52,12491.0,
CIV,2000,3.22,16885.0,
CIV,2010,3.78,,
CMR,1800,,1860.054,
CMR,1820,,1860.054,
CMR,1850,,2767.54652,
CMR,1860,,2900.75968,
CMR,1870,0.02,3050.8399,
CMR,1880,0.03,3241.372,
CMR,1890,0.04,3444.45243,
CMR,1900,0.05,3312.92256,
CMR,1910,0.05,3040.69239,
CMR,1920,0.05,2912.17207,
CMR,1930,0.06,3323.2121,
CMR,1940,0.26,3777.10532,
CMR,1950,0.61,4466.0,
CMR,1960,1.37,5408.0,
CMR,1962,,,1.0
CMR,1970,1.88,6726.733,
CMR,1977,,,1.0
CMR,1980,3.05,8762.0,
CMR,1982,,,1.0
CMR,1990,4.1,11884.0,
CMR,1992,,,1.0
CMR,1993,,,1.0
CMR,2000,4.66,15343.0,
CMR,2008,,,1.0
CMR,2010,5.1,,
CMR,2011,,,1.0
COD,1800,,5163.819,
COD,1820,,5163.819,
COD,1850,,8222.55796,
COD,1860,,8269.61118,
COD,1870,,8810.81396,
COD,1880,,9507.90247,
COD,1890,,9949.9454,
COD,1900,,9449.63651,
COD,1910,,8546.08187,
COD,1920,,8055.65988,
COD,1930,,9186.08122,
COD,1940,,10372.59952,
COD,1943,,,1.0
COD,1950,0.6287486,12184.0,
COD,1954,,,1.0
COD,1955,,,1.0
COD,1960,0.8107492,15451.0,
COD,1963,,,1.0
COD,1970,1.177,21780.955,
COD,1972,,,1.0
COD,1980,1.964,29013.0,
COD,1990,3.1417327,39047.0,
COD,1993,,,2.0
COD,2000,3.477992,51849.0,
COD,2004,,,6.0
COD,2007,,,2.0
COD,2010,3.592044,,1.0
COG,1800,,314.465,
COG,1820,,314.465,
COG,1850,,507.65326,
COG,1860,,507.65326,
COG,1870,,538.94815,
COG,1880,,583.64975,
COG,1890,,625.8165,
COG,1900,,595.22042,
COG,1910,,538.30667,
COG,1920,,506.86652,
COG,1930,,588.23929,
COG,1940,,675.97959,
COG,1950,0.843,808.0,
COG,1960,1.171,1003.0,
COG,1970,2.104,1272.408,
COG,1971,,,1.0
COG,1980,4.067,1674.005,
COG,1990,5.2775,2266.0,
COG,2000,5.6816421,3104.0,
COG,2002,,,1.0
COG,2010,5.845395,,
COL,1500,,1000.0,
COL,1550,,900.0,
COL,1580,,,1.0
COL,1600,,800.0,
COL,1650,,800.0,
COL,1694,,,1.0
COL,1700,,800.0,
COL,1704,,,1.0
COL,1744,,,1.0
COL,1750,,807.0,
COL,1800,,1206.0,
COL,1803,,,1.0
COL,1820,,1206.0,
COL,1827,,,2.0
COL,1830,,1686.0,
COL,1840,,1932.0,
COL,1850,,2065.0,
COL,1860,,2694.0,
COL,1867,,,1.0
COL,1870,,2392.0,
COL,1880,0.8981011,,
COL,1890,1.0247776,3369.0,
COL,1900,1.29137,3998.0,
COL,1905,,,1.0
COL,1910,1.61471919,4890.0,
COL,1920,2.3151684,6213.0,
COL,1930,2.79874022,7914.0,
COL,1940,3.18231602,9174.0,
COL,1941,,,1.0
COL,1943,,,1.0
COL,1945,,,2.0
COL,1948,,,2.0
COL,1950,3.3897189,11591.658,
COL,1953,,,1.0
COL,1955,,,1.0
COL,1958,,,3.0
COL,1960,3.7928321,15952.727,2.0
COL,1962,,,2.0
COL,1969,,,1.0
COL,1970,4.35730824,21429.658,1.0
COL,1971,,,2.0
COL,1972,,,1.0
COL,1973,,,1.0
COL,1974,,,1.0
COL,1977,,,2.0
COL,1980,4.9059498,26631.0,
COL,1981,,,1.0
COL,1982,,,1.0
COL,1983,,,1.0
COL,1988,,,1.0
COL,1990,5.9841674,32957.0,
COL,2000,6.956415,39817.0,
COL,2005,,,1.0
COL,2010,7.604042,,
COM,1500,,10.0,
COM,1600,,20.0,
COM,1700,,30.0,
COM,1750,,40.0,
COM,1800,,56.346,
COM,1820,,56.346,
COM,1850,,60.0,
COM,1900,,80.0,
COM,1920,,120.0,
COM,1950,,148.057,
COM,1960,,182.899,
COM,1970,,236.252,
COM,1980,,333.513,
COM,1990,,429.01,
COM,2000,,579.0,
CPV,1550,,10.0,
CPV,1700,,20.0,
CPV,1800,,55.716,
CPV,1820,,55.716,
CPV,1910,,144.0,
CPV,1920,,127.0,
CPV,1930,,146.0,
CPV,1940,,182.0,
CPV,1950,,146.403,
CPV,1960,,196.768,
CPV,1970,,268.867,
CPV,1980,,296.042,
CPV,1990,,349.264,
CPV,2000,,402.0,
CRI,1700,,19.0,
CRI,1750,,24.0,
CRI,1800,,53.0,
CRI,1820,,63.0,
CRI,1830,,78.0,
CRI,1840,,94.0,
CRI,1850,,101.0,
CRI,1860,,120.0,
CRI,1870,0.9,137.0,
CRI,1880,1.21,182.0,
CRI,1890,1.52,243.0,
CRI,1900,1.69,297.0,
CRI,1910,2.01,363.0,
CRI,1920,2.13,420.0,
CRI,1930,2.38,500.0,
CRI,1940,2.81,620.0,1.0
CRI,1950,3.24,866.982,
CRI,1960,3.67,1248.022,
CRI,1970,3.99,1735.523,
CRI,1971,,,1.0
CRI,1973,,,1.0
CRI,1980,4.93,2299.124,
CRI,1990,6.0,3027.175,
CRI,2000,6.89,3710.558,
CRI,2010,7.5,,
CUB,1650,,30.0,
CUB,1721,,,1.0
CUB,1728,,,1.0
CUB,1750,,172.0,
CUB,1800,,272.0,
CUB,1810,,572.0,
CUB,1820,,605.0,
CUB,1830,,1008.0,
CUB,1840,,1008.0,
CUB,1850,,1186.0,
CUB,1860,,1397.0,
CUB,1870,0.83,1331.0,
CUB,1880,0.94,1522.0,
CUB,1890,1.04,1632.0,
CUB,1900,1.22,1658.0,
CUB,1910,1.51,2219.0,
CUB,1920,2.08,2997.0,
CUB,1930,2.65,3837.0,
CUB,1940,3.18,4566.0,
CUB,1947,,,1.0
CUB,1950,3.53,5784.797,
CUB,1952,,,1.0
CUB,1960,3.88,7027.21,
CUB,1967,,,1.0
CUB,1970,4.36,8542.746,
CUB,1972,,,2.0
CUB,1976,,,1.0
CUB,1978,,,2.0
CUB,1980,5.7,9652.975,
CUB,1990,7.56,10513.0,
CUB,2000,8.95,11106.0,
CUB,2010,10.28,,
CYP,1600,,180.0,
CYP,1800,,184.392,
CYP,1880,,186.0,
CYP,1890,0.4410402,209.0,
CYP,1900,0.5431457,237.0,
CYP,1910,1.02126244,274.0,
CYP,1920,1.8430291,311.0,
CYP,1930,2.85660246,348.0,
CYP,1940,3.55573353,450.0,
CYP,1950,4.3012582,494.0,
CYP,1960,5.2553024,573.0,
CYP,1965,,,1.0
CYP,1970,5.92929197,614.6,
CYP,1980,6.6717251,611.0,1.0
CYP,1982,,,1.0
CYP,1989,,,1.0
CYP,1990,7.5239203,681.349,
CYP,1994,,,1.0
CYP,2000,8.4567311,758.363,
CYP,2002,,,1.0
CYP,2010,9.324705,,
CZE,1556,,,1.0
CZE,1570,,,1.0
CZE,1800,,5516.349,
CZE,1820,,5516.349,
CZE,1919,,,1.0
CZE,1945,,,1.0
CZE,1946,,,1.0
CZE,1947,,,1.0
CZE,1950,8.1423941,8925.122,1.0
CZE,1952,,,2.0
CZE,1953,,,1.0
CZE,1960,,9659.818,
CZE,1970,9.45873641,9795.226,
CZE,1980,9.8831587,10288.726,
CZE,1990,,10309.514,
CZE,1991,,,4.0
CZE,1994,,,1.0
CZE,2000,10.7533012,10270.128,
CZE,2010,11.246932,,
DEU,1500,,12000.0,
DEU,1502,,,1.0
DEU,1527,,,1.0
DEU,1553,,,1.0
DEU,1557,,,1.0
DEU,1575,,,1.0
DEU,1600,,16000.0,
DEU,1607,,,1.0
DEU,1614,,,1.0
DEU,1620,,,1.0
DEU,1622,,,1.0
DEU,1629,,,1.0
DEU,1633,,,1.0
DEU,1648,,,1.0
DEU,1650,,11000.0,
DEU,1652,,,1.0
DEU,1654,,,1.0
DEU,1693,,,1.0
DEU,1700,,15000.0,
DEU,1732,,,1.0
DEU,1733,,,1.0
DEU,1742,,,1.0
DEU,1750,,15000.0,
DEU,1760,,,1.0
DEU,1771,,,1.0
DEU,1777,,,1.0
DEU,1781,,,1.0
DEU,1800,,18000.0,
DEU,1803,,,1.0
DEU,1810,,,1.0
DEU,1818,,,1.0
DEU,1820,,24905.0,
DEU,1826,,,1.0
DEU,1830,,28045.0,
DEU,1840,,31126.0,
DEU,1850,,33746.0,
DEU,1860,,36049.0,
DEU,1870,5.44,39231.0,
DEU,1880,5.7,43500.0,
DEU,1890,6.1,47607.0,
DEU,1900,6.47,54388.0,
DEU,1910,6.99,62884.0,
DEU,1914,,,1.0
DEU,1919,,,1.0
DEU,1920,7.45,60894.0,
DEU,1930,7.73,65084.0,
DEU,1940,8.25,69835.0,
DEU,1946,,,2.0
DEU,1947,,,1.0
DEU,1948,,,3.0
DEU,1950,8.530001,68374.572,
DEU,1953,,,1.0
DEU,1960,9.68,72480.869,
DEU,1962,,,3.0
DEU,1963,,,1.0
DEU,1965,,,1.0
DEU,1966,,,1.0
DEU,1967,,,3.0
DEU,1969,,,1.0
DEU,1970,11.06,77783.164,3.0
DEU,1971,,,2.0
DEU,1972,,,8.0
DEU,1973,,,5.0
DEU,1974,,,1.0
DEU,1978,,,2.0
DEU,1980,12.35,78297.904,1.0
DEU,1985,,,1.0
DEU,1986,,,1.0
DEU,1989,,,1.0
DEU,1990,13.05,79380.394,1.0
DEU,1991,,,3.0
DEU,1993,,,1.0
DEU,1994,,,1.0
DEU,2000,12.89,82187.909,
DEU,2010,12.98,,
DJI,1800,,22.848,
DJI,1820,,22.848,
DJI,1850,,40.41427,
DJI,1860,,40.41427,
DJI,1870,,40.41427,
DJI,1880,,40.82024,
DJI,1890,,41.23028,
DJI,1900,,42.48403,
DJI,1910,,43.77589,
DJI,1920,,44.65933,
DJI,1930,,49.33168,
DJI,1940,,53.42337,
DJI,1950,,62.0,
DJI,1960,,85.0,
DJI,1970,,158.034,
DJI,1980,,279.149,
DJI,1990,,366.088,
DJI,2000,,430.822,
DMA,1800,,19.95,
DMA,1820,,19.95,
DMA,1840,,22.0,
DMA,1860,,25.0,
DMA,1870,,27.0,
DMA,1880,,28.0,
DMA,1890,,27.0,
DMA,1900,,29.0,
DMA,1910,,34.0,
DMA,1920,,37.0,
DMA,1930,,43.0,
DMA,1940,,48.0,
DMA,1950,,51.423,
DMA,1960,,60.256,
DMA,1970,,70.764,
DMA,1980,,74.0,
DMA,1990,,70.0,
DMA,2000,,71.0,
DNK,1500,,600.0,
DNK,1600,,650.0,
DNK,1700,,700.0,
DNK,1800,,1000.0,
DNK,1820,,1155.0,
DNK,1830,,1273.0,
DNK,1840,,1357.0,
DNK,1850,,1499.0,
DNK,1860,,1696.0,
DNK,1870,4.69,1888.0,
DNK,1880,4.94,2081.0,
DNK,1890,5.25,2294.0,
DNK,1900,5.61,2561.0,
DNK,1910,5.96,2882.0,
DNK,1920,6.33,3242.0,
DNK,1930,6.62,3542.0,
DNK,1934,,,1.0
DNK,1940,6.93,3832.0,
DNK,1950,7.61,4271.0,
DNK,1960,8.85,4581.0,
DNK,1966,,,1.0
DNK,1970,9.84,4928.757,
DNK,1972,,,1.0
DNK,1974,,,1.0
DNK,1980,10.81,5123.027,
DNK,1990,11.4,5140.954,
DNK,2000,12.02,5337.416,
DNK,2010,12.07,,
DOM,1538,,,1.0
DOM,1558,,,1.0
DOM,1650,,70.0,
DOM,1700,,100.0,
DOM,1750,,130.0,
DOM,1800,,150.0,
DOM,1820,,89.0,
DOM,1850,,146.0,
DOM,1870,0.49,242.0,
DOM,1880,0.65,,
DOM,1890,0.8,,
DOM,1900,0.96,515.0,
DOM,1910,1.11,688.0,
DOM,1920,1.26,879.0,
DOM,1930,1.43,1256.0,
DOM,1940,1.6,1674.0,
DOM,1950,1.99,2352.968,
DOM,1960,2.55,3231.488,
DOM,1970,3.66,4422.755,
DOM,1980,4.13,5696.855,
DOM,1990,5.05,7083.0,
DOM,2000,5.95,8410.0,
DOM,2010,6.66,,
DZA,1500,,1500.0,
DZA,1600,,2250.0,
DZA,1700,,1750.0,
DZA,1800,,2500.0,
DZA,1820,,2689.0,
DZA,1850,,2838.45251,
DZA,1860,,3138.55459,
DZA,1870,0.4,3470.38567,
DZA,1880,0.44,3837.30037,
DZA,1890,0.48,4243.00799,
DZA,1900,0.5,4675.31098,
DZA,1910,0.62,5495.16573,
DZA,1920,0.72,5779.43747,
DZA,1930,0.79,6452.56838,
DZA,1940,0.87,7689.04317,
DZA,1950,1.06,8925.443,
DZA,1960,1.23,10784.0,
DZA,1970,1.76,13931.846,
DZA,1980,3.24,18806.061,
DZA,1990,5.02,25089.0,
DZA,2000,6.45,30429.0,
DZA,2010,7.3,,
ECU,1500,,600.0,
ECU,1550,,550.0,
ECU,1586,,,1.0
ECU,1600,,500.0,
ECU,1650,,500.0,
ECU,1681,,,1.0
ECU,1696,,,1.0
ECU,1700,,500.0,
ECU,1750,,500.0,
ECU,1800,,500.0,
ECU,1820,,500.0,
ECU,1850,,816.0,
ECU,1870,,1013.0,
ECU,1880,1.3738556,,
ECU,1890,1.5443758,,
ECU,1900,1.7093099,1400.0,
ECU,1910,1.86937304,1617.0,
ECU,1920,2.0141072,1790.0,
ECU,1930,2.24533804,1944.0,
ECU,1940,2.71498115,2466.0,
ECU,1950,3.4160758,3369.955,
ECU,1960,4.2944609,4415.956,
ECU,1970,5.15108219,5939.246,
ECU,1980,6.2153987,7920.499,
ECU,1990,7.1403095,10318.036,
ECU,2000,8.0093027,12446.0,
ECU,2010,8.579207,,
EGY,1500,,4000.0,
EGY,1600,,5000.0,
EGY,1700,,4500.0,
EGY,1800,,3500.0,
EGY,1820,,4194.0,
EGY,1840,,4476.0,
EGY,1850,,5683.84583,
EGY,1860,,6284.78382,
EGY,1870,0.15,6949.25739,
EGY,1880,0.17,7683.984,
EGY,1890,0.23,8799.25388,
EGY,1900,0.3,10176.30571,
EGY,1910,0.42,11698.5117,
EGY,1920,0.45,13139.46451,
EGY,1930,0.74,14679.84882,
EGY,1940,0.95,16812.18146,
EGY,1950,1.47,21834.0,
EGY,1960,1.61,27840.0,
EGY,1970,1.76,33574.026,
EGY,1980,3.07,42634.215,
EGY,1990,5.15,56683.0,
EGY,2000,6.83,70512.0,
EGY,2010,7.72,,
ERI,1800,,205.01,
ERI,1820,,205.01,
ERI,1850,,700.66323,
ERI,1860,,700.66323,
ERI,1870,,700.66323,
ERI,1880,,707.70147,
ERI,1890,,714.81042,
ERI,1900,,721.99078,
ERI,1910,,774.15221,
ERI,1920,,821.87574,
ERI,1930,,907.86213,
ERI,1940,,983.16231,
ERI,1950,,1141.0,
ERI,1960,,1424.0,
ERI,1970,,2160.46,
ERI,1980,,2568.741,
ERI,1990,,3138.0,
ERI,2000,,4197.0,
ESP,1500,,6800.0,
ESP,1505,,,1.0
ESP,1516,,,1.0
ESP,1521,,,1.0
ESP,1526,,,1.0
ESP,1531,,,1.0
ESP,1534,,,1.0
ESP,1540,,,1.0
ESP,1542,,,1.0
ESP,1547,,,1.0
ESP,1548,,,1.0
ESP,1550,,,1.0
ESP,1551,,,1.0
ESP,1552,,,1.0
ESP,1555,,,1.0
ESP,1565,,,1.0
ESP,1574,,,2.0
ESP,1576,,,1.0
ESP,1587,,,2.0
ESP,1599,,,1.0
ESP,1600,,8240.0,
ESP,1614,,,1.0
ESP,1619,,,1.0
ESP,1650,,7500.0,
ESP,1700,,8770.0,
ESP,1701,,,1.0
ESP,1714,,,1.0
ESP,1750,,9500.0,
ESP,1800,,11500.0,
ESP,1820,,12203.0,
ESP,1830,,13041.0,
ESP,1836,,,1.0
ESP,1840,,13937.0,
ESP,1850,,14894.0,
ESP,1860,,15642.0,
ESP,1870,1.506,16201.0,
ESP,1880,2.04,16859.0,
ESP,1886,,,1.0
ESP,1890,2.634,17757.0,
ESP,1900,3.12,18566.0,
ESP,1904,,,1.0
ESP,1910,3.468,19858.0,
ESP,1915,,,1.0
ESP,1920,3.686,21232.0,
ESP,1930,3.77,23445.0,
ESP,1940,4.57,25757.0,1.0
ESP,1945,,,1.0
ESP,1950,4.91,28062.963,
ESP,1960,5.56,30641.187,1.0
ESP,1962,,,1.0
ESP,1963,,,1.0
ESP,1968,,,3.0
ESP,1970,6.41,33876.479,
ESP,1971,,,5.0
ESP,1972,,,1.0
ESP,1973,,,1.0
ESP,1977,,,1.0
ESP,1978,,,2.0
ESP,1979,,,3.0
ESP,1980,7.34,37488.36,
ESP,1982,,,1.0
ESP,1987,,,1.0
ESP,1989,,,3.0
ESP,1990,8.45,39350.769,1.0
ESP,1991,,,2.0
ESP,1992,,,2.0
ESP,1993,,,2.0
ESP,1994,,,1.0
ESP,1995,,,2.0
ESP,2000,9.5,40016.081,
ESP,2010,10.26,,
EST,1632,,,1.0
EST,1800,,334.136,
EST,1820,,334.136,
EST,1910,,986.0,
EST,1920,,1115.0,
EST,1930,,1124.0,
EST,1940,,1122.0,
EST,1950,,1095.61,
EST,1951,,,1.0
EST,1960,5.9414826,1210.647,
EST,1970,6.72443014,1363.183,
EST,1980,8.5989029,1482.196,
EST,1990,9.7762957,1569.322,
EST,1991,,,1.0
EST,2000,11.2606097,1379.835,
EST,2010,11.455636,,
ETH,1850,,18434.0,
ETH,1860,,18434.0,
ETH,1870,,18434.0,
ETH,1880,,18434.0,
ETH,1890,,18434.0,
ETH,1900,,18434.0,
ETH,1910,,18434.0,
ETH,1920,,18434.0,
ETH,1930,,18434.0,
ETH,1940,,18434.0,
ETH,1950,,18434.0,
ETH,1960,,22942.0,
ETH,1970,,29468.504,
ETH,1980,,36036.0,
ETH,1990,,48397.0,
ETH,2000,,64165.0,
FIN,1500,,300.0,
FIN,1600,,400.0,
FIN,1640,,,1.0
FIN,1700,,400.0,
FIN,1800,,800.0,
FIN,1820,,1169.0,
FIN,1830,,1364.0,
FIN,1840,,1441.0,
FIN,1850,,1628.0,
FIN,1860,,1738.0,
FIN,1870,1.45,1754.0,
FIN,1880,1.53,2047.0,
FIN,1890,1.62,2364.0,
FIN,1900,1.73,2646.0,
FIN,1910,2.0,2929.0,
FIN,1917,,,1.0
FIN,1920,2.71,3133.0,1.0
FIN,1930,3.64,3449.0,
FIN,1940,4.96,3698.0,
FIN,1950,5.98,4008.9,1.0
FIN,1958,,,1.0
FIN,1960,6.95,4429.6,
FIN,1966,,,3.0
FIN,1970,7.64,4606.307,
FIN,1972,,,1.0
FIN,1977,,,1.0
FIN,1980,9.45,4779.535,
FIN,1982,,,1.0
FIN,1983,,,1.0
FIN,1984,,,2.0
FIN,1987,,,1.0
FIN,1990,10.58,4986.431,
FIN,1993,,,1.0
FIN,2000,11.47,5168.595,
FIN,2010,12.03,,
FJI,1700,,118.803,
FJI,1800,,130.533,
FJI,1840,,140.0,
FJI,1850,,137.0,
FJI,1880,,127.0,
FJI,1890,,121.0,
FJI,1900,,120.0,
FJI,1910,,140.0,
FJI,1920,,157.0,
FJI,1930,,198.0,
FJI,1940,,260.0,
FJI,1950,3.6174177,287.348,
FJI,1960,3.9616321,393.348,
FJI,1970,5.03109475,521.0,
FJI,1980,6.2452277,634.506,
FJI,1990,7.1885136,738.09,
FJI,2000,7.8113511,833.0,
FJI,2010,8.247792,,
FRA,1500,,15000.0,
FRA,1539,,,1.0
FRA,1548,,,1.0
FRA,1559,,,2.0
FRA,1572,,,1.0
FRA,1583,,,1.0
FRA,1596,,,1.0
FRA,1598,,,1.0
FRA,1599,,,1.0
FRA,1600,,18500.0,
FRA,1601,,,1.0
FRA,1603,,,1.0
FRA,1617,,,1.0
FRA,1621,,,1.0
FRA,1650,,21000.0,
FRA,1685,,,1.0
FRA,1691,,,1.0
FRA,1700,,21471.0,
FRA,1722,,,2.0
FRA,1735,,,1.0
FRA,1750,,24000.0,
FRA,1765,,,1.0
FRA,1768,,,1.0
FRA,1800,,29000.0,
FRA,1805,,,1.0
FRA,1808,,,2.0
FRA,1817,,,1.0
FRA,1820,,31250.0,
FRA,1830,,33300.0,
FRA,1840,,34900.0,
FRA,1850,,36350.0,
FRA,1860,,37300.0,
FRA,1870,4.119,38440.0,
FRA,1875,,,4.0
FRA,1877,,,1.0
FRA,1880,4.94,39045.0,
FRA,1890,5.794,40014.0,
FRA,1900,6.31,40598.0,
FRA,1910,6.99,41224.0,
FRA,1920,7.53,39000.0,
FRA,1930,7.72,41610.0,
FRA,1940,8.0,41000.0,
FRA,1950,8.12,42518.0,
FRA,1960,8.45,46584.0,
FRA,1964,,,1.0
FRA,1965,,,1.0
FRA,1968,,,1.0
FRA,1970,10.01,51918.0,52.0
FRA,1971,,,1.0
FRA,1972,,,2.0
FRA,1973,,,3.0
FRA,1975,,,2.0
FRA,1976,,,3.0
FRA,1978,,,2.0
FRA,1979,,,2.0
FRA,1980,11.06,55110.0,
FRA,1984,,,1.0
FRA,1990,11.47,58168.0,
FRA,1991,,,1.0
FRA,2000,11.84,61137.0,
FRA,2009,,,1.0
FRA,2010,12.46,,
FRA,2012,,,1.0
FSM,1800,,16.416,
FSM,1820,,16.416,
FSM,1950,,30.715,
FSM,1960,,41.777,
FSM,1970,,56.822,
FSM,1980,,77.08,
FSM,1990,,108.6,
FSM,2000,,107.754,
GAB,1800,,158.227,
GAB,1820,,158.227,
GAB,1850,,297.39972,
GAB,1860,,315.73329,
GAB,1870,,335.19704,
GAB,1880,,359.41391,
GAB,1890,,385.38037,
GAB,1900,,366.53917,
GAB,1910,,331.49146,
GAB,1920,,312.13048,
GAB,1930,,355.16539,
GAB,1940,,400.16192,
GAB,1950,,469.0,
GAB,1960,1.9009795,486.0,
GAB,1970,2.31500641,514.597,
GAB,1980,3.5758158,713.502,
GAB,1990,4.4564144,938.0,
GAB,2000,4.9114849,1236.0,
GAB,2010,5.703749,,
GBR,1500,,3942.0,
GBR,1582,,,1.0
GBR,1593,,,1.0
GBR,1600,,6170.0,
GBR,1650,,5800.0,
GBR,1700,,8565.0,
GBR,1750,,7250.0,
GBR,1796,,,1.0
GBR,1800,,10750.0,
GBR,1810,,11970.0,
GBR,1820,1.761306,21239.0,
GBR,1822,,,1.0
GBR,1830,1.925571,24139.0,
GBR,1832,,,1.0
GBR,1836,,,1.0
GBR,1840,2.229292,26745.0,
GBR,1845,,,1.0
GBR,1850,2.6413835,27181.0,
GBR,1851,,,1.0
GBR,1860,3.1484756,28888.0,
GBR,1870,3.59,31400.0,
GBR,1872,,,1.0
GBR,1880,4.37,34623.0,
GBR,1881,,,2.0
GBR,1883,,,2.0
GBR,1884,,,1.0
GBR,1890,4.84,37485.0,
GBR,1900,5.33,41155.0,1.0
GBR,1904,,,1.0
GBR,1905,,,1.0
GBR,1909,,,1.0
GBR,1910,5.86,44916.0,
GBR,1920,6.31,46821.0,1.0
GBR,1926,,,1.0
GBR,1930,6.7,45866.0,
GBR,1940,7.2,48226.0,
GBR,1948,,,1.0
GBR,1950,7.74,50127.0,
GBR,1957,,,1.0
GBR,1960,8.92,52372.0,
GBR,1961,,,2.0
GBR,1962,,,1.0
GBR,1963,,,2.0
GBR,1964,,,6.0
GBR,1966,,,6.0
GBR,1967,,,3.0
GBR,1969,,,1.0
GBR,1970,10.15,55632.0,
GBR,1980,11.44,56314.0,
GBR,1982,,,1.0
GBR,1983,,,2.0
GBR,1990,12.24,57493.307,1.0
GBR,1992,,,19.0
GBR,1993,,,2.0
GBR,2000,13.07,59522.468,
GBR,2010,13.3,,
GEO,1800,,1072.178,
GEO,1820,,1072.178,
GEO,1918,,,1.0
GEO,1923,,,1.0
GEO,1940,3.67784597,,
GEO,1950,,3515.602,
GEO,1960,5.9202523,4146.57,
GEO,1970,7.35140867,4694.491,
GEO,1980,9.4135792,5045.697,
GEO,1990,10.5147985,5426.207,1.0
GEO,1991,,,1.0
GEO,1992,,,1.0
GEO,2000,10.6714971,4777.209,
GEO,2010,10.901894,,
GHA,1800,,2016.034,
GHA,1820,,2016.034,
GHA,1850,,1981.04729,
GHA,1860,,2093.09781,
GHA,1870,0.04,2211.64554,
GHA,1880,0.05,2365.90052,
GHA,1890,0.06,2564.87552,
GHA,1900,0.07,2799.90661,
GHA,1910,0.12,3056.57905,
GHA,1920,0.18,3288.98661,
GHA,1930,0.3,3817.00323,
GHA,1940,0.42,4386.33783,
GHA,1950,1.18,5243.0,
GHA,1960,1.93,7126.0,
GHA,1970,3.4,8788.945,
GHA,1980,4.37,11017.0,
GHA,1990,4.85,15414.0,
GHA,2000,5.29,19736.0,
GHA,2010,5.61,,
GIN,1800,,983.959,
GIN,1820,,983.959,
GIN,1850,,1028.67494,
GIN,1860,,1081.28151,
GIN,1870,,1147.9384,
GIN,1880,,1230.87313,
GIN,1890,,1319.79961,
GIN,1900,,1387.29433,
GIN,1910,,1487.52173,
GIN,1920,,1610.90021,
GIN,1930,,1906.68157,
GIN,1940,,2191.0774,
GIN,1950,,2619.0,
GIN,1960,0.2066208,3118.0,
GIN,1970,0.73537211,3643.0,
GIN,1980,1.2960095,4447.0,
GIN,1990,1.8789007,6118.0,
GIN,2000,2.3094723,8350.0,
GIN,2010,3.347129,,
GMB,1800,,103.274,
GMB,1820,,103.274,
GMB,1850,,112.06692,
GMB,1860,,118.97541,
GMB,1870,,126.3098,
GMB,1880,,138.1493,
GMB,1890,,151.09857,
GMB,1900,,162.01494,
GMB,1910,,173.71998,
GMB,1920,0.1767844,184.42916,
GMB,1930,0.17965917,214.03756,
GMB,1940,0.18767268,245.96287,
GMB,1950,0.294594,294.0,
GMB,1960,0.485,360.0,
GMB,1970,0.5975,484.58,
GMB,1980,1.0075,670.523,
GMB,1990,1.9118352,949.255,
GMB,2000,2.6985,1367.884,
GMB,2010,3.5975,,
GNB,1800,,218.167,
GNB,1820,,218.167,
GNB,1850,,210.50797,
GNB,1860,,216.90915,
GNB,1870,,225.74337,
GNB,1880,,242.05257,
GNB,1890,,259.54006,
GNB,1900,,278.29097,
GNB,1910,,298.39656,
GNB,1920,,316.79158,
GNB,1930,,367.64956,
GNB,1940,,422.48724,
GNB,1950,,505.0,
GNB,1960,,554.0,
GNB,1970,,620.02,
GNB,1980,,789.053,
GNB,1990,,995.991,
GNB,2000,,1279.0,
GNQ,1800,,80.377,
GNQ,1820,,80.377,
GNQ,1850,,108.34228,
GNQ,1860,,115.02116,
GNQ,1870,,122.11178,
GNQ,1880,,130.93395,
GNQ,1890,,140.39349,
GNQ,1900,,133.52967,
GNQ,1910,,120.76184,
GNQ,1920,,113.70867,
GNQ,1930,,129.38622,
GNQ,1940,,145.77839,
GNQ,1950,,226.0,
GNQ,1960,,252.0,
GNQ,1970,,270.435,
GNQ,1980,,256.009,
GNQ,1990,,371.0,
GNQ,2000,,491.0,
GRC,1500,,1000.0,
GRC,1600,,1500.0,
GRC,1700,,1500.0,
GRC,1800,,2250.0,
GRC,1820,,2312.0,
GRC,1823,,,1.0
GRC,1830,,2534.0,
GRC,1836,,,1.0
GRC,1837,,,1.0
GRC,1840,,2777.0,
GRC,1850,,3044.0,
GRC,1860,,3336.0,
GRC,1870,1.41,3657.0,
GRC,1880,1.76,4049.0,
GRC,1890,2.07,4482.0,
GRC,1900,2.37,4962.0,
GRC,1910,2.71,5320.0,
GRC,1920,3.07,5700.0,
GRC,1925,,,1.0
GRC,1930,3.9,6351.0,
GRC,1940,4.53,7280.0,
GRC,1950,5.12,7566.028,
GRC,1960,5.91,8327.405,
GRC,1964,,,1.0
GRC,1970,6.72,8792.806,1.0
GRC,1973,,,2.0
GRC,1977,,,1.0
GRC,1980,7.45,9642.505,
GRC,1984,,,3.0
GRC,1989,,,3.0
GRC,1990,8.6,10129.603,
GRC,2000,9.87,10559.11,
GRC,2010,10.7,,
GRD,1800,,29.409,
GRD,1820,,29.409,
GRD,1850,,33.0,
GRD,1860,,32.0,
GRD,1870,,38.0,
GRD,1880,,42.0,
GRD,1890,,53.0,
GRD,1900,,63.0,
GRD,1910,,67.0,
GRD,1920,,66.0,
GRD,1930,,79.0,
GRD,1940,,90.0,
GRD,1950,,75.806,
GRD,1960,,90.148,
GRD,1970,,95.41,
GRD,1980,,90.164,
GRD,1990,,92.36,
GRD,2000,,89.312,
GTM,1676,,,1.0
GTM,1750,,315.0,
GTM,1820,,595.0,
GTM,1840,,706.0,
GTM,1850,,850.0,
GTM,1870,0.51,1080.0,
GTM,1880,0.67,1225.0,
GTM,1890,0.83,1364.0,
GTM,1900,0.97,1300.0,
GTM,1910,1.09,1441.0,
GTM,1920,1.14,1597.0,
GTM,1930,1.2,1771.0,
GTM,1940,1.42,2200.0,
GTM,1950,1.68,2968.976,
GTM,1960,1.84,4100.0,
GTM,1961,,,1.0
GTM,1966,,,2.0
GTM,1970,2.0,5264.0,
GTM,1971,,,1.0
GTM,1980,2.8,6650.0,
GTM,1990,4.01,8966.0,
GTM,1995,,,1.0
GTM,1997,,,1.0
GTM,1998,,,1.0
GTM,1999,,,1.0
GTM,2000,4.92,11085.0,1.0
GTM,2006,,,1.0
GTM,2009,,,1.0
GTM,2010,5.5,,
GUY,1800,,166.034,
GUY,1820,,166.034,
GUY,1840,,98.0,
GUY,1850,,128.0,
GUY,1860,0.2796968,148.0,
GUY,1870,0.4383367,193.0,
GUY,1880,0.9242193,252.0,
GUY,1890,1.5002483,278.0,
GUY,1900,2.1539727,306.0,
GUY,1910,2.6961526,304.0,
GUY,1920,3.1786621,304.0,
GUY,1930,3.54804705,311.0,
GUY,1940,3.88123049,347.0,
GUY,1950,4.4124763,427.971,
GUY,1960,5.0705171,571.083,
GUY,1970,5.63379766,714.811,
GUY,1980,6.5769379,759.352,
GUY,1990,7.3999388,750.903,
GUY,2000,8.3129628,755.171,
GUY,2010,8.941138,,
HND,1750,,96.0,
HND,1800,,130.0,
HND,1820,,135.0,
HND,1847,,,1.0
HND,1850,,350.0,
HND,1870,0.64,404.0,
HND,1880,0.85,307.0,
HND,1890,1.05,399.0,
HND,1900,1.25,500.0,
HND,1910,1.46,619.0,
HND,1920,1.51,720.0,
HND,1930,1.58,950.0,
HND,1940,1.57,1150.0,
HND,1950,1.67,1431.447,
HND,1960,1.9,1951.64,
HND,1970,3.5,2760.666,
HND,1978,,,2.0
HND,1980,4.23,3401.94,
HND,1986,,,1.0
HND,1987,,,1.0
HND,1990,4.83,4792.271,
HND,2000,5.43,6347.658,
HND,2010,5.79,,
HRV,1800,,1227.886,
HRV,1820,,1227.886,
HRV,1869,,,1.0
HRV,1950,,3837.297,
HRV,1960,,4036.145,
HRV,1970,,4205.389,
HRV,1973,,,1.0
HRV,1974,,,1.0
HRV,1975,,,1.0
HRV,1980,,4383.0,
HRV,1990,,4508.347,
HRV,2000,,4410.83,
HRV,2002,,,1.0
HRV,2003,,,1.0
HRV,2006,,,1.0
HTI,1650,,30.0,
HTI,1700,,50.0,
HTI,1750,,190.0,
HTI,1800,,500.0,
HTI,1820,,723.0,
HTI,1850,,938.0,
HTI,1870,,1150.0,
HTI,1900,,1560.0,
HTI,1910,,1809.0,
HTI,1920,,2124.0,
HTI,1930,0.92595063,2422.0,
HTI,1940,0.8750689,2751.0,
HTI,1950,0.9125027,3097.22,
HTI,1960,1.1053733,3679.0,
HTI,1970,1.40794499,4541.0,
HTI,1980,1.9615936,5200.0,
HTI,1990,3.0229535,6289.0,
HTI,2000,3.453717,7639.0,
HTI,2010,4.230034,,
HUN,1500,,1250.0,
HUN,1600,,1250.0,
HUN,1650,,1250.0,
HUN,1700,,1500.0,
HUN,1750,,2000.0,
HUN,1777,,,1.0
HUN,1800,,3250.0,
HUN,1820,,4146.0,
HUN,1850,,5161.0,
HUN,1870,2.578,5917.0,
HUN,1871,,,1.0
HUN,1872,,,1.0
HUN,1880,2.966,,
HUN,1890,3.59,6622.0,
HUN,1900,4.05,7127.0,
HUN,1910,4.59,7644.0,
HUN,1912,,,2.0
HUN,1920,4.798,7950.0,1.0
HUN,1921,,,1.0
HUN,1930,5.11,8649.0,
HUN,1940,5.54,9287.0,
HUN,1949,,,2.0
HUN,1950,6.11,9338.0,
HUN,1951,,,2.0
HUN,1952,,,1.0
HUN,1953,,,1.0
HUN,1960,6.92,9983.512,
HUN,1962,,,1.0
HUN,1970,7.9,10337.004,2.0
HUN,1971,,,1.0
HUN,1980,9.01,10711.122,
HUN,1990,9.87,10371.878,1.0
HUN,1993,,,1.0
HUN,1996,,,1.0
HUN,2000,10.75,10137.449,2.0
HUN,2002,,,2.0
HUN,2010,11.19,,
IDN,1945,,,1.0
IDN,1949,,,1.0
IDN,1950,,,2.0
IDN,1952,,,5.0
IDN,1954,,,2.0
IDN,1955,,,2.0
IDN,1956,,,2.0
IDN,1957,,,4.0
IDN,1959,,,2.0
IDN,1960,,,2.0
IDN,1961,,,1.0
IDN,1962,,,8.0
IDN,1963,,,9.0
IDN,1964,,,7.0
IDN,1965,,,4.0
IDN,1967,,,1.0
IDN,1968,,,1.0
IDN,1969,,,1.0
IDN,1972,,,1.0
IDN,1976,,,2.0
IDN,1977,,,1.0
IDN,1978,,,1.0
IDN,1979,,,4.0
IDN,1980,,,1.0
IDN,1981,,,4.0
IDN,1982,,,5.0
IDN,1983,,,7.0
IDN,1984,,,2.0
IDN,1985,,,6.0
IDN,1986,,,1.0
IDN,1987,,,6.0
IDN,1988,,,1.0
IDN,1989,,,1.0
IDN,1990,,,1.0
IDN,1993,,,1.0
IDN,1994,,,1.0
IDN,1997,,,3.0
IDN,1999,,,2.0
IDN,2000,,,3.0
IDN,2001,,,2.0
IDN,2003,,,1.0
IDN,2004,,,1.0
IDN,2005,,,1.0
IDN,2006,,,2.0
IDN,2007,,,1.0
IDN,2008,,,1.0
IDN,2013,,,1.0
IND,1500,,110000.0,
IND,1600,,135000.0,
IND,1700,,165000.0,
IND,1794,,,1.0
IND,1820,,209000.013,
IND,1830,,217576.584,
IND,1840,,226505.104,
IND,1850,,235800.01786,
IND,1857,,,4.0
IND,1860,,244248.66115,
IND,1870,0.08,253000.01676,
IND,1880,0.11,257200.0,
IND,1882,,,1.0
IND,1887,,,1.0
IND,1890,0.15,279626.0,
IND,1900,0.29,284500.0,
IND,1910,0.37,302100.0,
IND,1916,,,1.0
IND,1920,0.51,305600.0,1.0
IND,1923,,,1.0
IND,1930,0.7,336400.0,
IND,1937,,,1.0
IND,1940,0.9299999,386800.0,
IND,1943,,,1.0
IND,1946,,,1.0
IND,1947,,,2.0
IND,1948,,,1.0
IND,1949,,,4.0
IND,1950,1.16,359000.0,1.0
IND,1951,,,1.0
IND,1952,,,1.0
IND,1954,,,1.0
IND,1955,,,3.0
IND,1956,,,2.0
IND,1957,,,3.0
IND,1958,,,3.0
IND,1960,1.46,434000.0,5.0
IND,1961,,,1.0
IND,1962,,,9.0
IND,1964,,,7.0
IND,1965,,,5.0
IND,1967,,,2.0
IND,1968,,,6.0
IND,1969,,,3.0
IND,1970,2.01,541000.0,4.0
IND,1971,,,2.0
IND,1972,,,5.0
IND,1973,,,3.0
IND,1974,,,5.0
IND,1975,,,3.0
IND,1976,,,3.0
IND,1978,,,2.0
IND,1980,2.69,679000.0,4.0
IND,1981,,,4.0
IND,1982,,,4.0
IND,1983,,,5.0
IND,1984,,,2.0
IND,1985,,,5.0
IND,1986,,,4.0
IND,1987,,,7.0
IND,1989,,,1.0
IND,1990,3.33,839000.0,2.0
IND,1991,,,2.0
IND,1992,,,4.0
IND,1993,,,5.0
IND,1994,,,6.0
IND,1995,,,8.0
IND,1996,,,2.0
IND,1997,,,5.0
IND,1998,,,7.0
IND,1999,,,5.0
IND,2000,4.51,1004124.0,4.0
IND,2001,,,3.0
IND,2002,,,4.0
IND,2003,,,7.0
IND,2004,,,20.0
IND,2005,,,13.0
IND,2006,,,12.0
IND,2007,,,11.0
IND,2008,,,23.0
IND,2009,,,20.0
IND,2010,4.84,,11.0
IND,2011,,,4.0
IND,2012,,,1.0
IRL,1500,,800.0,
IRL,1592,,,1.0
IRL,1600,,1000.0,
IRL,1650,,1750.0,
IRL,1700,,1925.0,
IRL,1750,,3000.0,
IRL,1800,,5250.0,
IRL,1820,,7101.0,
IRL,1830,,7827.0,
IRL,1840,,8349.0,
IRL,1845,,,2.0
IRL,1850,,6878.0,
IRL,1854,,,1.0
IRL,1860,,5821.0,
IRL,1870,2.65,5419.0,
IRL,1880,3.31,5203.0,
IRL,1890,3.89,4718.0,
IRL,1900,4.53,4469.0,
IRL,1910,5.08,4385.0,
IRL,1920,5.88,4361.0,
IRL,1930,6.59,2927.0,
IRL,1940,6.82,2958.0,
IRL,1950,7.13,2963.018,
IRL,1957,,,1.0
IRL,1960,7.71,2832.0,
IRL,1968,,,1.0
IRL,1970,8.389999,2950.1,2.0
IRL,1971,,,1.0
IRL,1977,,,1.0
IRL,1978,,,1.0
IRL,1980,8.79,3401.0,
IRL,1989,,,2.0
IRL,1990,9.52,3508.2,
IRL,1992,,,2.0
IRL,2000,10.15,3791.69,
IRL,2010,10.69,,
IRN,1500,,4000.0,
IRN,1600,,5000.0,
IRN,1700,,5000.0,
IRN,1800,,6000.0,
IRN,1820,,6560.0,
IRN,1850,,7500.0,
IRN,1870,0.29,8415.0,
IRN,1880,0.3,,
IRN,1890,0.31,9000.0,
IRN,1900,0.32,10000.0,
IRN,1910,0.34,10994.0,
IRN,1919,,,1.0
IRN,1920,0.35,9000.0,
IRN,1928,,,2.0
IRN,1929,,,1.0
IRN,1930,0.35,12590.0,
IRN,1934,,,2.0
IRN,1939,,,1.0
IRN,1940,0.37,15000.0,
IRN,1946,,,5.0
IRN,1947,,,1.0
IRN,1949,,,6.0
IRN,1950,0.49,16357.0,
IRN,1955,,,1.0
IRN,1958,,,1.0
IRN,1959,,,2.0
IRN,1960,0.73,21548.0,
IRN,1965,,,2.0
IRN,1966,,,1.0
IRN,1970,1.36,28854.0,
IRN,1972,,,1.0
IRN,1973,,,1.0
IRN,1974,,,3.0
IRN,1975,,,1.0
IRN,1977,,,1.0
IRN,1979,,,3.0
IRN,1980,2.47,39422.0,1.0
IRN,1982,,,2.0
IRN,1984,,,3.0
IRN,1985,,,7.0
IRN,1986,,,2.0
IRN,1987,,,1.0
IRN,1989,,,2.0
IRN,1990,3.87,56669.0,
IRN,1991,,,2.0
IRN,1992,,,2.0
IRN,1995,,,2.0
IRN,2000,5.52,63273.0,
IRN,2001,,,1.0
IRN,2002,,,1.0
IRN,2007,,,2.0
IRN,2008,,,1.0
IRN,2010,6.25,,
IRQ,1500,,1000.0,
IRQ,1600,,1250.0,
IRQ,1700,,1000.0,
IRQ,1800,,1000.0,
IRQ,1820,,1093.0,
IRQ,1850,,1250.0,
IRQ,1860,,1290.0,
IRQ,1870,0.1,1580.0,
IRQ,1880,0.12,,
IRQ,1890,0.14,1726.0,
IRQ,1900,0.15,2250.0,
IRQ,1910,0.17,2613.0,
IRQ,1920,0.19,3161.0,
IRQ,1930,0.2,3605.0,
IRQ,1940,0.23,3700.0,
IRQ,1950,0.38,5163.443,
IRQ,1957,,,1.0
IRQ,1960,0.76,6822.03,
IRQ,1963,,,1.0
IRQ,1964,,,1.0
IRQ,1967,,,1.0
IRQ,1968,,,2.0
IRQ,1970,1.4,9413.671,
IRQ,1975,,,1.0
IRQ,1980,2.86,13232.839,
IRQ,1987,,,4.0
IRQ,1988,,,1.0
IRQ,1989,,,1.0
IRQ,1990,5.02,18134.702,
IRQ,1991,,,1.0
IRQ,1992,,,1.0
IRQ,1996,,,2.0
IRQ,1999,,,1.0
IRQ,2000,6.2,22675.617,1.0
IRQ,2002,,,1.0
IRQ,2003,,,3.0
IRQ,2005,,,1.0
IRQ,2006,,,2.0
IRQ,2007,,,3.0
IRQ,2008,,,1.0
IRQ,2009,,,1.0
IRQ,2010,6.78,,
IRQ,2012,,,1.0
ISL,1750,,46.0,
ISL,1800,,61.428,
ISL,1820,,61.428,
ISL,1840,,57.0,
ISL,1850,,59.0,
ISL,1860,,67.0,
ISL,1870,,70.0,
ISL,1880,,72.0,
ISL,1890,,71.0,
ISL,1900,,78.0,
ISL,1910,,88.0,
ISL,1911,,,1.0
ISL,1920,3.2723718,98.0,
ISL,1930,3.27645535,109.0,
ISL,1940,3.90572019,121.0,
ISL,1950,4.8980555,142.938,
ISL,1960,5.79,175.86,
ISL,1970,6.8347716,204.104,
ISL,1971,,,1.0
ISL,1980,8.2313113,228.161,
ISL,1987,,,1.0
ISL,1989,,,1.0
ISL,1990,9.4422342,254.719,
ISL,2000,10.6013169,281.043,
ISL,2010,11.388436,,
ISR,1800,,209.954,
ISR,1850,,209.954,
ISR,1860,,227.862,
ISR,1870,,272.23,
ISR,1880,,282.159,
ISR,1890,,318.717,
ISR,1900,,362.22,
ISR,1910,,415.745,
ISR,1912,,,1.0
ISR,1920,1.1599627,455.836,
ISR,1925,,,1.0
ISR,1930,2.08710139,588.805,
ISR,1934,,,1.0
ISR,1940,3.7995088,889.866,
ISR,1950,6.84,1286.131,
ISR,1955,,,1.0
ISR,1956,,,1.0
ISR,1960,7.123,2141.495,
ISR,1963,,,1.0
ISR,1969,,,1.0
ISR,1970,7.955,2903.434,
ISR,1974,,,1.0
ISR,1980,9.381,3737.473,
ISR,1982,,,1.0
ISR,1990,9.959,4478.0,
ISR,2000,10.495,6115.0,
ISR,2010,10.716,,
ITA,1500,,10500.0,
ITA,1540,,,1.0
ITA,1556,,,3.0
ITA,1560,,,1.0
ITA,1562,,,1.0
ITA,1577,,,1.0
ITA,1578,,,1.0
ITA,1585,,,1.0
ITA,1600,,13100.0,
ITA,1617,,,1.0
ITA,1620,,,1.0
ITA,1625,,,1.0
ITA,1650,,11000.0,
ITA,1700,,13300.0,
ITA,1727,,,1.0
ITA,1748,,,1.0
ITA,1750,,15000.0,
ITA,1772,,,1.0
ITA,1800,,19000.0,
ITA,1820,,20176.0,
ITA,1830,,21513.0,
ITA,1840,,22939.0,
ITA,1850,,24460.0,
ITA,1860,,26081.0,
ITA,1870,0.84,27888.0,
ITA,1880,1.33,29534.0,
ITA,1890,1.86,31702.0,
ITA,1900,2.38,33672.0,
ITA,1908,,,1.0
ITA,1910,2.84,36572.0,
ITA,1920,3.36,37398.0,1.0
ITA,1923,,,1.0
ITA,1924,,,2.0
ITA,1930,3.94,40791.0,
ITA,1940,4.38,44341.0,
ITA,1950,4.97,47105.0,
ITA,1959,,,1.0
ITA,1960,5.52,50197.6,
ITA,1967,,,1.0
ITA,1968,,,1.0
ITA,1970,6.6,53661.1,
ITA,1977,,,1.0
ITA,1978,,,1.0
ITA,1979,,,2.0
ITA,1980,7.84,56451.247,
ITA,1981,,,1.0
ITA,1982,,,8.0
ITA,1987,,,1.0
ITA,1990,9.09,56742.886,2.0
ITA,1991,,,3.0
ITA,1992,,,1.0
ITA,1993,,,1.0
ITA,2000,10.28,57719.337,
ITA,2010,10.95,,
JAM,1700,,50.0,
JAM,1750,,170.0,
JAM,1800,,300.0,
JAM,1820,,401.0,
JAM,1840,,377.0,
JAM,1850,,399.0,
JAM,1860,,441.0,
JAM,1870,0.507,499.0,
JAM,1880,0.699,581.0,
JAM,1890,1.192,639.0,
JAM,1900,1.657,720.0,
JAM,1910,2.241,808.0,
JAM,1920,2.503,855.0,
JAM,1930,2.562,1009.0,
JAM,1940,2.901,1212.0,
JAM,1950,3.131,1384.55,
JAM,1960,4.82,1631.784,
JAM,1970,5.81,1943.787,
JAM,1980,7.25,2228.803,
JAM,1990,8.11,2347.922,
JAM,2000,8.68,2615.467,
JAM,2010,9.08,,
JOR,1500,,200.0,
JOR,1600,,200.0,
JOR,1700,,200.0,
JOR,1800,,200.0,
JOR,1820,,217.0,
JOR,1850,,300.0,
JOR,1870,,266.0,
JOR,1900,,300.0,
JOR,1910,,348.0,
JOR,1920,,240.0,
JOR,1930,,300.0,
JOR,1940,,300.0,
JOR,1950,1.318969,561.254,
JOR,1960,2.409,848.515,
JOR,1962,,,1.0
JOR,1970,3.433,1502.959,
JOR,1976,,,1.0
JOR,1980,4.578,2162.807,
JOR,1981,,,1.0
JOR,1986,,,1.0
JOR,1989,,,3.0
JOR,1990,6.535,3262.054,
JOR,1991,,,2.0
JOR,1992,,,1.0
JOR,1993,,,1.0
JOR,1994,,,3.0
JOR,1995,,,1.0
JOR,1996,,,1.0
JOR,1997,,,1.0
JOR,1999,,,2.0
JOR,2000,8.021,4998.564,
JOR,2002,,,1.0
JOR,2005,,,4.0
JOR,2008,,,2.0
JOR,2010,9.176653,,
JOR,2011,,,1.0
JPN,1500,,15400.0,
JPN,1600,,18500.0,
JPN,1650,,25000.0,
JPN,1700,,27000.0,
JPN,1750,,29000.0,
JPN,1800,,28000.0,
JPN,1820,,31000.0,
JPN,1830,,31329.812,
JPN,1840,,31663.133,
JPN,1850,,32000.0,
JPN,1860,,33196.14435,
JPN,1870,0.97,34437.0,
JPN,1875,,,1.0
JPN,1877,,,1.0
JPN,1880,1.13,36807.0,
JPN,1890,1.54,40077.0,
JPN,1897,,,1.0
JPN,1900,2.18,44103.0,
JPN,1907,,,1.0
JPN,1908,,,1.0
JPN,1910,2.88,49518.0,
JPN,1911,,,1.0
JPN,1918,,,1.0
JPN,1920,3.86,55818.0,1.0
JPN,1922,,,1.0
JPN,1928,,,1.0
JPN,1929,,,1.0
JPN,1930,4.95,64203.0,
JPN,1931,,,1.0
JPN,1939,,,1.0
JPN,1940,5.83,72967.0,
JPN,1941,,,1.0
JPN,1949,,,54.0
JPN,1950,6.75,83805.0,1.0
JPN,1960,8.63,94091.638,
JPN,1965,,,1.0
JPN,1966,,,1.0
JPN,1970,10.14,104344.973,
JPN,1973,,,2.0
JPN,1974,,,2.0
JPN,1976,,,2.0
JPN,1978,,,2.0
JPN,1980,11.04,116807.309,
JPN,1981,,,2.0
JPN,1988,,,1.0
JPN,1990,11.84,123537.399,1.0
JPN,1991,,,1.0
JPN,1997,,,1.0
JPN,2000,12.69,126179.0,
JPN,2002,,,1.0
JPN,2003,,,1.0
JPN,2005,,,1.0
JPN,2010,13.15,,
KAZ,1800,,2041.282,
KAZ,1820,,2041.282,
KAZ,1940,3.02124521,,
KAZ,1950,,6693.23,
KAZ,1960,,9982.014,
KAZ,1970,6.55219711,13106.377,
KAZ,1980,8.7263764,14966.718,
KAZ,1990,9.9735488,16398.131,
KAZ,2000,10.9448308,15032.14,
KAZ,2010,11.74799,,
KEN,1500,,1500.0,
KEN,1700,,2000.0,
KEN,1800,,2574.0,
KEN,1850,,3352.89853,
KEN,1860,,3559.59196,
KEN,1870,0.21,3779.02726,
KEN,1880,0.29,4052.04938,
KEN,1890,0.37,4344.79645,
KEN,1900,0.45,4132.37992,
KEN,1910,0.53,3813.44041,
KEN,1920,0.61,3737.85437,
KEN,1930,0.68,4424.17102,
KEN,1940,0.76,5084.06924,
KEN,1950,1.19,6077.0,
KEN,1960,1.87,8115.0,
KEN,1970,2.82,11247.182,
KEN,1980,4.01,16331.401,
KEN,1990,5.25,23354.0,
KEN,2000,6.08,30508.0,
KEN,2010,6.46,,
KGZ,1800,,530.343,
KGZ,1820,,530.343,
KGZ,1940,2.73560957,,
KGZ,1950,,1738.961,
KGZ,1960,,2171.285,
KGZ,1970,6.40973525,2963.792,
KGZ,1980,8.8106356,3622.728,
KGZ,1990,9.941178,4382.486,
KGZ,2000,10.1688128,4851.054,
KGZ,2010,10.242323,,
KHM,1800,,2090.0,
KHM,1820,,2090.0,
KHM,1870,,2340.0,
KHM,1910,,3070.0,
KHM,1930,,2806.0,
KHM,1940,,3046.0,
KHM,1950,4.636,4471.17,
KHM,1960,4.7212527,5761.223,
KHM,1970,4.87522677,7396.0,
KHM,1980,5.145,6888.0,
KHM,1990,5.371,9345.0,
KHM,2000,5.6289489,12396.0,
KHM,2010,5.894066,,
KIR,1800,,17.876,
KIR,1820,,17.876,
KIR,1950,,33.448,
KIR,1960,,40.732,
KIR,1970,,48.899,
KIR,1980,,57.536,
KIR,1990,,71.341,
KIR,2000,,91.985,
KNA,1810,,17.202,
KNA,1820,,17.202,
KNA,1860,,34.0,
KNA,1870,,40.0,
KNA,1880,,44.0,
KNA,1890,,48.0,
KNA,1900,,46.0,
KNA,1910,,43.0,
KNA,1920,,37.0,
KNA,1930,,36.0,
KNA,1940,,38.0,
KNA,1950,,44.341,
KNA,1960,,51.112,
KNA,1970,,46.116,
KNA,1980,,44.186,
KNA,1990,,42.0,
KNA,2000,,38.819,
KOR,1800,,9395.0,
KOR,1820,,9395.0,
KOR,1850,,9545.0,
KOR,1870,1.11,9753.0,
KOR,1880,1.16,,
KOR,1890,1.21,9848.0,
KOR,1900,1.26,9896.0,
KOR,1910,1.31,10096.0,1.0
KOR,1920,1.46,11804.0,
KOR,1924,,,1.0
KOR,1927,,,1.0
KOR,1930,1.62,13900.0,
KOR,1935,,,1.0
KOR,1939,,,1.0
KOR,1940,2.31,15627.0,
KOR,1945,,,1.0
KOR,1946,,,5.0
KOR,1947,,,3.0
KOR,1948,,,2.0
KOR,1950,3.1,20845.771,
KOR,1951,,,1.0
KOR,1952,,,3.0
KOR,1960,4.3,24784.14,
KOR,1969,,,1.0
KOR,1970,6.24,32241.0,
KOR,1972,,,1.0
KOR,1973,,,1.0
KOR,1979,,,1.0
KOR,1980,8.66,38124.0,
KOR,1984,,,1.0
KOR,1990,10.67,42869.0,
KOR,1991,,,1.0
KOR,1993,,,1.0
KOR,2000,12.12,46839.0,
KOR,2004,,,1.0
KOR,2010,13.0,,
KOR,2012,,,1.0
KWT,1800,,81.28,
KWT,1820,,81.28,
KWT,1870,,81.28,
KWT,1910,,103.226,
KWT,1950,,144.774,
KWT,1960,,292.229,
KWT,1966,,,1.0
KWT,1970,,747.502,
KWT,1980,,1369.769,
KWT,1990,,2142.011,
KWT,2000,,1973.572,1.0
KWT,2002,,,2.0
KWT,2003,,,1.0
KWT,2004,,,1.0
LAO,1500,,400.0,
LAO,1800,,470.0,
LAO,1820,,470.0,
LAO,1870,,755.0,
LAO,1900,,1500.0,
LAO,1910,,1387.0,
LAO,1930,,944.0,
LAO,1940,,1012.0,
LAO,1950,1.2050639,1885.984,
LAO,1960,1.514,2309.365,
LAO,1970,2.008,2844.851,
LAO,1980,2.7998132,3293.159,
LAO,1990,3.661,4210.452,
LAO,2000,4.523,5497.733,
LAO,2010,5.523,,
LBN,1500,,250.0,
LBN,1600,,300.0,
LBN,1700,,300.0,
LBN,1800,,300.0,
LBN,1820,,332.0,
LBN,1870,,476.0,
LBN,1900,,500.0,
LBN,1910,,649.0,
LBN,1930,1.62669558,,
LBN,1940,2.23511136,,
LBN,1950,2.7061179,1364.03,
LBN,1960,3.4925726,1786.235,
LBN,1970,4.78285002,2383.029,
LBN,1980,6.0489746,3087.0,
LBN,1990,7.2256147,3150.0,
LBN,2000,7.9386704,3581.0,
LBN,2010,8.72522,,
LBR,1800,,313.543,
LBR,1820,,313.54,
LBR,1850,,330.07331,
LBR,1860,,346.9533,
LBR,1870,,368.34165,
LBR,1880,,394.95311,
LBR,1890,,423.48715,
LBR,1900,,454.08269,
LBR,1910,,486.88865,
LBR,1920,,516.90348,
LBR,1930,,599.8876,
LBR,1940,,689.36532,
LBR,1950,0.4518384,824.0,
LBR,1960,0.729,1052.0,
LBR,1970,1.14896697,1396.565,
LBR,1980,2.155,1848.979,
LBR,1990,2.929,2116.666,
LBR,2000,3.485,2695.0,
LBR,2010,5.576,,
LBY,1850,,267.87017,
LBY,1860,,296.19138,
LBY,1870,,327.50691,
LBY,1880,,362.13335,
LBY,1890,,414.69416,
LBY,1900,,479.59231,
LBY,1910,,551.33134,
LBY,1920,,619.24104,
LBY,1930,,691.83679,
LBY,1940,,792.33007,
LBY,1950,0.4305,1029.0,
LBY,1960,0.6776186,1349.0,
LBY,1970,1.52269031,1999.162,
LBY,1980,3.284,3065.365,
LBY,1990,5.093,4139.825,
LBY,2000,6.627,5115.45,
LBY,2010,8.074,,
LCA,1810,,24.0,
LCA,1850,,24.0,
LCA,1860,,27.0,
LCA,1870,,32.0,
LCA,1880,,39.0,
LCA,1890,,42.0,
LCA,1900,,50.0,
LCA,1910,,49.0,
LCA,1920,,52.0,
LCA,1930,,60.0,
LCA,1940,,70.0,
LCA,1950,,79.05,
LCA,1960,,87.687,
LCA,1970,,102.704,
LCA,1980,,122.477,
LCA,1990,,138.0,
LCA,2000,,153.0,
LIE,1800,,5.802,
LIE,1820,,5.802,
LIE,1910,,11.0,
LIE,1920,,12.0,
LIE,1930,,12.0,
LIE,1950,,13.5,
LIE,1960,,16.426,
LIE,1970,,21.103,
LIE,1980,,25.074,
LIE,1990,,28.796,
LIE,2000,,32.204,
LKA,1500,,1000.0,
LKA,1600,,1250.0,
LKA,1700,,1500.0,
LKA,1800,,1750.0,
LKA,1820,,1213.0,
LKA,1850,,2217.0,
LKA,1860,0.2581514,1893.0,
LKA,1870,0.2618034,2786.0,
LKA,1880,0.3922519,3021.0,
LKA,1890,0.6162717,3343.0,
LKA,1900,0.9000343,3912.0,
LKA,1910,1.22372727,4668.0,
LKA,1920,1.6382303,5250.0,
LKA,1930,2.01300385,5707.0,
LKA,1940,2.57512293,6134.0,
LKA,1950,3.1102047,7533.097,
LKA,1960,3.6815,9913.0,
LKA,1970,5.615,12619.0,
LKA,1980,5.516,15056.0,
LKA,1990,6.3061713,17365.0,
LKA,2000,6.941,19436.0,
LKA,2010,7.421,,
LSO,1800,,276.361,
LSO,1820,,276.361,
LSO,1850,,177.88036,
LSO,1860,,196.68718,
LSO,1870,,217.48239,
LSO,1880,,240.47623,
LSO,1890,,265.90115,
LSO,1900,,294.01417,
LSO,1910,,346.10845,
LSO,1920,,403.67054,
LSO,1930,,496.999,
LSO,1940,,606.93605,
LSO,1950,2.187,734.0,
LSO,1960,2.6,849.074,
LSO,1970,3.111,1067.136,
LSO,1980,3.784,1345.0,
LSO,1990,4.396,1721.0,
LSO,2000,5.327,2068.0,
LSO,2010,6.589,,
LTU,1578,,,1.0
LTU,1800,,778.655,
LTU,1820,,778.655,
LTU,1910,,2916.0,
LTU,1920,,2230.0,
LTU,1922,,,1.0
LTU,1930,,2422.0,
LTU,1940,,2442.0,
LTU,1945,,,1.0
LTU,1950,,2553.159,2.0
LTU,1960,4.3549047,2764.864,
LTU,1970,5.54572461,3137.562,
LTU,1980,7.9468654,3435.289,
LTU,1990,9.4894649,3694.836,
LTU,1991,,,1.0
LTU,1994,,,1.0
LTU,2000,10.1915423,3654.387,
LTU,2010,11.583711,,
LUX,1800,,127.03,
LUX,1820,,127.03,
LUX,1830,,170.0,
LUX,1840,,180.0,
LUX,1850,,193.0,
LUX,1860,,203.0,
LUX,1870,,198.0,
LUX,1880,,210.0,
LUX,1890,,211.0,
LUX,1900,,236.0,
LUX,1910,,260.0,
LUX,1920,,269.0,
LUX,1930,,300.0,
LUX,1940,,301.0,
LUX,1950,,295.587,
LUX,1960,,313.969,
LUX,1970,,339.174,
LUX,1980,,364.4,
LUX,1990,,382.966,
LUX,2000,,438.777,
LVA,1800,,590.588,
LVA,1820,,590.588,
LVA,1910,,2552.0,
LVA,1919,,,1.0
LVA,1920,,1845.0,
LVA,1930,,1900.0,
LVA,1940,,1951.0,
LVA,1950,,1936.498,
LVA,1954,,,1.0
LVA,1960,5.7408948,2115.183,
LVA,1970,7.07377033,2361.159,
LVA,1980,8.7988336,2524.543,
LVA,1990,9.9742887,2663.59,1.0
LVA,1991,,,1.0
LVA,2000,10.2207377,2376.178,
LVA,2010,11.015357,,
MAR,1500,,1500.0,
MAR,1600,,2250.0,
MAR,1700,,1750.0,
MAR,1800,,2500.0,
MAR,1820,,2689.0,
MAR,1850,,2847.21602,
MAR,1860,,3148.24464,
MAR,1870,0.05,3481.10022,
MAR,1880,0.06,3849.14774,
MAR,1890,0.08,4256.10795,
MAR,1900,0.1,4689.74564,
MAR,1910,0.15,5512.13163,
MAR,1920,0.21,5797.28104,
MAR,1930,0.24,6472.49019,
MAR,1940,0.32,7712.7825,
MAR,1950,0.4,8953.0,
MAR,1960,0.63,11626.0,
MAR,1970,1.03,15909.275,
MAR,1980,1.58,19487.272,
MAR,1990,2.55,24735.0,
MAR,2000,3.7,30184.0,
MAR,2010,4.39,,
MCO,1800,,7.789,
MCO,1820,,7.789,
MCO,1910,,23.0,
MCO,1920,,22.0,
MCO,1930,,25.0,
MCO,1940,,24.0,
MCO,1950,,18.125,
MCO,1960,,20.757,
MCO,1970,,23.752,
MCO,1980,,26.551,
MCO,1990,,29.972,
MCO,2000,,31.693,
MDA,1800,,712.558,
MDA,1820,,712.558,
MDA,1940,,,1.0
MDA,1950,,2336.432,
MDA,1960,,2998.981,
MDA,1970,6.18853735,3594.517,
MDA,1980,8.1241989,3996.278,
MDA,1990,9.2801245,4397.798,
MDA,1992,,,1.0
MDA,1993,,,1.0
MDA,2000,9.6623279,4430.654,
MDA,2010,9.985717,,
MDG,1500,,700.0,
MDG,1600,,800.0,
MDG,1700,,1000.0,
MDG,1800,,1500.0,
MDG,1820,,1683.0,
MDG,1850,,2631.16996,
MDG,1860,,2711.17925,
MDG,1870,0.14,2793.62149,
MDG,1880,0.19,2907.39936,
MDG,1890,0.24,3025.81115,
MDG,1900,0.3,2820.55326,
MDG,1910,0.35,2709.74041,
MDG,1920,0.42,2656.03077,
MDG,1930,0.55,3082.43214,
MDG,1940,0.75,3542.19996,
MDG,1950,0.96,4234.0,
MDG,1960,1.43,5371.0,
MDG,1970,1.55,6765.644,
MDG,1980,2.12,8691.0,
MDG,1990,3.04,11633.0,
MDG,2000,3.74,15742.0,
MDG,2010,4.13,,
MDV,1800,,42.378,
MDV,1820,,42.378,
MDV,1910,,72.0,
MDV,1920,,70.0,
MDV,1930,,79.0,
MDV,1940,,86.0,
MDV,1950,,79.293,
MDV,1960,,92.247,
MDV,1970,,114.572,
MDV,1980,,153.0,
MDV,1990,,217.0,
MDV,2000,,300.0,
MEX,1500,,7000.0,
MEX,1550,,6587.0,
MEX,1551,,,1.0
MEX,1600,,2979.0,
MEX,1624,,,1.0
MEX,1650,,2249.0,
MEX,1700,,2825.0,
MEX,1732,,,1.0
MEX,1750,,3777.0,
MEX,1791,,,1.0
MEX,1792,,,1.0
MEX,1800,,5100.0,
MEX,1820,,6587.0,
MEX,1827,,,1.0
MEX,1830,,6382.0,
MEX,1840,,7044.0,
MEX,1850,,7662.0,
MEX,1854,,,1.0
MEX,1856,,,1.0
MEX,1859,,,1.0
MEX,1860,,8816.0,
MEX,1869,,,1.0
MEX,1870,0.56,9219.0,
MEX,1873,,,1.0
MEX,1880,0.74,10399.0,
MEX,1890,0.91,11729.0,
MEX,1900,1.09,13607.0,
MEX,1910,1.26,15000.0,
MEX,1917,,,1.0
MEX,1920,1.36,14900.0,
MEX,1922,,,1.0
MEX,1923,,,1.0
MEX,1930,1.52,17175.0,
MEX,1933,,,1.0
MEX,1936,,,1.0
MEX,1937,,,1.0
MEX,1940,1.92,20393.0,1.0
MEX,1942,,,1.0
MEX,1944,,,1.0
MEX,1950,2.54,28485.18,1.0
MEX,1953,,,1.0
MEX,1954,,,1.0
MEX,1956,,,1.0
MEX,1957,,,2.0
MEX,1958,,,1.0
MEX,1960,3.42,38578.505,
MEX,1969,,,1.0
MEX,1970,4.39,52775.158,
MEX,1973,,,2.0
MEX,1974,,,1.0
MEX,1976,,,2.0
MEX,1978,,,1.0
MEX,1980,5.52,68347.479,
MEX,1989,,,1.0
MEX,1990,6.92,84913.652,
MEX,1991,,,1.0
MEX,1992,,,1.0
MEX,2000,8.030001,99926.62,
MEX,2001,,,1.0
MEX,2010,8.48,,
MHL,1800,,5.828,
MHL,1820,,5.828,
MHL,1930,,73.0,
MHL,1950,,10.904,
MHL,1960,,15.12,
MHL,1970,,21.714,
MHL,1980,,30.681,
MHL,1990,,45.83,
MHL,2000,,53.064,
MKD,1800,,391.865,
MKD,1820,,391.865,
MKD,1949,,,1.0
MKD,1950,,1224.627,
MKD,1960,,1366.198,
MKD,1970,,1574.407,
MKD,1979,,,1.0
MKD,1980,,1792.0,
MKD,1990,,1861.361,
MKD,2000,,2014.512,
MLI,1800,,1403.398,
MLI,1820,,1403.398,
MLI,1850,,1502.53321,
MLI,1860,,1532.85578,
MLI,1870,0.04,1563.79029,
MLI,1880,0.05,1627.47992,
MLI,1890,0.06,1693.76349,
MLI,1900,0.08,1780.38278,
MLI,1910,0.1,1986.20898,
MLI,1920,0.11,2150.94974,
MLI,1930,0.12,2471.77999,
MLI,1940,0.14,2812.576,
MLI,1950,0.15,3329.0,
MLI,1960,0.22,4015.0,
MLI,1970,0.31,5546.0,
MLI,1980,0.71,6758.0,
MLI,1990,0.96,8085.0,
MLI,2000,1.18,10049.0,
MLI,2010,1.51,,
MLT,1592,,,1.0
MLT,1769,,,1.0
MLT,1800,,134.072,
MLT,1820,,134.072,
MLT,1910,,229.0,
MLT,1920,,225.0,
MLT,1930,,241.0,
MLT,1940,,270.0,
MLT,1950,,311.973,
MLT,1960,,328.517,
MLT,1970,,325.569,
MLT,1980,,364.001,
MLT,1990,,359.107,
MLT,2000,,389.947,
MMR,1500,,4000.0,
MMR,1600,,4500.0,
MMR,1700,,5000.0,
MMR,1800,,6000.0,
MMR,1820,,3506.0,
MMR,1850,,3932.0,
MMR,1870,0.026,4245.0,
MMR,1880,0.039,3737.0,
MMR,1890,0.195,7489.0,
MMR,1900,0.439,10174.0,
MMR,1910,0.673,11942.0,
MMR,1920,0.888,13096.0,
MMR,1930,1.09,14515.0,
MMR,1940,1.273,16594.0,
MMR,1950,1.436,19487.657,
MMR,1960,2.39,22839.0,
MMR,1970,3.23,27393.0,
MMR,1980,3.95,33373.316,
MMR,1990,4.68,39243.0,
MMR,2000,5.21,44301.0,
MMR,2010,5.7,,
MNE,1800,,126.582,
MNE,1820,,126.582,
MNE,1910,,516.0,
MNE,1950,,395.587,
MNE,1960,,461.487,
MNE,1970,,514.472,
MNE,1980,,560.0,
MNE,1990,,583.202,
MNE,2000,,732.302,
MNG,1500,,600.0,
MNG,1800,,600.0,
MNG,1820,,619.0,
MNG,1870,,668.0,
MNG,1900,,700.0,
MNG,1910,,725.0,
MNG,1942,,,1.0
MNG,1950,,778.555,1.0
MNG,1960,,954.652,
MNG,1970,,1247.6,
MNG,1980,,1662.38,
MNG,1990,,2218.0,
MNG,1995,,,1.0
MNG,1998,,,1.0
MNG,2000,,2664.0,
MNG,2001,,,2.0
MNG,2002,,,1.0
MOZ,1500,,1000.0,
MOZ,1600,,1250.0,
MOZ,1700,,1500.0,
MOZ,1800,,2000.0,
MOZ,1820,,2096.0,
MOZ,1850,,4752.37178,
MOZ,1860,,4752.37178,
MOZ,1870,0.06,4705.06135,
MOZ,1880,0.08,4611.80253,
MOZ,1890,0.1,4658.12839,
MOZ,1900,0.12,4475.12182,
MOZ,1910,0.14,4129.72929,
MOZ,1920,0.15,3967.48203,
MOZ,1930,0.17,4604.42486,
MOZ,1940,0.19,5291.20929,
MOZ,1950,0.24,6324.595,
MOZ,1960,0.45,7528.595,
MOZ,1970,0.8,9304.375,
MOZ,1980,1.05,12102.619,
MOZ,1990,2.03,12667.0,
MOZ,2000,2.39,18125.0,
MOZ,2010,2.68,,
MRT,1800,,382.696,
MRT,1820,,382.696,
MRT,1850,,288.46125,
MRT,1860,,300.20963,
MRT,1870,,312.43648,
MRT,1880,,328.41453,
MRT,1890,,348.66003,
MRT,1900,,373.84956,
MRT,1910,,408.89193,
MRT,1920,,434.09856,
MRT,1930,,503.7891,
MRT,1940,,578.93301,
MRT,1950,1.4580002,692.0,
MRT,1960,1.5428492,892.0,
MRT,1970,1.702,1289.42,
MRT,1980,2.057,1545.0,
MRT,1990,2.5849009,1925.0,
MRT,2000,3.381,2501.0,
MRT,2010,4.486,,
MUS,1750,,29.5,
MUS,1800,,59.0,
MUS,1810,,78.0,
MUS,1820,,88.0,
MUS,1830,,93.0,
MUS,1840,,115.0,
MUS,1850,,181.0,
MUS,1860,0.7519307,320.0,
MUS,1870,0.8820511,330.0,
MUS,1880,0.9337027,360.0,
MUS,1890,1.06047,371.0,
MUS,1900,1.2257771,371.0,
MUS,1910,1.35436064,369.0,
MUS,1920,1.5329385,376.0,
MUS,1930,1.89285873,393.0,
MUS,1940,2.23974996,419.0,
MUS,1950,2.4661928,481.27,
MUS,1960,2.9763801,663.229,
MUS,1970,4.10948747,829.511,
MUS,1980,5.4594253,963.701,
MUS,1990,6.5563518,1062.0,
MUS,2000,7.2324845,1186.0,
MUS,2010,7.828322,,
MWI,1800,,737.0,
MWI,1850,,2154.26625,
MWI,1860,,2143.81129,
MWI,1870,0.4,2122.46939,
MWI,1880,0.4,2090.55595,
MWI,1890,0.4,2121.88585,
MWI,1900,0.4,2038.52199,
MWI,1910,0.4,1881.18766,
MWI,1920,0.4,1807.28026,
MWI,1930,0.4,2097.42253,
MWI,1940,0.4,2410.2688,
MWI,1950,0.4,2881.0,
MWI,1960,0.89,3529.0,
MWI,1970,1.14,4508.0,
MWI,1980,2.129,6129.035,
MWI,1990,3.07,9536.0,
MWI,2000,4.014,11560.0,
MWI,2010,4.77,,
MYS,1800,,287.0,
MYS,1820,,287.0,
MYS,1850,,530.0,
MYS,1870,0.11,800.0,
MYS,1880,0.12,,
MYS,1890,0.13,1585.0,
MYS,1900,0.2,2232.0,
MYS,1910,0.24,2893.0,
MYS,1920,0.37,3545.0,
MYS,1930,0.56,4413.0,
MYS,1940,0.92,5434.0,
MYS,1950,1.51,6433.799,
MYS,1960,2.34,8428.493,
MYS,1970,3.77,10910.216,
MYS,1980,5.66,13764.352,
MYS,1990,7.23,17507.0,
MYS,2000,8.95,21804.0,
MYS,2010,9.63,,
NAM,1800,,229.0,
NAM,1850,,117.53675,
NAM,1860,,129.9636,
NAM,1870,,143.70431,
NAM,1880,,158.89778,
NAM,1890,,175.69763,
NAM,1900,,194.27367,
NAM,1910,,228.69564,
NAM,1920,,266.73053,
NAM,1930,,328.39846,
NAM,1940,,401.04085,
NAM,1950,2.4905,485.0,
NAM,1960,3.1271221,599.0,
NAM,1970,4.09813437,764.683,
NAM,1980,5.1855,1058.021,
NAM,1990,6.355,1471.314,
NAM,2000,5.8931522,1893.0,
NAM,2010,6.126292,,
NER,1850,,996.55375,
NER,1860,,1016.66517,
NER,1870,0.01,1047.58018,
NER,1880,0.01,1090.24575,
NER,1890,0.01,1134.64899,
NER,1900,0.02,1180.86067,
NER,1910,0.02,1317.37742,
NER,1920,0.02,1426.64374,
NER,1930,0.02,1639.43834,
NER,1940,0.02,1865.47546,
NER,1950,0.04,2208.0,
NER,1960,0.07,3053.0,
NER,1970,0.14,4840.501,
NER,1980,0.39,6093.0,
NER,1990,0.76,7842.0,
NER,2000,1.03,10951.0,
NER,2010,1.31,,
NGA,1800,,12100.855,
NGA,1820,,12100.855,
NGA,1850,,13539.37093,
NGA,1860,,14067.45503,
NGA,1870,0.01,14678.41667,
NGA,1880,0.01,15475.39568,
NGA,1890,0.01,16484.86639,
NGA,1900,0.01,17429.16172,
NGA,1910,0.01,19083.33208,
NGA,1920,0.01,20911.3817,
NGA,1930,0.04,24494.37517,
NGA,1940,0.21,28411.22121,
NGA,1950,0.38,33960.0,
NGA,1960,1.06,42356.0,
NGA,1970,1.3,55586.0,
NGA,1980,1.47,74821.0,
NGA,1990,2.72,96604.0,
NGA,2000,3.99,123179.0,
NGA,2010,4.48,,
NIC,1500,,12.0,
NIC,1550,,36.0,
NIC,1600,,50.0,
NIC,1650,,69.0,
NIC,1700,,93.0,
NIC,1750,,114.0,
NIC,1800,,186.0,
NIC,1812,,,1.0
NIC,1820,,186.0,
NIC,1850,,300.0,
NIC,1870,0.54,337.0,
NIC,1880,0.71,,
NIC,1890,0.89,,
NIC,1900,0.99,478.0,
NIC,1910,1.07,553.0,
NIC,1917,,,1.0
NIC,1920,1.11,640.0,
NIC,1930,1.3,680.0,
NIC,1940,1.46,830.0,
NIC,1950,1.8,1097.916,
NIC,1960,2.3,1492.698,1.0
NIC,1964,,,1.0
NIC,1967,,,1.0
NIC,1970,2.6,2052.544,
NIC,1980,4.03,2805.321,
NIC,1983,,,1.0
NIC,1990,5.4,3685.0,
NIC,1992,,,1.0
NIC,1993,,,1.0
NIC,1994,,,1.0
NIC,1997,,,6.0
NIC,1998,,,3.0
NIC,1999,,,3.0
NIC,2000,6.45,4935.0,1.0
NIC,2001,,,2.0
NIC,2003,,,2.0
NIC,2005,,,2.0
NIC,2006,,,1.0
NIC,2007,,,1.0
NIC,2008,,,1.0
NIC,2009,,,1.0
NIC,2010,7.05,,
NLD,1500,,950.0,
NLD,1575,,,1.0
NLD,1585,,,1.0
NLD,1600,,1500.0,
NLD,1612,,,1.0
NLD,1636,,,1.0
NLD,1647,,,1.0
NLD,1650,,2000.0,
NLD,1655,,,1.0
NLD,1700,,1900.0,
NLD,1750,,2000.0,
NLD,1800,,2000.0,
NLD,1810,,2047.0,
NLD,1820,2.0,2333.0,
NLD,1830,2.0,2633.0,
NLD,1840,2.5,2886.0,
NLD,1850,3.0,3098.0,
NLD,1860,4.0,3318.0,
NLD,1870,5.09,3610.0,
NLD,1877,,,1.0
NLD,1880,5.25,4043.0,1.0
NLD,1890,5.42,4535.0,
NLD,1900,5.6,5142.0,
NLD,1910,5.82,5922.0,
NLD,1920,6.09,6848.0,
NLD,1923,,,1.0
NLD,1930,6.37,7884.0,
NLD,1940,6.76,8879.0,
NLD,1950,7.1,10113.527,
NLD,1952,,,1.0
NLD,1956,,,1.0
NLD,1960,8.0,11486.0,
NLD,1961,,,1.0
NLD,1967,,,1.0
NLD,1970,9.02,13032.335,
NLD,1973,,,1.0
NLD,1975,,,1.0
NLD,1980,10.01,14143.901,
NLD,1982,,,1.0
NLD,1990,10.66,14951.51,
NLD,2000,11.28,15907.853,
NLD,2004,,,1.0
NLD,2010,11.53,,
NOR,1500,,300.0,
NOR,1600,,400.0,
NOR,1700,,500.0,
NOR,1750,,724.0,
NOR,1800,,900.0,
NOR,1810,,885.0,
NOR,1811,,,1.0
NOR,1820,,970.0,
NOR,1830,,1124.0,
NOR,1840,,1241.0,
NOR,1850,5.6945325,1392.0,
NOR,1860,5.5766652,1596.0,
NOR,1870,5.68,1735.0,
NOR,1880,5.66,1919.0,
NOR,1890,5.71,1997.0,
NOR,1900,5.77,2230.0,
NOR,1910,5.98,2384.0,
NOR,1920,6.26,2635.0,
NOR,1930,6.48,2807.0,
NOR,1940,6.95,2973.0,
NOR,1946,,,1.0
NOR,1950,7.55,3265.126,
NOR,1960,8.83,3581.239,
NOR,1968,,,1.0
NOR,1970,10.04,3877.386,
NOR,1980,11.3,4085.62,
NOR,1990,12.1,4242.006,
NOR,1996,,,1.0
NOR,2000,12.41,4492.4,
NOR,2010,12.6,,
NPL,1500,,2000.0,
NPL,1600,,2500.0,
NPL,1700,,3000.0,
NPL,1750,,3500.0,
NPL,1800,,4000.0,
NPL,1820,,3881.0,
NPL,1850,,4352.0,
NPL,1870,,4698.0,
NPL,1890,,5192.0,
NPL,1900,,5283.0,
NPL,1910,,5639.0,
NPL,1930,,5600.0,
NPL,1940,,5600.0,
NPL,1950,,8989.915,
NPL,1960,0.2742382,10034.723,
NPL,1970,0.43824246,11918.678,
NPL,1980,0.8436665,14665.0,
NPL,1990,1.6230493,18918.0,
NPL,2000,3.1841815,24818.0,
NPL,2010,4.365874,,
NRU,1800,,1.834,
NRU,1820,,1.834,
NRU,1920,,2.0,
NRU,1930,,3.0,
NRU,1940,,3.0,
NRU,1950,,3.432,
NRU,1960,,4.475,
NRU,1970,,6.7,
NRU,1980,,7.71,
NRU,1990,,9.488,
NRU,2000,,11.845,
NZL,1500,,100.0,
NZL,1600,,100.0,
NZL,1700,,100.0,
NZL,1800,,200.0,
NZL,1820,,100.0,
NZL,1830,,100.0,
NZL,1840,,70.0,
NZL,1850,,90.0,
NZL,1860,,132.0,
NZL,1869,,,1.0
NZL,1870,3.91,291.0,
NZL,1873,,,1.0
NZL,1878,,,1.0
NZL,1880,4.46,520.0,
NZL,1883,,,1.0
NZL,1890,5.23,665.0,
NZL,1897,,,1.0
NZL,1900,6.25,807.0,
NZL,1910,7.0,1045.0,
NZL,1920,7.52,1241.0,
NZL,1927,,,1.0
NZL,1930,8.059999,1493.0,
NZL,1940,8.440001,1636.0,
NZL,1950,8.73,1908.31,
NZL,1960,8.95,2371.746,
NZL,1964,,,1.0
NZL,1970,9.59,2828.05,
NZL,1980,10.44,3170.15,
NZL,1990,11.02,3414.0,
NZL,2000,12.12,3802.0,1.0
NZL,2010,12.33,,
OMN,1500,,200.0,
OMN,1800,,300.0,
OMN,1820,,318.0,
OMN,1870,,367.0,
OMN,1900,,400.0,
OMN,1910,,444.0,
OMN,1950,,488.588,
OMN,1960,,599.292,
OMN,1970,,778.536,
OMN,1980,,1174.857,
OMN,1986,,,1.0
OMN,1990,,1772.974,
OMN,1993,,,1.0
OMN,1996,,,1.0
OMN,2000,,2534.0,
OMN,2001,,,2.0
OMN,2002,,,1.0
OMN,2003,,,2.0
OMN,2004,,,2.0
OMN,2007,,,1.0
OMN,2009,,,1.0
OMN,2010,,,1.0
PAK,1600,,8817.631,
PAK,1700,,10777.105,
PAK,1820,,13651.0,
PAK,1870,0.08,16090.0,
PAK,1880,0.11,,
PAK,1890,0.15,,
PAK,1900,0.29,,
PAK,1910,0.37,20008.0,
PAK,1920,0.51,22812.0,
PAK,1930,0.7,,
PAK,1940,0.9299999,,
PAK,1950,1.17,39448.232,
PAK,1960,1.43,50386.898,
PAK,1970,1.72,65705.964,
PAK,1980,2.38,85219.117,
PAK,1990,3.25,114607.0,
PAK,2000,4.22,146405.0,
PAK,2010,5.97,,
PAN,1500,,29.6,
PAN,1550,,12.4,
PAN,1600,,20.0,
PAN,1650,,22.3,
PAN,1700,,34.2,
PAN,1749,,,1.0
PAN,1750,,42.2,
PAN,1800,,75.6,
PAN,1850,,108.6,
PAN,1870,0.78,176.0,
PAN,1880,1.04,,
PAN,1890,1.28,,
PAN,1900,1.53,263.0,
PAN,1910,1.79,326.0,
PAN,1920,2.04,487.0,
PAN,1930,2.36,515.0,
PAN,1935,,,1.0
PAN,1940,2.91,697.0,
PAN,1950,3.41,892.502,
PAN,1960,4.7,1147.61,
PAN,1965,,,1.0
PAN,1970,5.36,1531.038,
PAN,1980,7.04,1960.0,
PAN,1981,,,1.0
PAN,1990,7.98,2393.0,
PAN,1996,,,1.0
PAN,2000,8.63,2900.0,
PAN,2010,9.059999,,
PER,1500,,2500.0,
PER,1550,,1291.0,
PER,1551,,,1.0
PER,1600,,920.0,
PER,1621,,,1.0
PER,1650,,914.0,
PER,1677,,,1.0
PER,1690,,,1.0
PER,1700,,654.0,
PER,1750,,773.0,
PER,1800,,1271.0,
PER,1820,,1317.0,
PER,1830,,1374.0,
PER,1850,,3375.0,
PER,1860,,2488.0,
PER,1870,0.28,2606.0,
PER,1880,0.35,,
PER,1890,0.42,3346.0,
PER,1900,0.48,3648.0,
PER,1910,0.63,4137.0,
PER,1920,1.16,4690.0,
PER,1930,1.7,5480.0,
PER,1940,1.89,6440.0,
PER,1950,2.58,7632.5,
PER,1960,3.12,9931.0,
PER,1970,4.32,13192.8,
PER,1980,5.79,17295.298,
PER,1990,7.22,21600.0,
PER,2000,8.34,26087.0,
PER,2010,8.87,,
PHL,1500,,500.0,
PHL,1600,,800.0,
PHL,1700,,1250.0,
PHL,1800,,2500.0,
PHL,1810,,1933.0,
PHL,1820,,2176.0,
PHL,1840,,3096.0,
PHL,1850,,3612.0,
PHL,1870,0.14,5063.0,
PHL,1880,0.17,5985.0,
PHL,1890,0.19,6476.0,
PHL,1900,0.23,7324.0,
PHL,1910,0.29,8861.0,
PHL,1920,0.85,10725.0,
PHL,1930,1.36,13194.0,
PHL,1940,2.02,16585.0,
PHL,1950,2.74,21131.264,
PHL,1960,3.67,28528.939,
PHL,1970,4.55,38603.696,
PHL,1980,5.79,50940.182,
PHL,1990,6.98,65088.0,
PHL,2000,7.96,81222.0,
PHL,2010,8.24,,
PLW,1800,,3.875,
PLW,1820,,3.875,
PLW,1950,,7.251,
PLW,1960,,9.482,
PLW,1970,,12.005,
PLW,1980,,13.311,
PLW,1990,,15.207,
PLW,2000,,18.766,
PNG,1800,,754.894,
PNG,1820,,754.894,
PNG,1910,,781.0,
PNG,1920,,483.0,
PNG,1930,,520.0,
PNG,1950,,1412.466,
PNG,1960,,1746.986,
PNG,1970,,2288.056,
PNG,1980,,2991.217,
PNG,1990,,3824.787,
PNG,2000,,4934.0,
POL,1500,,4000.0,
POL,1568,,,1.0
POL,1600,,5000.0,
POL,1650,,5500.0,
POL,1700,,6000.0,
POL,1702,,,1.0
POL,1750,,7000.0,
POL,1800,,9000.0,
POL,1809,,,1.0
POL,1816,,,2.0
POL,1820,,10426.0,
POL,1826,,,1.0
POL,1850,,13000.0,
POL,1870,,16865.0,
POL,1890,,22854.0,1.0
POL,1900,,24750.0,
POL,1904,,,1.0
POL,1906,,,1.0
POL,1910,,26644.0,
POL,1918,,,1.0
POL,1919,,,3.0
POL,1920,2.3512857,23968.0,
POL,1925,,,1.0
POL,1926,,,1.0
POL,1930,2.49567371,28204.0,
POL,1937,,,1.0
POL,1940,3.00132417,30021.0,
POL,1944,,,2.0
POL,1945,,,7.0
POL,1946,,,2.0
POL,1948,,,2.0
POL,1949,,,2.0
POL,1950,3.1618687,24824.0,5.0
POL,1951,,,2.0
POL,1953,,,1.0
POL,1954,,,1.0
POL,1960,4.2317401,29589.842,
POL,1965,,,1.0
POL,1966,,,1.0
POL,1968,,,2.0
POL,1969,,,2.0
POL,1970,5.34203082,32526.0,1.0
POL,1974,,,1.0
POL,1980,6.7180392,35578.016,
POL,1984,,,1.0
POL,1990,7.5622875,38119.408,
POL,1994,,,1.0
POL,1997,,,1.0
POL,1999,,,1.0
POL,2000,8.8084393,38654.164,
POL,2001,,,3.0
POL,2002,,,1.0
POL,2006,,,1.0
POL,2008,,,1.0
POL,2009,,,2.0
POL,2010,9.696476,,
PRK,1800,,4345.0,
PRK,1820,,4345.0,
PRK,1870,,4511.0,
PRK,1910,0.01839447,4897.0,
PRK,1920,0.0724616,,
PRK,1930,0.24335253,,
PRK,1940,0.58639982,,
PRK,1950,1.6554197,9471.14,
PRK,1960,3.6395817,10391.909,
PRK,1970,5.12435289,13911.902,
PRK,1980,7.1079377,17113.626,
PRK,1990,,20018.546,
PRK,2000,,21263.0,
PRT,1500,,1000.0,
PRT,1558,,,1.0
PRT,1600,,1100.0,
PRT,1650,,1750.0,
PRT,1700,,2000.0,
PRT,1750,,2250.0,
PRT,1800,,2750.0,
PRT,1820,,3297.0,
PRT,1830,,3491.0,
PRT,1840,,3704.0,
PRT,1850,,3816.0,
PRT,1860,,4000.0,
PRT,1870,0.46,4327.0,
PRT,1880,0.72,4610.0,
PRT,1890,1.03,5028.0,
PRT,1900,1.38,5404.0,
PRT,1910,1.6,5884.0,
PRT,1911,,,1.0
PRT,1920,1.8,6029.0,
PRT,1930,1.95,6784.0,1.0
PRT,1940,2.13,7675.0,
PRT,1950,2.5,8442.75,
PRT,1960,3.22,9036.7,
PRT,1970,4.19,9044.2,
PRT,1973,,,3.0
PRT,1979,,,1.0
PRT,1980,5.67,9777.8,
PRT,1990,5.98,9922.689,
PRT,2000,7.34,10335.597,
PRT,2010,7.82,,
PRY,1500,,200.0,
PRY,1550,,200.0,
PRY,1600,,200.0,
PRY,1650,,200.0,
PRY,1700,,200.0,
PRY,1750,,200.0,
PRY,1800,,300.0,
PRY,1820,,143.0,
PRY,1850,,350.0,
PRY,1870,0.63,384.0,
PRY,1880,0.78,264.0,
PRY,1890,0.9299999,644.0,
PRY,1900,1.1,440.0,
PRY,1910,1.37,554.0,
PRY,1920,1.81,699.0,
PRY,1930,2.44,880.0,
PRY,1940,2.96,1111.0,
PRY,1950,3.73,1475.669,
PRY,1960,4.11,1909.538,
PRY,1970,4.64,2476.785,
PRY,1980,5.32,3196.0,
PRY,1990,6.08,4244.0,
PRY,2000,6.67,5592.0,
PRY,2010,7.07,,
QAT,1800,,14.092,
QAT,1820,,14.092,
QAT,1870,,14.092,
QAT,1910,,17.897,
QAT,1950,,25.101,
QAT,1960,,46.0,
QAT,1970,,115.0,
QAT,1973,,,1.0
QAT,1980,,237.0,
QAT,1990,,446.0,
QAT,1995,,,1.0
QAT,2000,,627.0,
ROU,1500,,2000.0,
ROU,1600,,2000.0,
ROU,1650,,2250.0,
ROU,1700,,2500.0,
ROU,1750,,3500.0,
ROU,1800,,5500.0,
ROU,1820,,6389.0,
ROU,1850,,8000.0,
ROU,1860,,,1.0
ROU,1864,,,1.0
ROU,1870,,9179.0,
ROU,1872,,,1.0
ROU,1890,,10373.0,
ROU,1900,0.8365753,11000.0,
ROU,1910,1.35934929,11866.0,
ROU,1913,,,1.0
ROU,1919,,,1.0
ROU,1920,2.1498631,12340.0,1.0
ROU,1930,3.2263585,14141.0,
ROU,1937,,,1.0
ROU,1940,4.26090099,15907.0,
ROU,1945,,,3.0
ROU,1947,,,1.0
ROU,1948,,,2.0
ROU,1949,,,1.0
ROU,1950,5.5883799,16311.0,1.0
ROU,1960,6.844806,18403.414,1.0
ROU,1962,,,1.0
ROU,1965,,,1.0
ROU,1970,7.11442066,20252.541,
ROU,1971,,,1.0
ROU,1974,,,1.0
ROU,1980,8.1470329,22130.036,
ROU,1989,,,1.0
ROU,1990,9.1038246,22865.945,12.0
ROU,1991,,,8.0
ROU,1992,,,9.0
ROU,1994,,,1.0
ROU,1997,,,1.0
ROU,1998,,,1.0
ROU,2000,9.7879033,22451.921,1.0
ROU,2001,,,1.0
ROU,2010,10.356632,,
RUS,1544,,,1.0
RUS,1724,,,1.0
RUS,1755,,,1.0
RUS,1804,,,1.0
RUS,1830,,,1.0
RUS,1870,0.9,,
RUS,1880,1.0,,
RUS,1890,1.1,,
RUS,1900,1.2,,
RUS,1909,,,1.0
RUS,1910,1.3,,
RUS,1915,,,1.0
RUS,1916,,,1.0
RUS,1917,,,1.0
RUS,1918,,,4.0
RUS,1919,,,1.0
RUS,1920,1.91,,2.0
RUS,1921,,,2.0
RUS,1930,2.51,,
RUS,1940,3.94,,
RUS,1950,5.01,101936.816,
RUS,1951,,,1.0
RUS,1957,,,4.0
RUS,1958,,,1.0
RUS,1959,,,2.0
RUS,1960,6.62,119631.633,
RUS,1967,,,1.0
RUS,1969,,,2.0
RUS,1970,7.93,130245.476,2.0
RUS,1972,,,2.0
RUS,1973,,,3.0
RUS,1974,,,4.0
RUS,1976,,,1.0
RUS,1980,9.08,139038.849,1.0
RUS,1981,,,1.0
RUS,1982,,,1.0
RUS,1984,,,1.0
RUS,1988,,,1.0
RUS,1989,,,3.0
RUS,1990,9.83,147973.0,1.0
RUS,1991,,,9.0
RUS,1992,,,17.0
RUS,1993,,,11.0
RUS,1994,,,12.0
RUS,1995,,,8.0
RUS,1999,,,1.0
RUS,2000,9.41,146710.0,
RUS,2010,9.610001,,
RWA,1800,,928.368,
RWA,1820,,928.368,
RWA,1850,,1514.97175,
RWA,1860,,1530.18982,
RWA,1870,,1545.56077,
RWA,1880,,1561.08611,
RWA,1890,,1624.66561,
RWA,1900,,1529.77596,
RWA,1910,,1411.70695,
RWA,1920,,1356.24433,
RWA,1930,,1573.97692,
RWA,1940,,1808.74736,
RWA,1950,0.2862508,2162.0,
RWA,1960,0.6843986,2887.0,
RWA,1970,1.023,3769.171,
RWA,1980,1.5047382,5138.0,
RWA,1990,2.024,6982.0,
RWA,2000,2.7746049,8278.0,
RWA,2010,3.478,,
SAU,1500,,2000.0,
SAU,1600,,2250.0,
SAU,1700,,2000.0,
SAU,1800,,2000.0,
SAU,1820,,2091.0,
SAU,1870,,2338.0,
SAU,1900,,2500.0,
SAU,1910,,2676.0,
SAU,1950,2.751,3859.801,
SAU,1960,2.99,4718.301,
SAU,1970,3.258,6109.051,
SAU,1980,4.375,9999.161,
SAU,1990,5.911,16060.761,
SAU,2000,7.056,23147.0,
SAU,2010,8.475028,,
SEN,1800,,1009.886,
SEN,1820,,1009.886,
SEN,1850,,931.64626,
SEN,1860,,989.0787,
SEN,1870,0.06,1071.11517,
SEN,1880,0.08,1194.94448,
SEN,1890,0.1,1306.95125,
SEN,1900,0.12,1401.37413,
SEN,1910,0.14,1502.61874,
SEN,1920,0.16,1595.24947,
SEN,1930,0.18,1851.35213,
SEN,1940,0.2,2127.49516,
SEN,1950,0.22,2543.0,
SEN,1960,0.39,3277.0,
SEN,1970,0.61,4317.891,
SEN,1980,1.26,5787.0,
SEN,1990,1.94,8001.0,
SEN,2000,2.57,10678.0,
SEN,2010,2.99,,
SGP,1800,,30.0,
SGP,1820,,30.0,
SGP,1850,,56.0,
SGP,1870,0.3861712,84.0,
SGP,1880,0.4929766,,
SGP,1890,0.6781167,157.0,
SGP,1900,0.9367543,215.0,
SGP,1910,1.15884671,323.0,
SGP,1920,1.4070252,391.0,
SGP,1930,1.765681,596.0,
SGP,1940,2.20934046,751.0,
SGP,1950,2.7798891,1022.1,
SGP,1960,4.1091038,1646.4,
SGP,1970,5.66287893,2074.507,
SGP,1980,5.5631314,2413.9,
SGP,1990,6.6821852,3047.1,
SGP,2000,9.2619114,4036.753,
SGP,2010,10.530385,,
SLB,1800,,56.998,
SLB,1820,,56.998,
SLB,1910,,150.0,
SLB,1920,,151.0,
SLB,1930,,94.0,
SLB,1940,,95.0,
SLB,1950,,106.647,
SLB,1960,,126.363,
SLB,1970,,163.0,
SLB,1980,,233.0,
SLB,1990,,334.524,
SLB,2000,,466.194,
SLE,1800,,794.264,
SLE,1820,,794.264,
SLE,1850,0.075,778.71664,
SLE,1860,0.1,818.54031,
SLE,1870,0.11,869.0002,
SLE,1880,0.16,931.78257,
SLE,1890,0.21,999.10076,
SLE,1900,0.27,1071.28246,
SLE,1910,0.28,1148.67905,
SLE,1920,0.27,1219.49074,
SLE,1930,0.25,1415.26879,
SLE,1940,0.26,1626.36673,
SLE,1950,0.38,1944.0,
SLE,1960,0.8,2256.0,
SLE,1970,1.15,2789.306,
SLE,1980,2.01,3335.0,
SLE,1990,2.92,4226.0,
SLE,2000,3.63,4816.0,
SLE,2010,3.99,,
SLV,1800,,248.0,
SLV,1810,,165.0,
SLV,1820,,248.0,
SLV,1850,,366.0,
SLV,1870,0.6,492.0,
SLV,1880,0.79,613.0,
SLV,1890,0.98,704.0,
SLV,1900,1.16,766.0,
SLV,1910,1.27,946.0,
SLV,1920,1.26,1170.0,
SLV,1930,1.35,1440.0,
SLV,1940,1.33,1630.0,
SLV,1950,1.6,1939.8,
SLV,1960,2.02,2581.583,
SLV,1970,2.58,3603.907,
SLV,1980,3.66,4566.199,
SLV,1990,4.85,5099.884,
SLV,2000,5.24,6126.0,
SLV,2010,5.93,,
SMR,1800,,5.492,
SMR,1820,,5.492,
SMR,1910,,11.0,
SMR,1920,,13.0,
SMR,1930,,13.0,
SMR,1940,,15.0,
SMR,1950,,12.78,
SMR,1960,,15.406,
SMR,1970,,19.189,
SMR,1980,,21.463,
SMR,1990,,23.469,
SMR,2000,,26.937,
SOM,1500,,800.0,
SOM,1600,,800.0,
SOM,1700,,950.0,
SOM,1820,,1000.0,
SOM,1850,,1475.77285,
SOM,1860,,1475.77285,
SOM,1870,,1475.77285,
SOM,1880,,1490.59716,
SOM,1890,,1505.57039,
SOM,1900,,1551.35216,
SOM,1910,,1598.52608,
SOM,1920,,1630.78587,
SOM,1930,,1801.40216,
SOM,1940,,1950.81461,
SOM,1950,,2264.0,
SOM,1960,0.1924226,2819.0,
SOM,1970,0.22482153,3666.949,
SOM,1980,0.5518679,5794.0,
SOM,1990,0.7342351,6692.0,
SOM,2000,1.3423739,7386.0,
SOM,2010,1.636439,,
SRB,1800,,2147.197,
SRB,1808,,,1.0
SRB,1820,,2147.197,
SRB,1880,,1902.0,
SRB,1890,,2162.0,
SRB,1900,,2494.0,
SRB,1905,,,1.0
SRB,1910,,2912.0,
SRB,1950,,6710.261,
SRB,1960,,7470.936,1.0
SRB,1965,,,1.0
SRB,1970,,8166.726,1.0
SRB,1973,,,1.0
SRB,1977,,,1.0
SRB,1980,,8955.0,
SRB,1990,,9347.973,
SRB,2000,,10117.908,
SRB,2006,,,1.0
STP,1800,,22.731,
STP,1820,,22.731,
STP,1900,,40.0,
STP,1910,,59.0,
STP,1920,,56.0,
STP,1930,,60.0,
STP,1940,,61.0,
STP,1950,,59.73,
STP,1960,,63.403,
STP,1970,,73.631,
STP,1980,,94.071,
STP,1990,,119.453,
STP,2000,,159.883,
SUR,1800,,80.721,
SUR,1820,,80.721,
SUR,1910,,95.0,
SUR,1920,,136.0,
SUR,1930,,153.0,
SUR,1940,,184.0,
SUR,1950,,208.068,
SUR,1960,,284.0,
SUR,1970,,372.0,
SUR,1980,,354.0,
SUR,1990,,395.0,
SUR,2000,,432.0,
SVK,1635,,,1.0
SVK,1657,,,1.0
SVK,1665,,,1.0
SVK,1800,,2140.651,
SVK,1820,,2140.651,
SVK,1919,,,1.0
SVK,1937,,,1.0
SVK,1940,,,1.0
SVK,1949,,,3.0
SVK,1950,8.1758183,3463.446,
SVK,1952,,,4.0
SVK,1953,,,1.0
SVK,1959,,,1.0
SVK,1960,7.9380064,3994.27,
SVK,1970,8.71251487,4523.873,
SVK,1973,,,1.0
SVK,1980,9.5001546,4965.958,
SVK,1990,10.1,5262.616,1.0
SVK,1992,,,3.0
SVK,1997,,,1.0
SVK,2000,10.6124258,5400.32,1.0
SVK,2002,,,2.0
SVK,2004,,,1.0
SVK,2010,11.176332,,
SVN,1800,,469.664,
SVN,1810,,,1.0
SVN,1820,,469.664,
SVN,1919,,,1.0
SVN,1950,,1467.759,
SVN,1960,,1557.756,
SVN,1970,,1675.739,
SVN,1975,,,1.0
SVN,1980,,1833.0,
SVN,1990,,1991.21,
SVN,2000,,2010.557,
SWE,1500,,550.0,
SWE,1600,,760.0,
SWE,1666,,,1.0
SWE,1700,,1260.0,
SWE,1750,,1781.0,
SWE,1800,,2500.0,
SWE,1810,,2396.0,
SWE,1820,,2573.0,
SWE,1830,,2876.0,
SWE,1840,,3123.0,
SWE,1850,,3462.0,
SWE,1860,,3824.0,
SWE,1870,4.23,4164.0,
SWE,1877,,,1.0
SWE,1880,4.61,4572.0,
SWE,1890,5.02,4780.0,
SWE,1900,5.49,5117.0,
SWE,1910,5.89,5449.0,
SWE,1920,6.24,5876.0,
SWE,1930,6.55,6131.0,
SWE,1940,6.85,6356.0,
SWE,1950,7.38,7014.005,
SWE,1954,,,1.0
SWE,1960,8.49,7480.395,1.0
SWE,1965,,,1.0
SWE,1970,9.71,8042.803,
SWE,1973,,,1.0
SWE,1980,10.98,8310.473,
SWE,1990,11.83,8559.0,
SWE,2000,11.53,8872.0,
SWE,2010,11.85,,
SWZ,1800,,86.0,
SWZ,1850,,66.15986,
SWZ,1860,,73.15477,
SWZ,1870,,80.88923,
SWZ,1880,,89.44143,
SWZ,1890,,98.89784,
SWZ,1900,,109.35405,
SWZ,1910,,128.72971,
SWZ,1920,,150.13904,
SWZ,1930,,184.85109,
SWZ,1940,,225.74052,
SWZ,1950,1.23,273.0,
SWZ,1960,1.74,347.081,
SWZ,1970,2.92,455.145,
SWZ,1980,4.53,611.447,
SWZ,1990,5.83,884.616,
SWZ,2000,7.04,1109.75,
SWZ,2010,7.82,,
SYC,1800,,12.522,
SYC,1820,,12.522,
SYC,1890,,16.0,
SYC,1900,,19.0,
SYC,1910,,23.0,
SYC,1920,3.9767327,25.0,
SYC,1930,5.15689059,27.0,
SYC,1940,6.99793249,32.0,
SYC,1950,7.9121878,32.903,
SYC,1960,8.6141363,41.662,
SYC,1970,9.35434914,54.106,
SYC,1980,8.6848155,66.489,
SYC,1990,9.0268763,73.439,
SYC,2000,9.843342,79.326,
SYC,2010,10.405336,,
SYR,1500,,1250.0,
SYR,1600,,1400.0,
SYR,1700,,1250.0,
SYR,1800,,1250.0,
SYR,1820,,1337.0,
SYR,1870,0.29,1582.0,
SYR,1880,0.38,,
SYR,1890,0.45,,
SYR,1900,0.53,1750.0,
SYR,1910,0.61,1994.0,
SYR,1920,0.69,,
SYR,1923,,,1.0
SYR,1930,0.77,,
SYR,1940,1.06,,
SYR,1950,1.39,3495.0,
SYR,1958,,,1.0
SYR,1960,2.11,4532.557,
SYR,1970,2.99,6258.053,
SYR,1971,,,1.0
SYR,1979,,,1.0
SYR,1980,4.33,8773.582,
SYR,1990,5.86,12436.046,
SYR,2000,7.17,16305.659,
SYR,2002,,,1.0
SYR,2003,,,2.0
SYR,2004,,,2.0
SYR,2005,,,2.0
SYR,2006,,,2.0
SYR,2007,,,3.0
SYR,2008,,,2.0
SYR,2009,,,3.0
SYR,2010,7.99,,
TCD,1800,,1432.0,
TCD,1850,,1787.52196,
TCD,1860,,1805.47784,
TCD,1870,,1823.61408,
TCD,1880,,1860.41637,
TCD,1890,,1897.96136,
TCD,1900,,1751.47559,
TCD,1910,,1682.66427,
TCD,1920,,1616.55638,
TCD,1930,,1839.43866,
TCD,1940,,2072.48042,
TCD,1950,,2429.0,
TCD,1960,0.2641523,2967.0,
TCD,1970,1.21820523,3727.0,
TCD,1980,2.0547497,4522.0,
TCD,1990,2.9866754,5841.0,
TCD,2000,4.2100701,7943.0,
TCD,2010,6.24852,,
TGO,1800,,445.985,
TGO,1820,,445.985,
TGO,1850,,506.57822,
TGO,1860,,537.80684,
TGO,1870,,570.96058,
TGO,1880,,624.47893,
TGO,1890,,669.59545,
TGO,1900,,717.97149,
TGO,1910,,769.84254,
TGO,1920,,833.69506,
TGO,1930,0.03503504,967.53715,
TGO,1940,0.08781425,1111.85256,
TGO,1950,0.2800002,1329.0,
TGO,1960,0.409,1572.0,
TGO,1970,0.7115,1964.128,
TGO,1980,2.2864394,2481.375,
TGO,1990,3.3662992,3504.813,
TGO,2000,4.11,4711.655,
TGO,2010,4.907306,,
THA,1500,,2000.0,
THA,1600,,2250.0,
THA,1700,,2500.0,
THA,1800,,3000.0,
THA,1820,,4665.0,
THA,1850,,5230.0,
THA,1870,0.17,5775.0,
THA,1880,0.22,,
THA,1890,0.26,6670.0,
THA,1900,0.31,7320.0,
THA,1910,0.36,8305.0,
THA,1920,0.4,9802.0,
THA,1930,0.48,12392.0,
THA,1940,1.0,15513.0,
THA,1950,1.81,20041.628,
THA,1960,2.64,27512.75,
THA,1970,3.23,37090.871,
THA,1980,4.06,47025.764,
THA,1990,6.58,55196.722,
THA,2000,7.61,61862.928,
THA,2010,7.91,,
TJK,1800,,466.629,
TJK,1820,,466.629,
TJK,1940,2.68795939,,
TJK,1950,,1530.047,
TJK,1960,,2080.556,
TJK,1970,6.28781479,2938.516,
TJK,1980,8.5487568,3966.0,
TJK,1990,9.6037988,5272.0,
TJK,2000,9.5239456,6230.0,
TJK,2010,9.352352,,
TKM,1800,,367.215,
TKM,1820,,367.215,
TKM,1940,2.88484244,,
TKM,1950,,1204.075,
TKM,1960,,1584.82,
TKM,1970,6.19079084,2181.272,
TKM,1980,,2875.133,
TKM,1990,,3658.0,
TKM,2000,,4385.0,
TLS,1800,,137.262,
TLS,1820,,137.262,
TLS,1880,,302.0,
TLS,1890,,321.0,
TLS,1900,,348.0,
TLS,1910,,376.0,
TLS,1920,,398.0,
TLS,1930,,472.0,
TLS,1940,,451.0,
TLS,1950,,442.0,
TLS,1960,,517.0,
TLS,1970,,609.0,
TLS,1980,,555.0,
TLS,1990,,748.0,
TLS,2000,,846.599,
TON,1700,,16.962,
TON,1800,,18.658,
TON,1840,,18.5,
TON,1850,,18.5,
TON,1900,,20.0,
TON,1910,,23.0,
TON,1920,,25.0,
TON,1930,,29.0,
TON,1940,,34.0,
TON,1950,,45.744,
TON,1960,,63.718,
TON,1970,,83.1,
TON,1980,,91.361,
TON,1990,,92.073,
TON,2000,,102.321,
TTO,1800,,20.0,
TTO,1820,,60.0,
TTO,1850,,80.0,
TTO,1860,,99.0,
TTO,1870,1.6842598,124.0,
TTO,1880,1.81529,171.0,
TTO,1890,2.2403773,218.0,
TTO,1900,2.8762788,268.0,
TTO,1910,3.82501615,331.0,
TTO,1920,4.4512407,389.0,
TTO,1930,4.97100282,405.0,
TTO,1940,5.29994506,476.0,
TTO,1950,5.6611886,632.0,
TTO,1960,6.5640358,841.15,
TTO,1970,7.14562608,955.0,
TTO,1980,8.3084882,1090.513,
TTO,1990,8.9889191,1255.0,
TTO,2000,9.3644188,1252.0,
TTO,2010,9.551031,,
TUN,1500,,800.0,
TUN,1600,,1000.0,
TUN,1700,,800.0,
TUN,1800,,800.0,
TUN,1820,,875.0,
TUN,1850,,1112.62214,
TUN,1860,,1230.25673,
TUN,1870,0.3,1360.32852,
TUN,1880,0.33,1504.15246,
TUN,1890,0.34,1663.18252,
TUN,1900,0.37,1832.63749,
TUN,1910,0.39,2154.00575,
TUN,1920,0.42,2265.43514,
TUN,1930,0.48,2529.2903,
TUN,1940,0.66,3013.96609,
TUN,1950,0.73,3498.613,
TUN,1960,0.98,4221.0,
TUN,1970,1.81,5098.627,
TUN,1980,3.135402,6443.183,
TUN,1990,4.067813,8211.0,
TUN,2000,5.347535,9568.0,
TUN,2010,6.330588,,
TUR,1500,,6300.0,
TUR,1600,,7900.0,
TUR,1700,,8400.0,
TUR,1773,,,1.0
TUR,1820,,10074.0,
TUR,1863,,,1.0
TUR,1870,0.26,11793.0,
TUR,1880,0.33,,
TUR,1882,,,1.0
TUR,1883,,,1.0
TUR,1890,0.39,,
TUR,1900,0.47,,1.0
TUR,1910,0.53,15000.0,
TUR,1911,,,1.0
TUR,1920,0.59,13877.0,
TUR,1926,,,1.0
TUR,1930,0.65,14928.0,
TUR,1940,0.82,17821.0,
TUR,1946,,,1.0
TUR,1950,1.2,21121.639,
TUR,1955,,,3.0
TUR,1956,,,1.0
TUR,1957,,,1.0
TUR,1958,,,1.0
TUR,1960,2.17,28217.122,
TUR,1966,,,2.0
TUR,1967,,,1.0
TUR,1970,3.14,35758.382,1.0
TUR,1973,,,1.0
TUR,1975,,,5.0
TUR,1978,,,1.0
TUR,1980,4.23,45048.0,
TUR,1982,,,8.0
TUR,1984,,,1.0
TUR,1987,,,1.0
TUR,1990,5.29,56561.0,
TUR,1992,,,22.0
TUR,1993,,,3.0
TUR,1994,,,2.0
TUR,1996,,,4.0
TUR,1997,,,7.0
TUR,1998,,,2.0
TUR,1999,,,2.0
TUR,2000,6.3,67329.0,
TUR,2001,,,3.0
TUR,2003,,,2.0
TUR,2006,,,10.0
TUR,2007,,,21.0
TUR,2008,,,14.0
TUR,2009,,,3.0
TUR,2010,6.75,,7.0
TUR,2011,,,1.0
TUV,1800,,2.499,
TUV,1820,,2.499,
TUV,1950,,4.676,
TUV,1960,,5.264,
TUV,1970,,5.815,
TUV,1980,,7.49,
TUV,1990,,9.168,
TUV,2000,,10.838,
TZA,1500,,1750.0,
TZA,1700,,2500.0,
TZA,1800,,3000.0,
TZA,1820,,3019.768,
TZA,1850,,5467.5368,
TZA,1860,,5413.10682,
TZA,1870,,5359.21869,
TZA,1880,,5305.86703,
TZA,1890,,5412.94453,
TZA,1900,,4995.17029,
TZA,1910,,4798.92191,
TZA,1920,,4798.92191,
TZA,1930,,5569.34479,
TZA,1940,,6400.05425,
TZA,1950,1.5049268,7650.0,
TZA,1960,2.0263605,10072.0,
TZA,1970,2.00984609,13806.869,
TZA,1980,2.0726586,18665.0,
TZA,1990,2.8242368,25214.0,
TZA,2000,3.4000792,33712.0,
TZA,2010,3.645323,,
UGA,1500,,1500.0,
UGA,1700,,2000.0,
UGA,1800,,2500.0,
UGA,1820,,2101.397,
UGA,1850,,2960.34257,
UGA,1860,,3080.91062,
UGA,1870,0.04,3206.38912,
UGA,1880,0.05,3370.36429,
UGA,1890,0.06,3542.72516,
UGA,1900,0.07,3507.45691,
UGA,1910,0.09,3236.74932,
UGA,1920,0.1,3172.59385,
UGA,1930,0.38,3755.12162,
UGA,1940,0.65,4315.22612,
UGA,1950,0.93,5158.0,
UGA,1960,1.2,6787.0,
UGA,1970,1.81,9743.0,
UGA,1980,2.18,12415.0,
UGA,1990,2.62,17456.0,
UGA,2000,3.33,23956.0,
UGA,2010,4.54,,
UKR,1661,,,1.0
UKR,1800,,11215.49,
UKR,1804,,,1.0
UKR,1820,,11215.49,
UKR,1834,,,1.0
UKR,1864,,,1.0
UKR,1875,,,1.0
UKR,1918,,,1.0
UKR,1950,,36774.854,
UKR,1954,,,1.0
UKR,1960,5.1648353,42644.035,
UKR,1965,,,1.0
UKR,1970,6.39496092,47235.697,
UKR,1980,8.4231587,50046.649,
UKR,1989,,,1.0
UKR,1990,9.7066678,51622.275,
UKR,1992,,,1.0
UKR,1993,,,5.0
UKR,1994,,,9.0
UKR,1995,,,1.0
UKR,2000,10.8782811,49007.559,
UKR,2010,11.511519,,
URY,1800,,55.0,
URY,1820,,55.0,
URY,1850,,132.0,
URY,1860,,223.0,
URY,1870,1.61,343.0,
URY,1880,1.77,464.0,
URY,1890,1.94,686.0,
URY,1900,2.23,915.0,
URY,1910,2.5,1081.0,
URY,1920,2.9,1371.0,
URY,1930,3.37,1713.0,
URY,1940,3.864,1965.0,
URY,1950,4.91,2194.275,
URY,1960,5.5,2530.969,
URY,1970,6.12,2823.659,
URY,1980,6.92,2919.851,
URY,1990,7.73,3110.0,
URY,2000,8.37,3328.0,
URY,2010,8.71,,
USA,1500,,2000.0,
USA,1600,,1500.0,
USA,1636,,,1.0
USA,1693,,,1.0
USA,1700,,1000.0,
USA,1701,,,1.0
USA,1743,,,1.0
USA,1746,,,1.0
USA,1750,,2000.0,
USA,1754,,,1.0
USA,1755,,,1.0
USA,1764,,,1.0
USA,1766,,,1.0
USA,1769,,,1.0
USA,1770,,,1.0
USA,1785,,,1.0
USA,1787,,,1.0
USA,1789,,,1.0
USA,1791,,,1.0
USA,1794,,,1.0
USA,1795,,,1.0
USA,1798,,,1.0
USA,1800,,6000.0,
USA,1801,,,1.0
USA,1804,,,1.0
USA,1807,,,1.0
USA,1809,,,1.0
USA,1810,,7240.0,
USA,1816,,,1.0
USA,1817,,,1.0
USA,1819,,,2.0
USA,1820,,9980.51,1.0
USA,1822,,,1.0
USA,1824,,,1.0
USA,1826,,,1.0
USA,1828,,,2.0
USA,1830,,13240.314,1.0
USA,1831,,,1.0
USA,1834,,,1.0
USA,1835,,,1.0
USA,1837,,,3.0
USA,1838,,,2.0
USA,1839,,,4.0
USA,1840,,17443.768,2.0
USA,1842,,,1.0
USA,1844,,,1.0
USA,1846,,,1.0
USA,1847,,,2.0
USA,1848,,,2.0
USA,1849,,,2.0
USA,1850,,23579.7179,1.0
USA,1851,,,3.0
USA,1852,,,1.0
USA,1853,,,1.0
USA,1854,,,2.0
USA,1855,,,4.0
USA,1856,,,3.0
USA,1857,,,5.0
USA,1858,,,2.0
USA,1860,,31838.9007,2.0
USA,1861,,,2.0
USA,1862,,,1.0
USA,1863,,,3.0
USA,1864,,,1.0
USA,1865,,,6.0
USA,1866,,,5.0
USA,1867,,,9.0
USA,1868,,,6.0
USA,1869,,,4.0
USA,1870,5.57,40240.6295,5.0
USA,1871,,,8.0
USA,1872,,,5.0
USA,1873,,,4.0
USA,1874,,,3.0
USA,1875,,,2.0
USA,1876,,,5.0
USA,1877,,,1.0
USA,1878,,,3.0
USA,1879,,,1.0
USA,1880,6.02,50458.0,3.0
USA,1881,,,4.0
USA,1882,,,2.0
USA,1883,,,4.0
USA,1884,,,3.0
USA,1885,,,4.0
USA,1886,,,5.0
USA,1887,,,7.0
USA,1888,,,3.0
USA,1889,,,16.0
USA,1890,6.6,63302.0,9.0
USA,1891,,,6.0
USA,1892,,,2.0
USA,1893,,,9.0
USA,1894,,,4.0
USA,1895,,,6.0
USA,1896,,,2.0
USA,1897,,,4.0
USA,1898,,,2.0
USA,1899,,,7.0
USA,1900,7.09,76391.0,1.0
USA,1901,,,6.0
USA,1902,,,1.0
USA,1903,,,5.0
USA,1905,,,4.0
USA,1906,,,6.0
USA,1907,,,3.0
USA,1908,,,6.0
USA,1909,,,10.0
USA,1910,7.46,92767.0,7.0
USA,1911,,,4.0
USA,1912,,,2.0
USA,1913,,,3.0
USA,1914,,,1.0
USA,1915,,,2.0
USA,1916,,,2.0
USA,1917,,,2.0
USA,1918,,,2.0
USA,1919,,,2.0
USA,1920,7.84,106881.0,
USA,1921,,,1.0
USA,1922,,,2.0
USA,1923,,,4.0
USA,1924,,,1.0
USA,1925,,,6.0
USA,1927,,,8.0
USA,1928,,,2.0
USA,1929,,,4.0
USA,1930,8.46,123668.0,1.0
USA,1931,,,2.0
USA,1933,,,2.0
USA,1934,,,1.0
USA,1935,,,2.0
USA,1937,,,1.0
USA,1938,,,1.0
USA,1939,,,1.0
USA,1940,8.860001,132637.0,
USA,1941,,,2.0
USA,1944,,,1.0
USA,1945,,,1.0
USA,1946,,,6.0
USA,1947,,,6.0
USA,1948,,,3.0
USA,1949,,,1.0
USA,1950,9.61,152271.0,2.0
USA,1954,,,2.0
USA,1956,,,4.0
USA,1957,,,11.0
USA,1958,,,4.0
USA,1959,,,2.0
USA,1960,10.3,180671.0,6.0
USA,1961,,,4.0
USA,1962,,,2.0
USA,1963,,,7.0
USA,1964,,,5.0
USA,1965,,,15.0
USA,1966,,,2.0
USA,1967,,,6.0
USA,1968,,,2.0
USA,1969,,,5.0
USA,1970,11.06,205052.0,2.0
USA,1971,,,7.0
USA,1972,,,3.0
USA,1973,,,2.0
USA,1974,,,4.0
USA,1976,,,2.0
USA,1979,,,1.0
USA,1980,11.93,227726.463,
USA,1986,,,1.0
USA,1989,,,1.0
USA,1990,12.73,250131.894,
USA,1991,,,2.0
USA,1994,,,1.0
USA,2000,13.01,282158.0,1.0
USA,2002,,,1.0
USA,2005,,,1.0
USA,2009,,,2.0
USA,2010,13.61,,
USA,2012,,,1.0
UZB,1800,,1919.159,
UZB,1820,,1919.159,
UZB,1940,2.81077042,,
UZB,1950,,6292.797,
UZB,1960,,8531.032,
UZB,1970,6.35831733,11940.155,
UZB,1980,9.1539195,15994.0,
UZB,1990,10.0224866,20530.0,
UZB,2000,10.2118867,25042.0,
UZB,2010,10.294106,,
VCT,1810,,25.781,
VCT,1820,,25.781,
VCT,1850,,30.0,
VCT,1860,,32.0,
VCT,1870,,36.0,
VCT,1880,,41.0,
VCT,1890,,41.0,
VCT,1900,,48.0,
VCT,1910,,42.0,
VCT,1920,,44.0,
VCT,1930,,48.0,
VCT,1940,,62.0,
VCT,1950,,66.452,
VCT,1960,,81.021,
VCT,1970,,87.51,
VCT,1980,,98.139,
VCT,1990,,106.524,
VCT,2000,,108.0,
VEN,1500,,400.0,
VEN,1550,,400.0,
VEN,1600,,400.0,
VEN,1650,,450.0,
VEN,1700,,500.0,
VEN,1721,,,1.0
VEN,1750,,700.0,
VEN,1800,,1000.0,
VEN,1806,,,1.0
VEN,1810,,802.0,
VEN,1820,,718.0,
VEN,1830,,887.0,
VEN,1840,,1219.0,
VEN,1850,,1324.0,
VEN,1870,1.1,1653.0,
VEN,1880,1.17,1952.0,
VEN,1890,1.25,2224.0,
VEN,1900,1.38,2542.0,
VEN,1910,1.51,2805.0,
VEN,1920,1.58,2992.0,
VEN,1930,1.66,3300.0,
VEN,1940,1.81,3784.0,
VEN,1950,2.53,5009.006,
VEN,1960,3.57,7556.483,
VEN,1970,4.77,10758.017,
VEN,1980,5.59,14767.89,
VEN,1990,5.45,19325.222,
VEN,2000,6.43,23493.0,
VEN,2010,6.63,,
VNM,1500,,2000.0,
VNM,1700,,3000.0,
VNM,1800,,4000.0,
VNM,1820,,6551.0,
VNM,1850,,6000.0,
VNM,1870,,10528.0,
VNM,1890,0.3532206,,
VNM,1898,,,1.0
VNM,1900,0.4108166,11500.0,
VNM,1902,,,1.0
VNM,1910,0.43430899,19339.0,
VNM,1920,0.4904757,,
VNM,1930,0.939367,17702.0,
VNM,1940,2.07843421,18972.0,
VNM,1942,,,1.0
VNM,1945,,,1.0
VNM,1947,,,1.0
VNM,1950,2.7817418,25348.144,
VNM,1951,,,2.0
VNM,1955,,,1.0
VNM,1956,,,3.0
VNM,1957,,,3.0
VNM,1959,,,2.0
VNM,1960,3.1425,31656.282,1.0
VNM,1962,,,1.0
VNM,1966,,,3.0
VNM,1968,,,1.0
VNM,1969,,,1.0
VNM,1970,4.218,42576.676,
VNM,1979,,,1.0
VNM,1980,5.585,53715.202,
VNM,1989,,,1.0
VNM,1990,4.2465,67282.704,1.0
VNM,1994,,,1.0
VNM,1995,,,1.0
VNM,1997,,,2.0
VNM,1999,,,1.0
VNM,2000,5.2195,79060.41,
VNM,2003,,,1.0
VNM,2006,,,1.0
VNM,2008,,,1.0
VNM,2010,6.531995,,
VUT,1800,,27.791,
VUT,1820,,27.791,
VUT,1910,,67.0,
VUT,1920,,60.0,
VUT,1930,,60.0,
VUT,1940,,50.0,
VUT,1950,,52.0,
VUT,1960,,66.087,
VUT,1970,,85.4,
VUT,1980,,116.771,
VUT,1990,,153.785,
VUT,2000,,189.618,
WSM,1700,,43.0,
WSM,1800,,47.3,
WSM,1850,,46.899,
WSM,1900,,33.0,
WSM,1910,,38.0,
WSM,1920,,36.0,
WSM,1930,,56.0,
WSM,1940,,68.0,
WSM,1950,,81.858,
WSM,1960,,110.043,
WSM,1970,,142.331,
WSM,1980,,155.177,
WSM,1990,,172.0,
WSM,2000,,197.0,
YEM,1500,,2250.0,
YEM,1600,,2500.0,
YEM,1700,,2250.0,
YEM,1800,,2593.0,
YEM,1820,,2593.0,
YEM,1870,,2840.0,
YEM,1900,,3000.0,
YEM,1910,,3284.0,
YEM,1950,,4777.089,
YEM,1960,,5871.831,
YEM,1970,,7098.239,2.0
YEM,1980,,9132.545,
YEM,1990,,12416.08,
YEM,1996,,,5.0
YEM,2000,,17495.0,
ZAF,1500,,600.0,
ZAF,1600,,700.0,
ZAF,1700,,1000.0,
ZAF,1820,,1550.0,
ZAF,1850,,3007.53619,
ZAF,1860,,3325.51504,
ZAF,1870,1.1,3677.11295,
ZAF,1880,1.1,4065.88438,
ZAF,1890,1.1,4495.75958,
ZAF,1900,1.1,4971.08435,
ZAF,1910,1.12,5851.8753,
ZAF,1918,,,2.0
ZAF,1920,1.44,6825.11417,
ZAF,1922,,,1.0
ZAF,1930,1.88,8403.07599,1.0
ZAF,1940,2.36,10261.85325,
ZAF,1950,3.13,12410.204,1.0
ZAF,1951,,,1.0
ZAF,1960,3.95,16003.0,
ZAF,1970,4.86,22739.921,1.0
ZAF,1979,,,1.0
ZAF,1980,5.2,29251.588,
ZAF,1981,,,1.0
ZAF,1990,5.83,38476.0,
ZAF,2000,7.44,45064.0,
ZAF,2002,,,1.0
ZAF,2003,,,2.0
ZAF,2004,,,2.0
ZAF,2005,,,2.0
ZAF,2010,7.88,,
ZMB,1800,,747.0,
ZMB,1850,,1593.22851,
ZMB,1860,,1608.8918,
ZMB,1870,,1620.36394,
ZMB,1880,,1638.7188,
ZMB,1890,,1690.1586,
ZMB,1900,,1673.33287,
ZMB,1910,,1575.60077,
ZMB,1920,0.4378213,1513.69916,
ZMB,1930,1.11818315,1756.70967,
ZMB,1940,1.6010366,2018.73607,
ZMB,1950,2.551758,2413.0,
ZMB,1960,2.9298582,3138.0,
ZMB,1970,3.72669732,4251.612,
ZMB,1980,4.8022383,5699.777,
ZMB,1990,5.1673163,7978.0,
ZMB,2000,5.9440118,10205.0,
ZMB,2010,6.353788,,
ZWE,1800,,1085.814,
ZWE,1820,,1085.814,
ZWE,1850,,665.71846,
ZWE,1860,,736.10311,
ZWE,1870,0.01,813.92934,
ZWE,1880,0.02,899.98394,
ZWE,1890,0.02,995.13686,
ZWE,1900,0.03,1100.35005,
ZWE,1910,0.03,1295.31322,
ZWE,1920,0.09,1510.73975,
ZWE,1930,0.5599999,1860.02177,
ZWE,1940,1.04,2271.46231,
ZWE,1950,2.000407,2747.0,
ZWE,1960,2.493421,3751.0,
ZWE,1970,3.323897,5514.536,
ZWE,1980,4.061388,7169.968,
ZWE,1990,5.964283,10156.0,
ZWE,2000,7.263829,11820.0,
ZWE,2010,7.917721,,
