COUNTRYCODE,YEAR,PATENTAPPLICATIONS_OWD
ALB,2011,3
ALB,2014,10
ALB,2015,14
ALB,2016,20
ALB,2017,16
ALB,2018,15
ALB,2019,4
ALB,2021,23
DZA,1980,5
DZA,1981,14
DZA,1982,14
DZA,1983,30
DZA,1984,30
DZA,1988,5
DZA,1989,4
DZA,1990,6
DZA,1991,6
DZA,1992,10
DZA,1993,8
DZA,1994,27
DZA,1995,28
DZA,1996,50
DZA,1997,34
DZA,1998,42
DZA,1999,36
DZA,2000,32
DZA,2001,51
DZA,2002,43
DZA,2003,30
DZA,2004,58
DZA,2005,59
DZA,2006,58
DZA,2007,84
DZA,2010,76
DZA,2011,94
DZA,2012,119
DZA,2013,118
DZA,2014,94
DZA,2015,89
DZA,2016,106
DZA,2017,149
DZA,2018,152
DZA,2019,113
DZA,2020,163
DZA,2021,268
AND,2018,1
AND,2019,3
AND,2020,3
AND,2021,3
AGO,1992,4
AGO,2018,6
AGO,2019,2
ATG,2018,5
ARG,1980,1269
ARG,1981,954
ARG,1982,951
ARG,1983,1102
ARG,1984,1182
ARG,1990,955
ARG,1991,943
ARG,1992,503
ARG,1993,787
ARG,1994,694
ARG,1995,676
ARG,1996,1097
ARG,1997,824
ARG,1998,861
ARG,1999,899
ARG,2000,1062
ARG,2001,691
ARG,2002,718
ARG,2003,792
ARG,2004,786
ARG,2005,1054
ARG,2006,1020
ARG,2007,937
ARG,2008,801
ARG,2009,640
ARG,2010,552
ARG,2011,688
ARG,2012,735
ARG,2013,643
ARG,2014,509
ARG,2015,546
ARG,2016,884
ARG,2017,393
ARG,2018,425
ARG,2019,442
ARG,2020,930
ARG,2021,406
ARM,1993,184
ARM,1994,154
ARM,1995,187
ARM,1996,162
ARM,1997,62
ARM,1998,75
ARM,1999,109
ARM,2000,119
ARM,2001,140
ARM,2002,200
ARM,2003,151
ARM,2005,206
ARM,2006,192
ARM,2007,135
ARM,2008,226
ARM,2009,116
ARM,2010,136
ARM,2011,121
ARM,2012,137
ARM,2013,125
ARM,2014,121
ARM,2015,113
ARM,2016,125
ARM,2017,107
ARM,2018,101
ARM,2019,112
ARM,2020,63
ARM,2021,40
ABW,2002,1
AUS,1980,397
AUS,1981,458
AUS,1982,369
AUS,1983,446
AUS,1984,565
AUS,1985,699
AUS,1986,967
AUS,1987,1131
AUS,1988,1418
AUS,1989,1649
AUS,1990,1712
AUS,1991,1717
AUS,1992,1695
AUS,1993,1663
AUS,1994,1699
AUS,1995,1784
AUS,1996,1797
AUS,1997,1760
AUS,1998,1862
AUS,1999,1858
AUS,2000,1928
AUS,2001,2187
AUS,2002,2364
AUS,2003,2418
AUS,2004,2559
AUS,2005,2555
AUS,2006,2837
AUS,2007,2718
AUS,2008,2821
AUS,2009,2494
AUS,2010,2409
AUS,2011,2383
AUS,2012,2627
AUS,2013,3061
AUS,2014,1988
AUS,2015,2291
AUS,2016,2620
AUS,2017,2503
AUS,2018,2757
AUS,2019,2637
AUS,2020,2368
AUS,2021,2966
AUT,1980,2327
AUT,1981,2390
AUT,1982,2233
AUT,1983,2345
AUT,1984,2324
AUT,1985,2269
AUT,1986,2210
AUT,1987,2249
AUT,1988,2212
AUT,1989,2105
AUT,1990,2025
AUT,1991,2076
AUT,1992,2117
AUT,1993,2190
AUT,1994,1989
AUT,1995,1728
AUT,1996,1909
AUT,1997,1910
AUT,1998,1957
AUT,1999,2028
AUT,2000,1961
AUT,2001,1815
AUT,2002,1932
AUT,2003,2120
AUT,2004,2248
AUT,2005,2270
AUT,2006,2271
AUT,2007,2385
AUT,2008,2298
AUT,2009,2263
AUT,2010,2424
AUT,2011,2154
AUT,2012,2258
AUT,2013,2162
AUT,2014,2092
AUT,2015,2205
AUT,2016,2078
AUT,2017,2073
AUT,2018,2039
AUT,2019,2066
AUT,2020,2124
AUT,2021,1872
AZE,1995,221
AZE,1996,165
AZE,2001,203
AZE,2002,234
AZE,2003,246
AZE,2004,270
AZE,2005,281
AZE,2006,246
AZE,2007,287
AZE,2008,226
AZE,2009,264
AZE,2010,254
AZE,2011,193
AZE,2012,144
AZE,2013,156
AZE,2014,168
AZE,2015,184
AZE,2016,144
AZE,2017,204
AZE,2018,155
AZE,2019,147
AZE,2020,90
AZE,2021,119
BHS,1981,2
BHS,1982,3
BHS,1984,3
BHS,1985,3
BHS,1986,1
BHS,1988,4
BHS,1990,2
BHS,1991,1
BHS,1992,2
BHS,2012,3
BHS,2013,1
BHS,2014,1
BHS,2015,2
BHS,2016,3
BHS,2017,4
BHR,1981,1
BHR,2011,1
BHR,2012,3
BHR,2013,3
BHR,2014,6
BHR,2015,8
BHR,2016,6
BHR,2017,8
BHR,2018,11
BHR,2019,4
BHR,2020,7
BHR,2021,3
BGD,1980,34
BGD,1981,39
BGD,1982,40
BGD,1983,40
BGD,1984,62
BGD,1985,40
BGD,1986,16
BGD,1987,23
BGD,1988,24
BGD,1989,32
BGD,1990,32
BGD,1991,36
BGD,1992,72
BGD,1993,36
BGD,1994,39
BGD,1995,70
BGD,1996,22
BGD,1997,46
BGD,1998,32
BGD,1999,49
BGD,2000,70
BGD,2001,59
BGD,2002,43
BGD,2003,58
BGD,2004,48
BGD,2005,50
BGD,2006,22
BGD,2007,29
BGD,2008,60
BGD,2009,55
BGD,2010,66
BGD,2011,37
BGD,2012,67
BGD,2013,60
BGD,2014,44
BGD,2015,41
BGD,2016,77
BGD,2017,61
BGD,2018,69
BGD,2019,68
BGD,2020,40
BGD,2021,74
BRB,1984,3
BRB,2003,2
BRB,2007,3
BRB,2008,1
BRB,2013,3
BRB,2014,1
BRB,2020,29
BRB,2021,73
BLR,1993,828
BLR,1994,683
BLR,1995,624
BLR,1996,698
BLR,1997,752
BLR,1998,910
BLR,1999,993
BLR,2000,994
BLR,2001,930
BLR,2002,895
BLR,2003,1082
BLR,2004,1065
BLR,2005,1166
BLR,2006,1188
BLR,2007,1405
BLR,2008,1510
BLR,2009,1753
BLR,2010,1759
BLR,2011,1725
BLR,2012,1681
BLR,2013,1489
BLR,2014,652
BLR,2015,543
BLR,2016,455
BLR,2017,434
BLR,2018,453
BLR,2019,298
BLR,2020,317
BLR,2021,276
BEL,1980,865
BEL,1981,806
BEL,1982,914
BEL,1983,805
BEL,1984,869
BEL,1985,771
BEL,1986,794
BEL,1987,548
BEL,1988,636
BEL,1989,681
BEL,1990,643
BEL,1991,625
BEL,1992,675
BEL,1993,809
BEL,1994,744
BEL,1995,732
BEL,1996,776
BEL,1997,792
BEL,1998,690
BEL,1999,591
BEL,2000,577
BEL,2001,571
BEL,2002,601
BEL,2003,519
BEL,2004,514
BEL,2005,517
BEL,2006,490
BEL,2007,454
BEL,2008,575
BEL,2009,669
BEL,2010,620
BEL,2011,636
BEL,2012,755
BEL,2013,715
BEL,2014,889
BEL,2015,949
BEL,2016,1054
BEL,2017,1001
BEL,2018,892
BEL,2019,876
BEL,2020,862
BEL,2021,799
BLZ,2006,1
BTN,2012,3
BTN,2013,3
BTN,2015,1
BTN,2016,4
BTN,2018,1
BTN,2019,1
BOL,1980,8
BOL,1981,12
BOL,1982,18
BOL,1983,11
BOL,1984,4
BOL,1985,5
BOL,1993,26
BOL,1994,28
BOL,1995,17
BOL,2014,9
BOL,2016,12
BOL,2017,59
BOL,2020,8
BOL,2021,5
BIH,1999,23
BIH,2000,31
BIH,2001,52
BIH,2003,32
BIH,2004,50
BIH,2005,66
BIH,2006,55
BIH,2008,59
BIH,2010,56
BIH,2011,43
BIH,2012,2
BIH,2013,7
BIH,2014,41
BIH,2016,60
BIH,2017,87
BIH,2018,84
BIH,2019,45
BIH,2020,50
BIH,2021,53
BWA,2011,1
BWA,2012,5
BWA,2013,8
BWA,2014,4
BWA,2015,3
BWA,2016,1
BWA,2017,3
BWA,2019,2
BWA,2020,2
BWA,2021,3
BRA,1980,2149
BRA,1981,2171
BRA,1982,2116
BRA,1983,2302
BRA,1984,2062
BRA,1985,1954
BRA,1986,1855
BRA,1987,2451
BRA,1988,2338
BRA,1989,2323
BRA,1990,2389
BRA,1991,2319
BRA,1992,2100
BRA,1993,2429
BRA,1994,2269
BRA,1995,2707
BRA,1996,2611
BRA,1997,2756
BRA,1998,2491
BRA,1999,2816
BRA,2000,3179
BRA,2001,3439
BRA,2002,3481
BRA,2003,3866
BRA,2004,4044
BRA,2005,4054
BRA,2006,3956
BRA,2007,4194
BRA,2008,4280
BRA,2009,4271
BRA,2010,4228
BRA,2011,4695
BRA,2012,4798
BRA,2013,4959
BRA,2014,4659
BRA,2015,4641
BRA,2016,5200
BRA,2017,5480
BRA,2018,4980
BRA,2019,5464
BRA,2020,5280
BRA,2021,4666
BRN,2012,20
BRN,2013,20
BRN,2014,26
BRN,2016,16
BRN,2017,8
BRN,2018,26
BRN,2019,8
BRN,2020,5
BRN,2021,2
BGR,1980,3297
BGR,1981,3673
BGR,1982,3628
BGR,1983,3811
BGR,1984,3843
BGR,1985,2
BGR,1986,1
BGR,1987,3
BGR,1988,6
BGR,1989,63
BGR,1990,198
BGR,1991,422
BGR,1992,329
BGR,1993,412
BGR,1994,319
BGR,1995,368
BGR,1996,316
BGR,1997,394
BGR,1998,274
BGR,1999,282
BGR,2000,231
BGR,2001,283
BGR,2002,289
BGR,2003,278
BGR,2004,263
BGR,2005,261
BGR,2006,243
BGR,2007,211
BGR,2008,249
BGR,2009,242
BGR,2010,243
BGR,2011,262
BGR,2012,245
BGR,2013,282
BGR,2014,218
BGR,2015,280
BGR,2016,230
BGR,2017,202
BGR,2018,180
BGR,2019,186
BGR,2020,239
BGR,2021,165
BFA,1998,2
BFA,1999,4
BFA,2000,2
BFA,2003,1
BFA,2004,2
BFA,2005,1
BFA,2010,2
BDI,1989,1
BDI,1996,1
BDI,2017,3
BDI,2018,2
BDI,2020,2
KHM,2013,1
KHM,2014,2
KHM,2016,3
KHM,2018,1
CAN,1980,1648
CAN,1981,2164
CAN,1982,2000
CAN,1983,2017
CAN,1984,2026
CAN,1985,2092
CAN,1986,2161
CAN,1987,2527
CAN,1988,2772
CAN,1989,3031
CAN,1990,2549
CAN,1991,2182
CAN,1992,2807
CAN,1993,3623
CAN,1994,2480
CAN,1995,2431
CAN,1996,2583
CAN,1997,3344
CAN,1998,3809
CAN,1999,4061
CAN,2000,4187
CAN,2001,3963
CAN,2002,3959
CAN,2003,3929
CAN,2004,5231
CAN,2005,5183
CAN,2006,5522
CAN,2007,4998
CAN,2008,5061
CAN,2009,5067
CAN,2010,4550
CAN,2011,4754
CAN,2012,4709
CAN,2013,4567
CAN,2014,4198
CAN,2015,4277
CAN,2016,4078
CAN,2017,4053
CAN,2018,4349
CAN,2019,4238
CAN,2020,4452
CAN,2021,4710
CPV,2016,2
CPV,2017,2
CPV,2018,3
CPV,2020,1
CPV,2021,1
CHL,1980,140
CHL,1981,92
CHL,1982,96
CHL,1983,96
CHL,1984,105
CHL,1985,122
CHL,1986,96
CHL,1987,108
CHL,1988,111
CHL,1989,135
CHL,1990,169
CHL,1991,151
CHL,1992,178
CHL,1993,155
CHL,1994,219
CHL,1995,171
CHL,1996,176
CHL,1997,161
CHL,1998,207
CHL,1999,204
CHL,2000,241
CHL,2001,246
CHL,2002,391
CHL,2003,329
CHL,2004,382
CHL,2005,361
CHL,2006,291
CHL,2007,403
CHL,2008,531
CHL,2009,343
CHL,2010,328
CHL,2011,339
CHL,2012,336
CHL,2013,340
CHL,2014,452
CHL,2015,443
CHL,2016,386
CHL,2017,425
CHL,2018,406
CHL,2019,438
CHL,2020,372
CHL,2021,402
CHN,1985,4065
CHN,1986,3494
CHN,1987,3975
CHN,1988,4780
CHN,1989,4749
CHN,1990,5832
CHN,1991,7372
CHN,1992,10022
CHN,1993,12084
CHN,1994,11191
CHN,1995,10011
CHN,1996,11628
CHN,1997,12672
CHN,1998,13751
CHN,1999,15626
CHN,2000,25346
CHN,2001,30038
CHN,2002,39806
CHN,2003,56769
CHN,2004,65786
CHN,2005,93485
CHN,2006,122318
CHN,2007,153060
CHN,2008,194579
CHN,2009,229096
CHN,2010,293066
CHN,2011,415829
CHN,2012,535313
CHN,2013,704936
CHN,2014,801135
CHN,2015,968252
CHN,2016,1204981
CHN,2017,1245709
CHN,2018,1393815
CHN,2019,1243568
CHN,2020,1344817
CHN,2021,1426644
COL,1980,43
COL,1981,39
COL,1983,82
COL,1984,69
COL,1985,72
COL,1986,81
COL,1987,52
COL,1988,85
COL,1989,90
COL,1991,85
COL,1992,120
COL,1993,138
COL,1994,124
COL,1995,141
COL,1996,87
COL,1997,80
COL,1998,161
COL,1999,68
COL,2000,75
COL,2001,65
COL,2002,54
COL,2003,82
COL,2004,76
COL,2005,99
COL,2006,142
COL,2007,128
COL,2008,126
COL,2009,128
COL,2010,133
COL,2011,183
COL,2012,213
COL,2013,251
COL,2014,260
COL,2015,321
COL,2016,545
COL,2017,595
COL,2018,415
COL,2019,422
COL,2020,369
COL,2021,432
COG,1986,5
COG,1988,19
CRI,1980,30
CRI,1981,41
CRI,1982,39
CRI,1983,16
CRI,1984,24
CRI,1985,16
CRI,1986,11
CRI,1987,10
CRI,1988,10
CRI,1989,13
CRI,1990,15
CRI,1991,63
CRI,1992,18
CRI,1993,27
CRI,1994,32
CRI,1995,25
CRI,1996,23
CRI,1997,25
CRI,1998,22
CRI,1999,31
CRI,2000,28
CRI,2001,21
CRI,2002,23
CRI,2003,33
CRI,2004,26
CRI,2005,17
CRI,2006,22
CRI,2007,20
CRI,2008,24
CRI,2009,16
CRI,2010,8
CRI,2011,13
CRI,2012,9
CRI,2013,18
CRI,2014,15
CRI,2015,17
CRI,2016,9
CRI,2017,19
CRI,2018,8
CRI,2019,16
CRI,2020,12
CRI,2021,15
CIV,2012,26
HRV,1992,479
HRV,1993,503
HRV,1994,277
HRV,1995,265
HRV,1996,259
HRV,1997,273
HRV,1998,267
HRV,1999,246
HRV,2000,337
HRV,2001,362
HRV,2002,328
HRV,2003,387
HRV,2004,385
HRV,2005,363
HRV,2006,317
HRV,2007,344
HRV,2008,330
HRV,2009,250
HRV,2010,257
HRV,2011,230
HRV,2012,217
HRV,2013,230
HRV,2014,170
HRV,2015,169
HRV,2016,175
HRV,2017,148
HRV,2018,121
HRV,2019,195
HRV,2020,117
HRV,2021,77
CUB,1980,129
CUB,1981,122
CUB,1982,183
CUB,1983,166
CUB,1984,214
CUB,1992,1
CUB,1993,1
CUB,1994,121
CUB,1995,104
CUB,1996,83
CUB,1997,109
CUB,1999,110
CUB,2005,105
CUB,2006,94
CUB,2007,74
CUB,2008,69
CUB,2009,59
CUB,2011,62
CUB,2012,38
CUB,2013,27
CUB,2014,24
CUB,2016,32
CUB,2017,29
CUB,2018,29
CUB,2019,27
CUB,2020,33
CUB,2021,21
CYP,1980,1
CYP,1983,2
CYP,1984,2
CYP,2003,12
CYP,2004,9
CYP,2005,20
CYP,2007,3
CYP,2008,11
CYP,2009,6
CYP,2010,4
CYP,2012,4
CYP,2013,2
CYP,2014,4
CYP,2015,6
CYP,2016,3
CYP,2017,8
CYP,2018,4
CYP,2019,4
CYP,2020,2
CYP,2021,1
CZE,1993,893
CZE,1994,756
CZE,1995,626
CZE,1996,614
CZE,1997,579
CZE,1998,624
CZE,1999,596
CZE,2000,555
CZE,2001,568
CZE,2002,526
CZE,2003,625
CZE,2004,623
CZE,2005,586
CZE,2006,641
CZE,2007,716
CZE,2008,712
CZE,2009,789
CZE,2010,868
CZE,2011,783
CZE,2012,867
CZE,2013,984
CZE,2014,910
CZE,2015,880
CZE,2016,792
CZE,2017,794
CZE,2018,678
CZE,2019,765
CZE,2020,673
CZE,2021,541
COD,2018,44
COD,2019,42
COD,2020,72
DNK,1980,964
DNK,1981,1085
DNK,1982,1095
DNK,1983,1167
DNK,1984,966
DNK,1985,856
DNK,1986,958
DNK,1987,1007
DNK,1988,1197
DNK,1989,1120
DNK,1990,1218
DNK,1991,1061
DNK,1992,1204
DNK,1993,1159
DNK,1994,1274
DNK,1995,1234
DNK,1996,1309
DNK,1997,1319
DNK,1998,1543
DNK,1999,1656
DNK,2000,1730
DNK,2001,1757
DNK,2002,1815
DNK,2003,1772
DNK,2004,1877
DNK,2005,1658
DNK,2006,1503
DNK,2007,1660
DNK,2008,1634
DNK,2009,1518
DNK,2010,1626
DNK,2011,1574
DNK,2012,1406
DNK,2013,1341
DNK,2014,1377
DNK,2015,1462
DNK,2016,1552
DNK,2017,1490
DNK,2018,1262
DNK,2019,1351
DNK,2020,1261
DNK,2021,1090
DJI,2013,1
DJI,2021,3
DOM,1983,25
DOM,1986,14
DOM,2000,5
DOM,2001,11
DOM,2002,11
DOM,2003,18
DOM,2004,24
DOM,2005,8
DOM,2006,15
DOM,2007,34
DOM,2008,8
DOM,2009,17
DOM,2010,15
DOM,2011,15
DOM,2012,19
DOM,2013,12
DOM,2014,16
DOM,2015,25
DOM,2016,28
DOM,2017,20
DOM,2018,17
DOM,2019,23
DOM,2020,10
DOM,2021,7
,1980,174842
,1981,8816
,1982,9335
,1983,237536
,1984,266660
,1985,282371
,1986,298506
,1987,321054
,1988,320456
,1989,330514
,1990,349337
,1991,357989
,1992,365512
,1993,367734
,1994,361691
,1995,407756
,1996,424249
,1997,435329
,1998,428311
,1999,436757
,2000,490611
,2001,496382
,2002,492283
,2003,512027
,2004,546382
,2005,596811
,2006,609378
,2007,629917
,2008,659377
,2009,667812
,2010,731535
,2011,857546
,2012,986823
,2013,1146947
,2014,1240339
,2015,1403980
,2016,1638504
,2017,1684097
,2018,1828229
,2019,1679298
,2020,1769228
ECU,1980,35
ECU,1981,14
ECU,1982,22
ECU,1983,24
ECU,1984,24
ECU,1986,27
ECU,1987,21
ECU,1988,24
ECU,1989,26
ECU,1991,13
ECU,1992,23
ECU,1993,21
ECU,1994,4
ECU,1995,8
ECU,1996,7
ECU,1997,8
ECU,1999,15
ECU,2000,10
ECU,2001,7
ECU,2002,13
ECU,2003,7
ECU,2004,14
ECU,2005,11
ECU,2006,8
ECU,2007,4
ECU,2008,2
ECU,2009,6
ECU,2010,4
ECU,2013,7
ECU,2014,24
ECU,2015,20
ECU,2016,45
ECU,2017,16
ECU,2018,34
ECU,2019,29
ECU,2020,33
ECU,2021,35
EGY,1980,76
EGY,1981,59
EGY,1982,53
EGY,1983,88
EGY,1984,128
EGY,1985,168
EGY,1986,142
EGY,1987,170
EGY,1988,190
EGY,1989,186
EGY,1990,278
EGY,1991,308
EGY,1992,301
EGY,1993,328
EGY,1994,308
EGY,1995,408
EGY,1996,504
EGY,1998,494
EGY,1999,536
EGY,2000,534
EGY,2001,464
EGY,2002,627
EGY,2003,493
EGY,2004,382
EGY,2005,428
EGY,2007,516
EGY,2008,481
EGY,2009,490
EGY,2010,605
EGY,2011,618
EGY,2012,683
EGY,2013,641
EGY,2014,752
EGY,2015,718
EGY,2016,920
EGY,2017,1025
EGY,2018,997
EGY,2019,1027
EGY,2020,978
EGY,2021,881
SLV,1980,12
SLV,1982,22
SLV,1983,39
SLV,1984,31
SLV,1985,16
SLV,1989,19
SLV,1990,10
SLV,1991,10
SLV,1992,11
SLV,1993,10
SLV,1994,10
SLV,1995,3
SLV,2015,7
SLV,2016,4
SLV,2017,4
SLV,2018,3
SLV,2019,1
SLV,2020,4
SLV,2021,2
EST,1994,16
EST,1995,16
EST,1996,12
EST,1997,15
EST,1998,20
EST,1999,13
EST,2000,13
EST,2001,18
EST,2002,19
EST,2003,18
EST,2004,27
EST,2005,23
EST,2006,36
EST,2007,44
EST,2008,62
EST,2009,76
EST,2010,84
EST,2011,62
EST,2012,20
EST,2013,25
EST,2014,44
EST,2015,30
EST,2016,29
EST,2017,37
EST,2018,24
EST,2019,31
EST,2020,21
EST,2021,25
ETH,1996,3
ETH,2000,3
ETH,2002,1
ETH,2003,3
ETH,2004,1
ETH,2005,1
ETH,2006,5
ETH,2007,12
ETH,2011,4
ETH,2013,1
ETH,2014,2
ETH,2015,18
ETH,2016,10
ETH,2017,14
ETH,2018,13
ETH,2020,6
,1980,99430
,1981,93973
,1982,95118
,1983,97368
,1984,97815
,1985,98000
,1986,96472
,1987,97601
,1988,100976
,1989,96217
,1990,90542
,1991,112316
,1992,161722
,1993,166245
,1994,153787
,1995,142426
,1996,163870
,1997,161961
,1998,171753
,1999,191401
,2000,204843
,2001,200690
,2002,190235
,2003,196039
,2004,199480
,2005,200131
,2006,205797
,2007,219661
,2008,224231
,2009,217062
,2010,227012
,2011,222070
,2012,223012
,2013,225391
,2014,221770
,2015,218330
,2016,224785
,2017,222576
,2018,223725
,2019,221382
,2020,215964
FJI,1980,2
FIN,1980,1356
FIN,1981,1423
FIN,1982,1638
FIN,1983,1719
FIN,1984,1775
FIN,1985,1727
FIN,1986,1754
FIN,1987,1859
FIN,1988,1981
FIN,1989,1948
FIN,1990,2059
FIN,1991,2123
FIN,1992,2052
FIN,1993,2166
FIN,1994,2306
FIN,1995,2058
FIN,1996,2179
FIN,1997,2355
FIN,1998,2471
FIN,1999,2511
FIN,2000,2579
FIN,2001,2390
FIN,2002,2162
FIN,2003,1972
FIN,2004,2011
FIN,2005,1830
FIN,2006,1816
FIN,2007,1804
FIN,2008,1799
FIN,2009,1806
FIN,2010,1731
FIN,2011,1650
FIN,2012,1698
FIN,2013,1596
FIN,2014,1419
FIN,2015,1289
FIN,2016,1260
FIN,2017,1390
FIN,2018,1387
FIN,2019,1321
FIN,2020,1588
FIN,2021,1557
FRA,1980,11000
FRA,1981,10945
FRA,1982,10681
FRA,1983,11147
FRA,1984,11333
FRA,1985,12050
FRA,1986,12155
FRA,1987,12695
FRA,1988,12437
FRA,1989,12592
FRA,1990,12378
FRA,1991,12597
FRA,1992,12539
FRA,1993,12638
FRA,1994,12519
FRA,1995,12419
FRA,1996,12916
FRA,1997,13252
FRA,1998,13251
FRA,1999,13592
FRA,2000,13870
FRA,2001,13499
FRA,2002,13519
FRA,2003,13511
FRA,2004,14230
FRA,2005,14327
FRA,2006,14529
FRA,2007,14722
FRA,2008,14658
FRA,2009,14100
FRA,2010,14748
FRA,2011,14655
FRA,2012,14540
FRA,2013,14690
FRA,2014,14500
FRA,2015,14306
FRA,2016,14206
FRA,2017,14415
FRA,2018,14303
FRA,2019,14103
FRA,2020,12771
FRA,2021,13386
GEO,1992,365
GEO,1993,502
GEO,1994,386
GEO,1995,287
GEO,1996,288
GEO,1997,263
GEO,1998,277
GEO,1999,265
GEO,2000,232
GEO,2001,254
GEO,2002,194
GEO,2003,195
GEO,2004,249
GEO,2005,225
GEO,2006,236
GEO,2007,248
GEO,2008,222
GEO,2009,256
GEO,2010,183
GEO,2011,138
GEO,2012,139
GEO,2013,114
GEO,2014,110
GEO,2015,99
GEO,2016,96
GEO,2017,75
GEO,2018,103
GEO,2019,85
GEO,2020,81
GEO,2021,90
DEU,1980,28683
DEU,1981,29841
DEU,1982,30668
DEU,1983,31658
DEU,1984,31984
DEU,1985,32202
DEU,1986,32169
DEU,1987,31597
DEU,1988,31912
DEU,1989,31171
DEU,1990,30724
DEU,1991,32256
DEU,1992,33919
DEU,1993,34752
DEU,1994,36715
DEU,1995,38103
DEU,1996,42322
DEU,1997,44438
DEU,1998,46523
DEU,1999,50029
DEU,2000,51736
DEU,2001,49989
DEU,2002,47598
DEU,2003,47818
DEU,2004,48448
DEU,2005,48367
DEU,2006,48012
DEU,2007,47853
DEU,2008,49240
DEU,2009,47859
DEU,2010,47047
DEU,2011,46986
DEU,2012,46620
DEU,2013,47353
DEU,2014,48154
DEU,2015,47384
DEU,2016,48480
DEU,2017,47785
DEU,2018,46617
DEU,2019,46632
DEU,2020,42260
DEU,2021,39822
GHA,2016,14
GHA,2017,15
GHA,2018,13
GHA,2020,12
GRC,1980,1265
GRC,1981,1221
GRC,1982,1264
GRC,1983,1191
GRC,1984,1277
GRC,1985,1121
GRC,1986,1249
GRC,1987,1539
GRC,1988,205
GRC,1989,216
GRC,1990,241
GRC,1991,188
GRC,1992,222
GRC,1993,221
GRC,1994,267
GRC,1995,266
GRC,1996,267
GRC,1997,293
GRC,1998,276
GRC,1999,290
GRC,2000,306
GRC,2001,385
GRC,2002,376
GRC,2003,393
GRC,2004,379
GRC,2005,462
GRC,2006,532
GRC,2007,575
GRC,2008,628
GRC,2009,698
GRC,2010,728
GRC,2011,722
GRC,2012,628
GRC,2013,698
GRC,2014,651
GRC,2015,550
GRC,2016,606
GRC,2017,498
GRC,2018,430
GRC,2019,356
GRC,2020,400
GRC,2021,394
GTM,1982,17
GTM,1985,72
GTM,1986,25
GTM,1987,8
GTM,1988,16
GTM,1989,5
GTM,1990,27
GTM,1991,31
GTM,1992,27
GTM,1993,40
GTM,1994,21
GTM,1995,32
GTM,1996,22
GTM,1997,36
GTM,1998,26
GTM,1999,28
GTM,2000,54
GTM,2001,30
GTM,2002,8
GTM,2003,6
GTM,2004,9
GTM,2005,17
GTM,2006,28
GTM,2007,9
GTM,2008,5
GTM,2009,7
GTM,2010,7
GTM,2011,4
GTM,2012,7
GTM,2013,4
GTM,2014,10
GTM,2015,7
GTM,2016,3
GTM,2017,3
GTM,2018,6
GTM,2019,7
GTM,2020,7
GTM,2021,9
GUY,1983,1
GUY,1985,1
GUY,1986,9
GUY,2014,1
GUY,2016,1
GUY,2018,2
GUY,2021,40
HTI,1980,4
HTI,1982,2
HTI,1983,1
HTI,1984,2
HTI,1985,6
HTI,1986,4
HTI,1987,9
HTI,1988,1
HTI,1991,3
HTI,1996,3
HTI,1999,1
HTI,2011,1
HTI,2012,2
HTI,2014,2
,1997,690700
,1998,706700
,1999,735400
,2000,804200
,2001,816900
,2002,805800
,2003,821000
,2004,851300
,2005,886700
,2006,886500
,2007,898400
,2008,888200
,2009,841600
,2010,861700
,2011,868300
,2012,899800
,2013,916300
,2014,912900
,2015,912900
,2016,917400
,2017,911300
,2018,900300
,2019,900200
,2020,870300
HND,1980,6
HND,1982,63
HND,1983,16
HND,1984,4
HND,1985,12
HND,1987,12
HND,1990,6
HND,1995,7
HND,1996,10
HND,1998,11
HND,1999,8
HND,2000,4
HND,2001,7
HND,2002,7
HND,2011,2
HND,2012,8
HND,2013,6
HND,2015,4
HND,2016,10
HND,2017,4
HND,2018,8
HKG,1983,21
HKG,1984,20
HKG,1985,16
HKG,1986,10
HKG,1987,13
HKG,1988,12
HKG,1989,15
HKG,1990,21
HKG,1991,16
HKG,1992,11
HKG,1993,9
HKG,1994,21
HKG,1995,23
HKG,1996,41
HKG,1997,26
HKG,1998,128
HKG,1999,42
HKG,2000,51
HKG,2001,74
HKG,2002,112
HKG,2003,107
HKG,2004,127
HKG,2005,156
HKG,2006,172
HKG,2007,160
HKG,2008,173
HKG,2009,149
HKG,2010,133
HKG,2011,181
HKG,2012,171
HKG,2013,226
HKG,2014,192
HKG,2015,239
HKG,2016,233
HKG,2017,324
HKG,2018,314
HKG,2019,346
HKG,2020,423
HKG,2021,401
HUN,1980,1601
HUN,1981,2124
HUN,1982,2344
HUN,1983,2760
HUN,1984,2869
HUN,1985,2904
HUN,1986,2847
HUN,1987,3229
HUN,1988,3262
HUN,1989,2657
HUN,1990,2477
HUN,1991,2210
HUN,1992,1497
HUN,1993,1139
HUN,1994,1162
HUN,1995,1096
HUN,1996,803
HUN,1997,737
HUN,1998,690
HUN,1999,729
HUN,2000,810
HUN,2001,919
HUN,2002,842
HUN,2003,756
HUN,2004,748
HUN,2005,705
HUN,2006,718
HUN,2007,689
HUN,2008,683
HUN,2009,757
HUN,2010,649
HUN,2011,662
HUN,2012,692
HUN,2013,642
HUN,2014,546
HUN,2015,569
HUN,2016,616
HUN,2017,496
HUN,2018,407
HUN,2019,427
HUN,2020,428
HUN,2021,433
ISL,1980,19
ISL,1981,14
ISL,1982,18
ISL,1983,32
ISL,1984,28
ISL,1985,21
ISL,1986,29
ISL,1987,28
ISL,1988,16
ISL,1989,18
ISL,1990,17
ISL,1991,34
ISL,1992,28
ISL,1993,34
ISL,1994,22
ISL,1995,19
ISL,1996,16
ISL,1997,22
ISL,1998,41
ISL,1999,35
ISL,2000,51
ISL,2001,49
ISL,2002,71
ISL,2003,57
ISL,2004,66
ISL,2005,47
ISL,2006,45
ISL,2007,61
ISL,2008,50
ISL,2009,64
ISL,2010,57
ISL,2011,50
ISL,2012,37
ISL,2013,33
ISL,2014,51
ISL,2015,40
ISL,2016,35
ISL,2017,36
ISL,2018,56
ISL,2019,47
ISL,2020,44
ISL,2021,34
IND,1980,1207
IND,1981,1067
IND,1982,1128
IND,1984,1003
IND,1985,982
IND,1986,999
IND,1987,988
IND,1988,1033
IND,1989,1048
IND,1990,1147
IND,1991,1267
IND,1992,1248
IND,1993,1209
IND,1994,1588
IND,1995,1545
IND,1996,1661
IND,1997,1926
IND,1998,2247
IND,1999,2206
IND,2000,2206
IND,2001,2379
IND,2002,2693
IND,2003,3425
IND,2004,4014
IND,2005,4721
IND,2006,5686
IND,2007,6296
IND,2008,6425
IND,2009,7262
IND,2010,8853
IND,2011,8841
IND,2012,9553
IND,2013,10669
IND,2014,12040
IND,2015,12579
IND,2016,13199
IND,2017,14961
IND,2018,16289
IND,2019,19454
IND,2020,23141
IND,2021,26267
IDN,1980,5
IDN,1982,16
IDN,1983,40
IDN,1984,26
IDN,1985,49
IDN,1986,32
IDN,1987,62
IDN,1989,113
IDN,1991,34
IDN,1992,67
IDN,1993,38
IDN,1994,29
IDN,1995,61
IDN,1996,40
IDN,1997,79
IDN,1998,93
IDN,1999,152
IDN,2000,157
IDN,2001,212
IDN,2002,234
IDN,2003,201
IDN,2004,227
IDN,2005,235
IDN,2006,288
IDN,2007,284
IDN,2008,386
IDN,2009,415
IDN,2010,508
IDN,2011,533
IDN,2013,663
IDN,2014,702
IDN,2015,1058
IDN,2016,1101
IDN,2017,2271
IDN,2018,1407
IDN,2019,3093
IDN,2020,1309
IDN,2021,1397
IRN,1980,169
IRN,1981,286
IRN,1982,202
IRN,1983,213
IRN,1984,162
IRN,1985,183
IRN,1987,207
IRN,1988,167
IRN,1989,141
IRN,1990,182
IRN,1991,262
IRN,1992,225
IRN,1993,278
IRN,1994,266
IRN,1995,278
IRN,1996,288
IRN,1997,284
IRN,1998,337
IRN,1999,366
IRN,2000,410
IRN,2001,691
IRN,2002,910
IRN,2003,1287
IRN,2004,2426
IRN,2005,4051
IRN,2006,5970
IRN,2007,10648
IRN,2008,15403
IRN,2009,12184
IRN,2010,11108
IRN,2011,11529
IRN,2012,10622
IRN,2013,11305
IRN,2014,13683
IRN,2016,14930
IRN,2017,15264
IRN,2018,11908
IRN,2019,11569
IRN,2020,11396
IRN,2021,10210
IRQ,1980,19
IRQ,1981,26
IRQ,1982,47
IRQ,1983,33
IRQ,1984,124
IRQ,1985,296
IRQ,1986,199
IRQ,1987,272
IRQ,1988,272
IRQ,1989,247
IRQ,1992,149
IRQ,1993,164
IRQ,1994,112
IRQ,1995,76
IRQ,1996,68
IRQ,2015,335
IRQ,2017,613
IRQ,2018,653
IRQ,2019,737
IRQ,2020,635
IRL,1980,394
IRL,1981,461
IRL,1982,434
IRL,1983,567
IRL,1984,651
IRL,1985,726
IRL,1986,743
IRL,1987,719
IRL,1988,727
IRL,1989,736
IRL,1990,734
IRL,1991,786
IRL,2016,79
IRL,2017,62
IRL,2018,76
IRL,2019,58
IRL,2020,75
IRL,2021,75
ISR,1980,669
ISR,1981,727
ISR,1982,707
ISR,1983,687
ISR,1984,696
ISR,1985,790
ISR,1986,819
ISR,1987,823
ISR,1988,995
ISR,1989,1042
ISR,1990,1052
ISR,1991,1087
ISR,1992,1400
ISR,1993,1318
ISR,1994,1261
ISR,1995,1266
ISR,1996,1218
ISR,1997,1441
ISR,1998,1950
ISR,1999,2053
ISR,2000,1599
ISR,2001,1248
ISR,2002,1213
ISR,2003,1329
ISR,2004,1544
ISR,2005,1669
ISR,2006,1342
ISR,2007,1615
ISR,2008,1528
ISR,2009,1387
ISR,2010,1450
ISR,2011,1360
ISR,2012,1319
ISR,2013,1201
ISR,2014,1125
ISR,2015,1285
ISR,2016,1300
ISR,2017,1436
ISR,2018,1506
ISR,2019,1368
ISR,2020,1642
ISR,2021,1592
ITA,1980,6369
ITA,1985,2000
ITA,1988,2289
ITA,1992,7568
ITA,1993,7493
ITA,1994,7872
ITA,1996,6997
ITA,1999,6281
ITA,2000,7877
ITA,2007,9255
ITA,2008,8588
ITA,2009,8814
ITA,2010,8877
ITA,2011,8794
ITA,2012,8439
ITA,2013,8307
ITA,2014,8601
ITA,2016,8848
ITA,2017,8643
ITA,2018,8921
ITA,2019,9229
ITA,2020,10061
ITA,2021,10281
JAM,1983,15
JAM,1984,10
JAM,1987,3
JAM,1990,4
JAM,1991,4
JAM,1992,6
JAM,1993,9
JAM,1994,6
JAM,1995,7
JAM,1996,2
JAM,1997,9
JAM,2000,11
JAM,2001,4
JAM,2002,15
JAM,2003,9
JAM,2004,11
JAM,2005,10
JAM,2006,21
JAM,2007,6
JAM,2008,15
JAM,2009,17
JAM,2010,14
JAM,2011,20
JAM,2012,25
JAM,2013,22
JAM,2014,33
JAM,2015,7
JAM,2016,19
JAM,2017,11
JAM,2018,26
JAM,2019,14
JAM,2020,10
JAM,2021,16
JPN,1980,165730
JPN,1983,227708
JPN,1984,256205
JPN,1985,274373
JPN,1986,290202
JPN,1987,311006
JPN,1988,308908
JPN,1989,317566
JPN,1990,333230
JPN,1991,335933
JPN,1992,338019
JPN,1993,332345
JPN,1994,319938
JPN,1995,334612
JPN,1996,340101
JPN,1997,350807
JPN,1998,359381
JPN,1999,360180
JPN,2000,387364
JPN,2001,386767
JPN,2002,369458
JPN,2003,358184
JPN,2004,368416
JPN,2005,367960
JPN,2006,347060
JPN,2007,333498
JPN,2008,330110
JPN,2009,295315
JPN,2010,290081
JPN,2011,287580
JPN,2012,287013
JPN,2013,271731
JPN,2014,265959
JPN,2015,258839
JPN,2016,260244
JPN,2017,260292
JPN,2018,253630
JPN,2019,245372
JPN,2020,227348
JPN,2021,222452
JOR,1989,11
JOR,2000,71
JOR,2001,52
JOR,2002,21
JOR,2003,25
JOR,2004,42
JOR,2005,49
JOR,2006,75
JOR,2007,59
JOR,2008,50
JOR,2009,60
JOR,2010,45
JOR,2011,40
JOR,2012,48
JOR,2013,35
JOR,2014,40
JOR,2015,41
JOR,2016,22
JOR,2017,26
JOR,2018,24
JOR,2019,21
JOR,2020,36
JOR,2021,25
KAZ,1992,433
KAZ,1993,3223
KAZ,1994,1393
KAZ,1995,1031
KAZ,1996,1022
KAZ,1997,1171
KAZ,1998,1244
KAZ,1999,1352
KAZ,2000,1399
KAZ,2001,1607
KAZ,2002,1594
KAZ,2003,1696
KAZ,2004,1756
KAZ,2005,1523
KAZ,2006,1433
KAZ,2007,1633
KAZ,2008,1483
KAZ,2009,1513
KAZ,2010,1691
KAZ,2011,1415
KAZ,2013,1824
KAZ,2014,1742
KAZ,2015,1271
KAZ,2016,993
KAZ,2017,1055
KAZ,2018,789
KAZ,2020,803
KEN,1988,1
KEN,1991,8
KEN,1993,14
KEN,1996,15
KEN,1997,22
KEN,1998,27
KEN,1999,25
KEN,2002,23
KEN,2003,22
KEN,2004,31
KEN,2005,34
KEN,2006,41
KEN,2007,41
KEN,2008,63
KEN,2009,48
KEN,2010,77
KEN,2011,135
KEN,2012,123
KEN,2013,127
KEN,2014,132
KEN,2015,137
KEN,2016,144
KEN,2017,135
KEN,2018,244
KEN,2019,294
KEN,2020,341
KEN,2021,160
KWT,2016,13
KWT,2018,1
KGZ,1994,132
KGZ,1995,119
KGZ,1996,126
KGZ,1997,152
KGZ,1998,111
KGZ,1999,60
KGZ,2000,80
KGZ,2001,84
KGZ,2002,123
KGZ,2003,179
KGZ,2007,155
KGZ,2008,135
KGZ,2009,146
KGZ,2010,134
KGZ,2011,124
KGZ,2012,110
KGZ,2013,111
KGZ,2014,132
KGZ,2015,122
KGZ,2016,84
KGZ,2017,137
KGZ,2019,92
KGZ,2020,63
KGZ,2021,83
LAO,2005,3
LAO,2006,5
LAO,2007,2
LAO,2008,1
LAO,2013,1
LAO,2014,1
LAO,2015,1
LAO,2017,3
LAO,2018,1
,1980,4939
,1981,4517
,1982,4378
,1983,5389
,1984,5368
,1985,3223
,1986,3132
,1987,3808
,1988,3331
,1989,3586
,1990,4580
,1991,4504
,1992,3870
,1993,4526
,1994,4321
,1995,4405
,1996,4806
,1997,4729
,1998,4271
,1999,4719
,2000,5272
,2001,5155
,2002,5387
,2003,5786
,2004,6117
,2005,6517
,2006,6364
,2007,6606
,2008,6676
,2009,6468
,2010,6390
,2011,7230
,2012,7634
,2013,7662
,2014,7455
,2015,7561
,2016,8674
,2017,8651
,2018,8183
,2019,8364
,2020,8385
LVA,1992,73
LVA,1993,155
LVA,1994,179
LVA,1995,210
LVA,1996,196
LVA,1997,162
LVA,1998,195
LVA,1999,91
LVA,2000,98
LVA,2001,117
LVA,2002,150
LVA,2003,91
LVA,2004,108
LVA,2005,112
LVA,2006,114
LVA,2007,139
LVA,2008,206
LVA,2009,240
LVA,2010,178
LVA,2011,173
LVA,2012,193
LVA,2013,225
LVA,2014,103
LVA,2015,136
LVA,2016,95
LVA,2017,90
LVA,2018,86
LVA,2019,82
LVA,2020,93
LVA,2021,104
LBN,2013,105
LBN,2014,80
LBN,2015,110
LSO,1995,8
LSO,1996,1
LSO,2018,4
LSO,2019,1
LBR,1991,6
LBR,1993,14
LBY,1989,3
LBY,1990,10
LBY,1991,25
LBY,1993,15
LBY,1994,10
LBY,1995,6
LBY,1996,12
LTU,1991,29
LTU,1992,134
LTU,1993,413
LTU,1994,112
LTU,1995,106
LTU,1996,100
LTU,1997,125
LTU,1998,134
LTU,1999,86
LTU,2000,66
LTU,2001,68
LTU,2002,85
LTU,2003,64
LTU,2004,70
LTU,2005,68
LTU,2006,65
LTU,2007,62
LTU,2008,87
LTU,2009,91
LTU,2010,108
LTU,2011,93
LTU,2012,109
LTU,2013,117
LTU,2014,123
LTU,2015,101
LTU,2016,95
LTU,2017,81
LTU,2018,81
LTU,2019,90
LTU,2020,95
LTU,2021,81
,1997,200
,1998,200
,1999,200
,2000,400
,2001,300
,2002,300
,2003,400
,2004,400
,2005,6100
,2006,6600
,2007,7300
,2008,8200
,2009,8700
,2010,8700
,2011,8500
,2012,9000
,2013,700
,2014,600
,2015,700
,2016,600
,2017,600
,2018,800
,2019,600
,2020,600
,1997,9100
,1998,10000
,1999,10000
,2000,10200
,2001,12200
,2002,6800
,2003,7800
,2004,10200
,2005,10700
,2006,11600
,2007,12300
,2008,11800
,2009,11900
,2010,25700
,2011,26200
,2012,26100
,2013,28700
,2014,32400
,2015,32800
,2016,35100
,2017,38800
,2018,36300
,2019,41100
,2020,42400
LUX,1980,97
LUX,1981,109
LUX,1982,94
LUX,1984,58
LUX,1985,81
LUX,1986,80
LUX,1987,69
LUX,1988,68
LUX,1989,58
LUX,1990,41
LUX,1991,52
LUX,1993,73
LUX,1994,50
LUX,1995,35
LUX,1996,52
LUX,1997,48
LUX,1998,44
LUX,1999,24
LUX,2000,85
LUX,2001,51
LUX,2002,41
LUX,2003,16
LUX,2004,23
LUX,2005,24
LUX,2006,26
LUX,2007,15
LUX,2008,48
LUX,2009,60
LUX,2010,79
LUX,2011,85
LUX,2012,109
LUX,2013,113
LUX,2014,128
LUX,2015,128
LUX,2016,143
LUX,2017,156
LUX,2018,152
LUX,2019,117
LUX,2020,129
LUX,2021,112
MAC,2005,3
MAC,2007,1
MAC,2008,3
MAC,2009,1
MAC,2010,4
MAC,2011,4
MAC,2012,5
MAC,2013,6
MAC,2014,2
MAC,2015,3
MAC,2017,1
MAC,2018,1
MAC,2020,3
MAC,2021,2
MDG,1994,9
MDG,1995,22
MDG,1996,7
MDG,1997,9
MDG,1998,14
MDG,1999,10
MDG,2000,7
MDG,2002,4
MDG,2003,3
MDG,2004,16
MDG,2005,7
MDG,2006,4
MDG,2007,9
MDG,2008,14
MDG,2009,1
MDG,2010,9
MDG,2011,3
MDG,2012,4
MDG,2013,4
MDG,2014,5
MDG,2015,3
MDG,2016,6
MDG,2017,9
MDG,2018,9
MDG,2020,6
MDG,2021,6
MWI,1980,2
MWI,1981,7
MWI,1982,3
MWI,1983,1
MWI,1988,1
MWI,1989,1
MWI,1991,1
MWI,1992,2
MWI,1993,3
MWI,1994,1
MWI,1995,1
MWI,1996,2
MWI,1997,2
MWI,1998,2
MWI,1999,1
MWI,2000,3
MWI,2015,6
MWI,2016,3
MYS,1985,8
MYS,1986,29
MYS,1987,71
MYS,1988,73
MYS,1989,84
MYS,1990,92
MYS,1991,106
MYS,1992,151
MYS,1993,198
MYS,1994,223
MYS,1995,141
MYS,1996,221
MYS,1997,179
MYS,1998,193
MYS,1999,218
MYS,2000,206
MYS,2001,271
MYS,2002,322
MYS,2003,376
MYS,2004,522
MYS,2005,522
MYS,2006,531
MYS,2007,670
MYS,2008,818
MYS,2009,1234
MYS,2010,1231
MYS,2011,1076
MYS,2012,1114
MYS,2013,1199
MYS,2014,1353
MYS,2015,1272
MYS,2016,1109
MYS,2017,1166
MYS,2018,1116
MYS,2019,1071
MYS,2020,989
MYS,2021,883
MLI,1981,1
MLT,1980,7
MLT,1981,6
MLT,1982,3
MLT,1983,4
MLT,1986,5
MLT,1987,5
MLT,1988,3
MLT,1989,2
MLT,1990,2
MLT,1991,6
MLT,1992,3
MLT,1993,8
MLT,1994,21
MLT,1995,11
MLT,1996,6
MLT,1997,22
MLT,1998,8
MLT,1999,11
MLT,2000,23
MLT,2001,26
MLT,2002,22
MLT,2007,10
MLT,2008,14
MLT,2009,8
MLT,2010,12
MLT,2011,9
MLT,2012,11
MLT,2013,13
MLT,2014,5
MLT,2015,9
MLT,2016,3
MLT,2017,5
MLT,2018,2
MLT,2019,5
MLT,2020,6
MLT,2021,5
MUS,1981,2
MUS,1985,4
MUS,1988,3
MUS,1990,1
MUS,1991,2
MUS,1993,2
MUS,1994,5
MUS,1995,3
MUS,1996,3
MUS,1997,3
MUS,1998,3
MUS,2008,2
MUS,2011,1
MUS,2012,4
MUS,2013,2
MUS,2014,3
MUS,2015,1
MUS,2016,2
MUS,2017,1
MUS,2018,16
MUS,2019,4
MUS,2020,6
MUS,2021,6
MEX,1980,704
MEX,1981,765
MEX,1982,550
MEX,1983,730
MEX,1984,688
MEX,1985,590
MEX,1986,629
MEX,1987,742
MEX,1988,652
MEX,1989,757
MEX,1990,661
MEX,1991,564
MEX,1992,565
MEX,1993,553
MEX,1994,498
MEX,1995,432
MEX,1996,386
MEX,1997,420
MEX,1998,453
MEX,1999,455
MEX,2000,431
MEX,2001,534
MEX,2002,526
MEX,2003,468
MEX,2004,565
MEX,2005,584
MEX,2006,574
MEX,2007,629
MEX,2008,685
MEX,2009,822
MEX,2010,951
MEX,2011,1065
MEX,2012,1294
MEX,2013,1210
MEX,2014,1246
MEX,2015,1364
MEX,2016,1310
MEX,2017,1334
MEX,2018,1555
MEX,2019,1305
MEX,2020,1132
MEX,2021,1117
,1980,1007
,1981,1190
,1982,1077
,1983,1090
,1984,1180
,1985,1486
,1986,1222
,1987,1575
,1988,1735
,1989,1734
,1990,1634
,1991,1802
,1992,2184
,1993,2306
,1994,2251
,1995,2350
,1996,2414
,1997,1995
,1998,3075
,1999,3265
,2000,3174
,2001,2824
,2002,3158
,2003,3508
,2004,4936
,2005,6735
,2006,7992
,2007,13340
,2008,17775
,2009,14403
,2010,13945
,2011,14379
,2012,13483
,2013,14674
,2014,17323
,2015,4204
,2016,19220
,2017,20397
,2018,17542
,2019,17129
,2020,17557
MDA,1993,67
MDA,1994,237
MDA,1995,270
MDA,1996,289
MDA,1997,295
MDA,1998,257
MDA,1999,256
MDA,2000,240
MDA,2001,437
MDA,2002,239
MDA,2003,293
MDA,2004,297
MDA,2005,377
MDA,2006,303
MDA,2007,333
MDA,2008,273
MDA,2009,134
MDA,2010,139
MDA,2011,97
MDA,2012,93
MDA,2013,67
MDA,2014,67
MDA,2015,64
MDA,2016,91
MDA,2017,73
MDA,2018,92
MDA,2019,85
MDA,2020,85
MDA,2021,64
MCO,1980,14
MCO,1981,20
MCO,1982,9
MCO,1983,19
MCO,1984,11
MCO,1985,15
MCO,1986,10
MCO,1987,19
MCO,1988,16
MCO,1989,9
MCO,1990,21
MCO,1991,12
MCO,1992,9
MCO,1993,10
MCO,1994,21
MCO,1995,13
MCO,1996,16
MCO,1997,20
MCO,1998,4
MCO,1999,15
MCO,2000,6
MCO,2001,6
MCO,2002,8
MCO,2003,5
MCO,2004,7
MCO,2005,2
MCO,2006,6
MCO,2007,11
MCO,2008,7
MCO,2009,3
MCO,2010,6
MCO,2011,6
MCO,2012,4
MCO,2013,5
MCO,2014,6
MCO,2015,5
MCO,2016,7
MCO,2017,18
MCO,2018,4
MCO,2019,10
MCO,2020,6
MCO,2021,5
MNG,1983,12
MNG,1984,34
MNG,1991,28
MNG,1992,26
MNG,1993,55
MNG,1994,128
MNG,1995,130
MNG,1996,114
MNG,1997,186
MNG,1998,148
MNG,2001,106
MNG,2002,121
MNG,2003,167
MNG,2004,143
MNG,2005,100
MNG,2006,103
MNG,2009,76
MNG,2010,110
MNG,2013,133
MNG,2014,139
MNG,2015,109
MNG,2016,112
MNG,2017,124
MNG,2018,82
MNG,2019,84
MNG,2020,66
MNG,2021,109
MNE,2008,3
MNE,2010,23
MNE,2011,20
MNE,2012,37
MNE,2013,23
MNE,2014,13
MNE,2015,23
MNE,2016,10
MNE,2018,3
MNE,2019,16
MNE,2020,5
MAR,1980,29
MAR,1981,36
MAR,1982,47
MAR,1983,16
MAR,1984,28
MAR,1985,35
MAR,1986,29
MAR,1987,72
MAR,1988,83
MAR,1989,60
MAR,1990,61
MAR,1991,55
MAR,1993,42
MAR,1994,107
MAR,1995,89
MAR,1996,90
MAR,1998,97
MAR,2000,104
MAR,2004,104
MAR,2005,140
MAR,2006,178
MAR,2007,150
MAR,2008,177
MAR,2009,135
MAR,2010,152
MAR,2011,169
MAR,2012,197
MAR,2013,316
MAR,2014,355
MAR,2015,224
MAR,2016,237
MAR,2017,198
MAR,2018,187
MAR,2019,199
MAR,2020,250
MAR,2021,254
MOZ,1999,2
MOZ,2006,1
MOZ,2007,18
MOZ,2008,2
MOZ,2009,7
MOZ,2010,15
MOZ,2011,8
MOZ,2012,14
MOZ,2013,13
MOZ,2014,14
MOZ,2015,24
MOZ,2016,15
MOZ,2017,24
MOZ,2018,34
MOZ,2019,23
MOZ,2020,26
MOZ,2021,30
NAM,1990,5
NAM,1991,3
NAM,1993,13
NAM,2015,13
NAM,2016,18
NAM,2017,10
NAM,2018,21
NAM,2019,8
NPL,1980,2
NPL,1992,1
NPL,1993,6
NPL,1994,4
NPL,1995,3
NPL,2011,8
NPL,2012,4
NPL,2013,18
NPL,2014,10
NPL,2015,11
NPL,2016,11
NPL,2017,20
NLD,1980,1826
NLD,1981,1897
NLD,1982,1873
NLD,1983,1889
NLD,1984,1840
NLD,1985,1938
NLD,1986,1866
NLD,1987,1970
NLD,1988,2158
NLD,1989,2205
NLD,1990,2147
NLD,1991,1605
NLD,1992,1753
NLD,1993,1733
NLD,1994,1748
NLD,1995,2123
NLD,1996,2348
NLD,1997,2391
NLD,1998,2451
NLD,1999,2545
NLD,2000,2465
NLD,2001,2110
NLD,2002,2122
NLD,2003,2288
NLD,2004,2187
NLD,2005,2217
NLD,2006,2168
NLD,2007,2079
NLD,2008,2421
NLD,2009,2575
NLD,2010,2527
NLD,2011,2585
NLD,2012,2375
NLD,2013,2315
NLD,2014,2294
NLD,2015,2207
NLD,2016,2290
NLD,2017,2241
NLD,2018,2111
NLD,2019,2228
NLD,2020,2198
NLD,2021,2080
NZL,1980,1148
NZL,1981,1033
NZL,1982,986
NZL,1983,1110
NZL,1984,1001
NZL,1985,1008
NZL,1986,957
NZL,1987,912
NZL,1988,803
NZL,1989,807
NZL,1990,802
NZL,1991,983
NZL,1992,1031
NZL,1993,1236
NZL,1994,1254
NZL,1995,1284
NZL,1996,1275
NZL,1997,1572
NZL,1998,1181
NZL,1999,1420
NZL,2000,1463
NZL,2001,1768
NZL,2002,1839
NZL,2003,1845
NZL,2004,1631
NZL,2005,1893
NZL,2006,2153
NZL,2007,1892
NZL,2008,1256
NZL,2009,1555
NZL,2010,1585
NZL,2011,1501
NZL,2012,1425
NZL,2013,1614
NZL,2014,1636
NZL,2015,1184
NZL,2016,1075
NZL,2017,1014
NZL,2018,1017
NZL,2019,324
NZL,2020,348
NZL,2021,330
NIC,1985,2
NIC,1992,3
NIC,1993,2
NIC,1997,3
NIC,1998,12
NIC,1999,9
NIC,2000,14
NIC,2011,2
NIC,2012,4
NIC,2013,3
NIC,2014,1
NGA,1985,10
NGA,1990,12
NGA,2011,64
NGA,2012,42
NGA,2013,50
NGA,2016,85
NGA,2017,100
NGA,2018,382
NGA,2019,439
NGA,2020,410
,1980,63746
,1981,64568
,1982,65316
,1983,61408
,1984,63867
,1985,65765
,1986,67356
,1987,70842
,1988,77964
,1989,85401
,1990,93192
,1991,90137
,1992,95232
,1993,103578
,1994,109713
,1995,126393
,1996,109475
,1997,122558
,1998,138542
,1999,153312
,2000,168982
,2001,181476
,2002,188204
,2003,192870
,2004,194767
,2005,213050
,2006,227306
,2007,246345
,2008,236649
,2009,229979
,2010,246527
,2011,252504
,2012,273491
,2013,292398
,2014,289294
,2015,292612
,2016,299405
,2017,297957
,2018,289444
,2019,289351
,2020,274038
PRK,2005,5861
PRK,2006,6350
PRK,2007,6846
PRK,2009,7956
PRK,2010,8018
PRK,2011,7956
PRK,2012,8354
PRK,2017,8095
PRK,2018,7846
PRK,2019,7377
PRK,2020,6937
MKD,1993,78
MKD,1994,58
MKD,1995,100
MKD,1996,52
MKD,1997,66
MKD,1998,84
MKD,1999,64
MKD,2000,71
MKD,2001,66
MKD,2002,42
MKD,2003,48
MKD,2004,44
MKD,2005,53
MKD,2006,55
MKD,2007,105
MKD,2008,34
MKD,2009,39
MKD,2010,27
MKD,2011,37
MKD,2012,50
MKD,2013,42
MKD,2020,47
MKD,2021,42
NOR,1980,716
NOR,1981,714
NOR,1982,693
NOR,1983,825
NOR,1984,961
NOR,1985,923
NOR,1986,903
NOR,1987,884
NOR,1988,904
NOR,1989,1015
NOR,1990,899
NOR,1991,924
NOR,1992,941
NOR,1993,1031
NOR,1994,1074
NOR,1995,1128
NOR,1996,1291
NOR,1997,1256
NOR,1998,1213
NOR,1999,1335
NOR,2000,1311
NOR,2001,1189
NOR,2002,1178
NOR,2003,1079
NOR,2004,1142
NOR,2005,1143
NOR,2006,1119
NOR,2007,1225
NOR,2008,1150
NOR,2009,1246
NOR,2010,1117
NOR,2011,1122
NOR,2012,1009
NOR,2013,1101
NOR,2014,1106
NOR,2015,1153
NOR,2016,1227
NOR,2017,1152
NOR,2018,1082
NOR,2019,957
NOR,2020,880
NOR,2021,946
OMN,2015,5
OMN,2016,3
OMN,2017,4
OMN,2018,16
OMN,2019,30
OMN,2020,11
OMN,2021,30
PAK,1980,37
PAK,1990,23
PAK,1991,22
PAK,1992,17
PAK,1993,19
PAK,1994,31
PAK,1995,21
PAK,1996,16
PAK,1997,27
PAK,1998,45
PAK,1999,44
PAK,2000,46
PAK,2001,58
PAK,2002,55
PAK,2003,57
PAK,2004,73
PAK,2005,143
PAK,2006,91
PAK,2007,109
PAK,2008,170
PAK,2010,114
PAK,2011,92
PAK,2012,96
PAK,2013,151
PAK,2014,146
PAK,2015,209
PAK,2016,204
PAK,2017,193
PAK,2018,306
PAK,2019,313
PAK,2020,338
PAK,2021,426
PAN,1980,15
PAN,1981,8
PAN,1982,7
PAN,1983,16
PAN,1984,15
PAN,1985,14
PAN,1986,11
PAN,1987,3
PAN,1988,9
PAN,1989,6
PAN,1990,15
PAN,1991,19
PAN,1992,18
PAN,1993,20
PAN,1994,11
PAN,1995,16
PAN,1996,31
PAN,2000,7
PAN,2011,21
PAN,2013,9
PAN,2014,13
PAN,2015,14
PAN,2016,68
PAN,2017,33
PAN,2018,135
PAN,2019,34
PAN,2020,22
PAN,2021,35
PNG,2008,1
PNG,2015,1
PRY,1983,5
PRY,1984,10
PRY,1985,7
PRY,1989,6
PRY,1990,16
PRY,1992,20
PRY,1993,30
PRY,2000,11
PRY,2001,12
PRY,2002,11
PRY,2003,12
PRY,2004,18
PRY,2005,24
PRY,2006,21
PRY,2007,37
PRY,2008,13
PRY,2009,15
PRY,2010,18
PRY,2018,34
PRY,2019,4
PRY,2020,14
PRY,2021,10
PER,1980,82
PER,1981,50
PER,1982,56
PER,1983,77
PER,1985,41
PER,1986,48
PER,1987,43
PER,1988,53
PER,1990,49
PER,1991,31
PER,1992,21
PER,1993,34
PER,1994,29
PER,1996,52
PER,1997,48
PER,1999,48
PER,2000,40
PER,2001,36
PER,2002,29
PER,2003,32
PER,2004,38
PER,2005,27
PER,2006,39
PER,2007,28
PER,2008,31
PER,2009,37
PER,2010,39
PER,2011,39
PER,2012,54
PER,2013,73
PER,2014,83
PER,2015,67
PER,2016,72
PER,2017,100
PER,2018,89
PER,2019,137
PER,2020,125
PER,2021,94
PHL,1980,119
PHL,1981,91
PHL,1982,134
PHL,1983,63
PHL,1984,102
PHL,1985,91
PHL,1986,75
PHL,1987,76
PHL,1988,86
PHL,1989,71
PHL,1990,147
PHL,1991,147
PHL,1992,133
PHL,1993,178
PHL,1994,181
PHL,1995,169
PHL,1996,163
PHL,1997,125
PHL,1998,163
PHL,1999,144
PHL,2000,154
PHL,2001,135
PHL,2002,149
PHL,2003,141
PHL,2004,158
PHL,2005,210
PHL,2006,223
PHL,2007,225
PHL,2008,216
PHL,2009,172
PHL,2010,170
PHL,2011,186
PHL,2012,162
PHL,2013,220
PHL,2014,334
PHL,2015,375
PHL,2016,327
PHL,2017,323
PHL,2018,529
PHL,2019,501
PHL,2020,476
PHL,2021,490
POL,1980,6198
POL,1981,4370
POL,1982,4482
POL,1983,4741
POL,1984,5090
POL,1985,5124
POL,1986,5486
POL,1987,5682
POL,1988,6280
POL,1989,5294
POL,1990,4106
POL,1991,3389
POL,1992,2891
POL,1993,2659
POL,1994,2676
POL,1995,2595
POL,1996,2411
POL,1997,2399
POL,1998,2407
POL,1999,2285
POL,2000,2404
POL,2001,2202
POL,2002,2313
POL,2003,2268
POL,2004,2381
POL,2005,2028
POL,2006,2157
POL,2007,2392
POL,2008,2488
POL,2009,2899
POL,2010,3203
POL,2011,3879
POL,2012,4410
POL,2013,4237
POL,2014,3941
POL,2015,4676
POL,2016,4261
POL,2017,3924
POL,2018,4207
POL,2019,3887
POL,2020,4010
POL,2021,3377
PRT,1980,92
PRT,1981,90
PRT,1982,92
PRT,1983,91
PRT,1984,96
PRT,1985,85
PRT,1986,77
PRT,1987,61
PRT,1988,54
PRT,1989,86
PRT,1990,101
PRT,1991,102
PRT,1992,69
PRT,1993,88
PRT,1994,103
PRT,1995,81
PRT,1996,86
PRT,1997,71
PRT,1998,96
PRT,1999,81
PRT,2000,81
PRT,2001,107
PRT,2002,130
PRT,2003,125
PRT,2004,123
PRT,2005,158
PRT,2006,184
PRT,2007,250
PRT,2008,381
PRT,2009,571
PRT,2010,499
PRT,2011,571
PRT,2012,621
PRT,2013,647
PRT,2014,722
PRT,2015,925
PRT,2016,724
PRT,2017,644
PRT,2018,661
PRT,2019,703
PRT,2020,695
PRT,2021,711
QAT,2012,3
QAT,2013,9
QAT,2014,5
QAT,2016,16
QAT,2017,19
QAT,2019,39
QAT,2020,81
QAT,2021,47
ROU,1980,2569
ROU,1981,2481
ROU,1982,2724
ROU,1983,3108
ROU,1984,3446
ROU,1985,4201
ROU,1986,4394
ROU,1987,4821
ROU,1988,5615
ROU,1989,5868
ROU,1990,2752
ROU,1991,2015
ROU,1992,1457
ROU,1993,1414
ROU,1994,1633
ROU,1995,1811
ROU,1996,1831
ROU,1997,1708
ROU,1998,1299
ROU,1999,1061
ROU,2000,1003
ROU,2001,1128
ROU,2002,1478
ROU,2003,881
ROU,2004,937
ROU,2005,916
ROU,2006,814
ROU,2007,827
ROU,2008,995
ROU,2009,1054
ROU,2010,1382
ROU,2011,1424
ROU,2012,1022
ROU,2013,993
ROU,2014,952
ROU,2015,975
ROU,2016,1005
ROU,2017,1098
ROU,2018,1100
ROU,2019,881
ROU,2020,817
ROU,2021,772
RUS,1992,39494
RUS,1993,28503
RUS,1994,21250
RUS,1995,17551
RUS,1996,18014
RUS,1997,15106
RUS,1998,16454
RUS,1999,19900
RUS,2000,23377
RUS,2001,24777
RUS,2002,23712
RUS,2003,24969
RUS,2004,22985
RUS,2005,23644
RUS,2006,27884
RUS,2007,27505
RUS,2008,27712
RUS,2009,25598
RUS,2010,28722
RUS,2011,26495
RUS,2012,28701
RUS,2013,28765
RUS,2014,24072
RUS,2015,29269
RUS,2016,26795
RUS,2017,22777
RUS,2018,24926
RUS,2019,23337
RUS,2020,23759
RUS,2021,19569
RWA,1988,1
RWA,2012,40
RWA,2014,5
RWA,2015,5
RWA,2016,3
RWA,2017,4
RWA,2018,6
RWA,2021,14
LCA,2016,5
LCA,2017,3
LCA,2018,2
WSM,1981,2
WSM,2014,1
WSM,2015,1
WSM,2018,1
WSM,2019,2
WSM,2021,1
SMR,2013,11
SMR,2014,4
SMR,2015,7
SMR,2016,12
SMR,2017,14
SMR,2018,14
SMR,2019,11
SMR,2020,9
SMR,2021,7
SAU,1989,12
SAU,1990,16
SAU,1991,27
SAU,1992,21
SAU,1993,21
SAU,1994,33
SAU,1995,28
SAU,1996,27
SAU,1997,57
SAU,1998,45
SAU,1999,72
SAU,2000,76
SAU,2001,46
SAU,2002,61
SAU,2003,56
SAU,2004,81
SAU,2005,119
SAU,2006,119
SAU,2007,128
SAU,2010,288
SAU,2011,347
SAU,2013,491
SAU,2014,652
SAU,2015,715
SAU,2016,1070
SAU,2017,909
SAU,2018,1078
SAU,2019,1188
SAU,2020,1294
SAU,2021,1398
SRB,2004,473
SRB,2005,372
SRB,2006,432
SRB,2007,395
SRB,2008,386
SRB,2009,319
SRB,2010,290
SRB,2011,180
SRB,2012,192
SRB,2013,201
SRB,2014,202
SRB,2015,178
SRB,2016,192
SRB,2017,171
SRB,2018,163
SRB,2019,168
SRB,2020,138
SRB,2021,138
SYC,2020,3
SGP,1980,2
SGP,1981,4
SGP,1983,5
SGP,1984,4
SGP,1985,4
SGP,1995,145
SGP,1996,224
SGP,1997,288
SGP,1998,311
SGP,1999,374
SGP,2000,516
SGP,2001,524
SGP,2002,624
SGP,2003,626
SGP,2004,641
SGP,2005,569
SGP,2006,626
SGP,2007,696
SGP,2008,793
SGP,2009,750
SGP,2010,895
SGP,2011,1056
SGP,2012,1081
SGP,2013,1143
SGP,2014,1303
SGP,2015,1469
SGP,2016,1601
SGP,2017,1609
SGP,2018,1575
SGP,2019,1727
SGP,2020,1778
SGP,2021,2024
SVK,1993,282
SVK,1994,248
SVK,1995,269
SVK,1996,195
SVK,1997,224
SVK,1998,213
SVK,1999,213
SVK,2000,236
SVK,2001,246
SVK,2002,259
SVK,2003,210
SVK,2004,215
SVK,2005,155
SVK,2006,193
SVK,2007,239
SVK,2008,167
SVK,2009,176
SVK,2010,234
SVK,2011,224
SVK,2012,168
SVK,2013,184
SVK,2014,211
SVK,2015,228
SVK,2016,220
SVK,2017,183
SVK,2018,217
SVK,2019,206
SVK,2020,206
SVK,2021,146
SVN,1991,21
SVN,1992,188
SVN,1993,277
SVN,1994,286
SVN,1995,314
SVN,1996,288
SVN,1997,266
SVN,1998,288
SVN,1999,261
SVN,2000,307
SVN,2001,301
SVN,2002,300
SVN,2003,310
SVN,2004,342
SVN,2005,344
SVN,2006,287
SVN,2007,331
SVN,2008,301
SVN,2009,373
SVN,2010,442
SVN,2011,470
SVN,2018,255
SVN,2020,232
SVN,2021,222
SOM,1984,1
ZAF,1980,3092
ZAF,1981,3340
ZAF,1982,3017
ZAF,1983,4240
ZAF,1984,3874
ZAF,1985,4051
ZAF,1986,4730
ZAF,1987,4922
ZAF,1988,4829
ZAF,1989,5134
ZAF,1990,1093
ZAF,1991,1023
ZAF,1992,888
ZAF,1993,904
ZAF,1994,935
ZAF,1995,883
ZAF,1996,757
ZAF,1997,355
ZAF,1998,200
ZAF,1999,138
ZAF,2000,895
ZAF,2001,966
ZAF,2002,983
ZAF,2003,922
ZAF,2004,956
ZAF,2005,1003
ZAF,2006,866
ZAF,2007,915
ZAF,2008,860
ZAF,2009,822
ZAF,2010,821
ZAF,2011,656
ZAF,2012,608
ZAF,2013,638
ZAF,2014,802
ZAF,2015,889
ZAF,2016,704
ZAF,2017,728
ZAF,2018,657
ZAF,2019,567
ZAF,2020,542
ZAF,2021,1804
,1980,1291
,1981,1112
,1982,1180
,1983,56
,1984,1081
,1985,1050
,1986,1041
,1987,1052
,1988,1083
,1989,1108
,1990,1225
,1991,1358
,1992,1374
,1993,1319
,1994,1698
,1995,1715
,1996,1749
,1997,2080
,1998,2378
,1999,2418
,2000,2393
,2001,2616
,2002,2914
,2003,3635
,2004,4255
,2005,5063
,2006,5952
,2007,6585
,2008,6856
,2009,7519
,2010,9258
,2011,9172
,2012,9723
,2013,11229
,2014,12240
,2015,13059
,2016,13775
,2017,15512
,2018,17008
,2019,20192
,2020,23872
KOR,1980,1241
KOR,1981,1319
KOR,1982,1556
KOR,1983,1599
KOR,1984,1997
KOR,1985,2702
KOR,1986,3640
KOR,1987,4871
KOR,1988,5696
KOR,1989,7020
KOR,1990,9082
KOR,1991,13253
KOR,1992,15951
KOR,1993,21449
KOR,1994,28554
KOR,1995,59228
KOR,1996,68405
KOR,1997,67359
KOR,1998,50596
KOR,1999,55970
KOR,2000,72831
KOR,2001,73714
KOR,2002,76570
KOR,2003,90313
KOR,2004,105250
KOR,2005,122188
KOR,2006,125476
KOR,2007,128701
KOR,2008,127114
KOR,2009,127316
KOR,2010,131805
KOR,2011,138034
KOR,2012,148136
KOR,2013,159978
KOR,2014,164073
KOR,2015,167275
KOR,2016,163424
KOR,2017,159084
KOR,2018,162561
KOR,2019,171603
KOR,2020,180477
KOR,2021,186245
ESP,1980,1876
ESP,1981,1718
ESP,1982,1646
ESP,1983,1498
ESP,1984,1784
ESP,1985,2149
ESP,1986,1649
ESP,1987,1720
ESP,1988,1816
ESP,1989,2087
ESP,1990,2218
ESP,1991,2156
ESP,1992,2076
ESP,1993,2165
ESP,1994,2136
ESP,1995,2047
ESP,1996,2274
ESP,1997,2237
ESP,1998,2271
ESP,1999,2439
ESP,2000,2710
ESP,2001,2528
ESP,2002,2763
ESP,2003,2813
ESP,2004,2871
ESP,2005,3040
ESP,2006,3111
ESP,2007,3267
ESP,2008,3632
ESP,2009,3596
ESP,2010,3566
ESP,2011,3430
ESP,2012,3266
ESP,2013,3026
ESP,2014,2953
ESP,2015,2799
ESP,2016,2745
ESP,2017,2167
ESP,2018,1525
ESP,2019,1288
ESP,2020,1431
ESP,2021,1308
LKA,1980,11
LKA,1981,6
LKA,1982,12
LKA,1983,16
LKA,1984,16
LKA,1985,28
LKA,1986,26
LKA,1987,41
LKA,1988,26
LKA,1989,28
LKA,1990,23
LKA,1991,33
LKA,1992,36
LKA,1993,49
LKA,1994,36
LKA,1995,76
LKA,1996,50
LKA,1997,81
LKA,1998,54
LKA,1999,119
LKA,2000,71
LKA,2001,120
LKA,2002,123
LKA,2003,95
LKA,2004,120
LKA,2005,149
LKA,2006,153
LKA,2007,151
LKA,2008,201
LKA,2009,202
LKA,2010,225
LKA,2011,194
LKA,2013,328
LKA,2015,218
LKA,2016,280
LKA,2017,277
LKA,2018,343
LKA,2019,356
LKA,2020,353
LKA,2021,266
,1980,3141
,1981,3393
,1982,3071
,1983,4307
,1984,3930
,1985,4122
,1986,4782
,1987,4993
,1988,4937
,1989,5178
,1990,1175
,1991,1136
,1992,966
,1993,1032
,1994,992
,1995,1005
,1996,908
,1997,428
,1998,277
,1999,221
,2000,948
,2001,996
,2002,1060
,2003,1036
,2004,1092
,2005,1124
,2006,935
,2007,1023
,2008,1318
,2009,1219
,2010,1181
,2011,1200
,2012,979
,2013,1229
,2014,1125
,2015,1515
,2016,1485
,2017,1488
,2018,1970
,2019,1745
,2020,1834
SDN,1983,7
SDN,1999,2
SDN,2000,6
SDN,2001,1
SDN,2002,2
SDN,2003,6
SDN,2004,4
SDN,2005,6
SDN,2006,3
SDN,2007,3
SDN,2008,340
SDN,2009,332
SDN,2010,252
SDN,2011,249
SDN,2013,269
SDN,2015,267
SDN,2016,284
SDN,2017,281
SDN,2018,349
SDN,2019,238
SDN,2020,153
SWE,1980,4106
SWE,1981,3914
SWE,1982,4087
SWE,1983,4283
SWE,1984,3969
SWE,1985,3840
SWE,1986,3685
SWE,1987,3521
SWE,1988,3260
SWE,1989,3147
SWE,1990,3108
SWE,1991,3154
SWE,1992,3291
SWE,1993,3760
SWE,1994,3953
SWE,1995,3941
SWE,1996,4111
SWE,1997,4130
SWE,1998,3972
SWE,1999,4142
SWE,2000,4224
SWE,2001,3926
SWE,2002,3358
SWE,2003,3025
SWE,2004,2768
SWE,2005,2522
SWE,2006,2446
SWE,2007,2527
SWE,2008,2549
SWE,2009,2186
SWE,2010,2196
SWE,2011,2004
SWE,2012,2288
SWE,2013,2332
SWE,2014,1984
SWE,2015,2038
SWE,2016,2032
SWE,2017,1992
SWE,2018,1838
SWE,2019,1802
SWE,2020,1764
SWE,2021,1771
CHE,1980,4049
CHE,1981,3712
CHE,1982,3845
CHE,1983,3817
CHE,1984,3393
CHE,1985,3191
CHE,1986,3199
CHE,1987,3298
CHE,1988,3236
CHE,1989,3247
CHE,1990,2987
CHE,1991,2949
CHE,1992,3068
CHE,1993,2999
CHE,1994,3033
CHE,1995,2890
CHE,1996,2504
CHE,1997,2408
CHE,1998,2025
CHE,1999,1916
CHE,2000,2083
CHE,2001,1859
CHE,2002,1827
CHE,2003,1831
CHE,2004,1742
CHE,2005,1643
CHE,2006,1740
CHE,2007,1692
CHE,2008,1594
CHE,2009,1684
CHE,2010,1622
CHE,2011,1597
CHE,2012,1480
CHE,2013,1525
CHE,2014,1480
CHE,2015,1477
CHE,2016,1462
CHE,2017,1337
CHE,2018,1283
CHE,2019,1369
CHE,2020,1384
CHE,2021,1288
SYR,1980,6
SYR,1981,7
SYR,1982,4
SYR,1992,53
SYR,1993,82
SYR,1994,67
SYR,1995,129
SYR,1996,106
SYR,1997,116
SYR,1998,54
SYR,1999,87
SYR,2000,247
SYR,2001,189
SYR,2002,183
SYR,2003,213
SYR,2004,205
SYR,2005,105
SYR,2006,124
SYR,2015,198
SYR,2017,120
SYR,2018,103
SYR,2019,121
SYR,2020,76
SYR,2021,102
TJK,1993,5
TJK,1994,24
TJK,1995,35
TJK,1996,30
TJK,1997,23
TJK,1998,37
TJK,1999,38
TJK,2000,45
TJK,2001,83
TJK,2002,39
TJK,2003,30
TJK,2004,32
TJK,2005,30
TJK,2006,26
TJK,2009,11
TJK,2010,7
TJK,2011,4
TJK,2012,3
TJK,2013,2
TJK,2019,1
TZA,1983,1
TZA,2015,1
THA,1980,13
THA,1981,26
THA,1982,40
THA,1983,48
THA,1984,49
THA,1985,55
THA,1986,60
THA,1987,68
THA,1988,78
THA,1989,43
THA,1990,73
THA,1991,80
THA,1992,67
THA,1993,110
THA,1994,150
THA,1995,145
THA,1996,203
THA,1997,246
THA,1998,479
THA,1999,738
THA,2000,561
THA,2001,534
THA,2002,615
THA,2003,802
THA,2004,819
THA,2005,891
THA,2006,1040
THA,2007,945
THA,2008,902
THA,2009,1025
THA,2010,1214
THA,2011,927
THA,2012,1020
THA,2013,1572
THA,2014,1006
THA,2015,1029
THA,2016,1098
THA,2017,979
THA,2018,904
THA,2019,865
THA,2020,863
THA,2021,867
TTO,1980,7
TTO,1982,10
TTO,1992,13
TTO,1993,29
TTO,1994,13
TTO,1995,24
TTO,1996,9
TTO,1997,17
TTO,2002,2
TTO,2004,3
TTO,2005,1
TTO,2007,2
TTO,2008,1
TTO,2012,2
TTO,2014,4
TTO,2015,3
TTO,2016,3
TTO,2018,4
TTO,2019,1
TTO,2020,1
TTO,2021,2
TUN,1980,27
TUN,1981,28
TUN,1983,19
TUN,1984,12
TUN,1985,14
TUN,1986,28
TUN,1987,26
TUN,1988,20
TUN,1989,26
TUN,1990,27
TUN,1991,26
TUN,1992,22
TUN,1993,42
TUN,1994,39
TUN,1995,31
TUN,1996,45
TUN,1997,41
TUN,1998,38
TUN,1999,67
TUN,2000,47
TUN,2001,22
TUN,2002,45
TUN,2003,35
TUN,2004,46
TUN,2005,56
TUN,2006,77
TUN,2007,76
TUN,2008,76
TUN,2009,105
TUN,2010,113
TUN,2011,137
TUN,2012,150
TUN,2013,112
TUN,2014,142
TUN,2015,180
TUN,2016,235
TUN,2017,172
TUN,2018,180
TUR,1980,134
TUR,1981,157
TUR,1982,126
TUR,1984,153
TUR,1985,132
TUR,1986,174
TUR,1987,138
TUR,1988,153
TUR,1989,162
TUR,1990,138
TUR,1991,148
TUR,1992,189
TUR,1993,169
TUR,1994,151
TUR,1995,170
TUR,1996,189
TUR,1997,203
TUR,1998,207
TUR,1999,276
TUR,2000,277
TUR,2001,337
TUR,2002,414
TUR,2003,489
TUR,2004,682
TUR,2005,928
TUR,2006,1072
TUR,2007,1810
TUR,2008,2221
TUR,2009,2555
TUR,2010,3180
TUR,2011,3885
TUR,2012,4434
TUR,2013,4392
TUR,2014,4766
TUR,2015,5352
TUR,2016,6230
TUR,2017,8175
TUR,2018,7156
TUR,2019,7871
TUR,2020,7920
TUR,2021,8234
TKM,1996,66
TKM,1997,52
TKM,1998,41
TKM,1999,44
UGA,2003,5
UGA,2004,12
UGA,2005,3
UGA,2006,11
UGA,2007,6
UGA,2013,10
UGA,2014,5
UGA,2015,9
UGA,2016,16
UGA,2017,25
UGA,2018,6
UGA,2019,14
UGA,2020,13
UGA,2021,14
UKR,1992,309
UKR,1993,8687
UKR,1994,5355
UKR,1995,4804
UKR,1996,3636
UKR,1997,4688
UKR,1998,5319
UKR,1999,5401
UKR,2000,5620
UKR,2001,7208
UKR,2002,1601
UKR,2003,1635
UKR,2004,4090
UKR,2005,3538
UKR,2006,3474
UKR,2007,3440
UKR,2008,2825
UKR,2009,2434
UKR,2010,2556
UKR,2011,2649
UKR,2012,2491
UKR,2013,2856
UKR,2014,2457
UKR,2015,2271
UKR,2016,2233
UKR,2017,2283
UKR,2018,2107
UKR,2019,2097
UKR,2020,1361
UKR,2021,1302
ARE,2010,25
ARE,2011,33
ARE,2012,23
ARE,2013,21
ARE,2014,29
ARE,2015,35
ARE,2016,57
ARE,2017,63
ARE,2018,57
ARE,2019,55
ARE,2020,39
ARE,2021,69
GBR,1980,19612
GBR,1981,20808
GBR,1982,20530
GBR,1983,19893
GBR,1984,19093
GBR,1985,19672
GBR,1986,20040
GBR,1987,19945
GBR,1988,20536
GBR,1989,19732
GBR,1990,19310
GBR,1991,19230
GBR,1992,18848
GBR,1993,18727
GBR,1994,18384
GBR,1995,18630
GBR,1996,18184
GBR,1997,17938
GBR,1998,19530
GBR,1999,21333
GBR,2000,22050
GBR,2001,21423
GBR,2002,20624
GBR,2003,20426
GBR,2004,19178
GBR,2005,17833
GBR,2006,17484
GBR,2007,17375
GBR,2008,16523
GBR,2009,15985
GBR,2010,15490
GBR,2011,15343
GBR,2012,15370
GBR,2013,14972
GBR,2014,15196
GBR,2015,14867
GBR,2016,13876
GBR,2017,13301
GBR,2018,12865
GBR,2019,12061
GBR,2020,11990
GBR,2021,11592
USA,1980,62098
USA,1981,62404
USA,1982,63316
USA,1983,59391
USA,1984,61841
USA,1985,63673
USA,1986,65195
USA,1987,68315
USA,1988,75192
USA,1989,82370
USA,1990,90643
USA,1991,87955
USA,1992,92425
USA,1993,99955
USA,1994,107233
USA,1995,123962
USA,1996,106892
USA,1997,119214
USA,1998,134733
USA,1999,149251
USA,2000,164795
USA,2001,177513
USA,2002,184245
USA,2003,188941
USA,2004,189536
USA,2005,207867
USA,2006,221784
USA,2007,241347
USA,2008,231588
USA,2009,224912
USA,2010,241977
USA,2011,247750
USA,2012,268782
USA,2013,287831
USA,2014,285096
USA,2015,288335
USA,2016,295327
USA,2017,293904
USA,2018,285095
USA,2019,285113
USA,2020,269586
USA,2021,262244
,1997,37000
,1998,39600
,1999,45700
,2000,60000
,2001,66900
,2002,76000
,2003,95600
,2004,104800
,2005,135300
,2006,170400
,2007,207000
,2008,253900
,2009,284200
,2010,340900
,2011,462100
,2012,584600
,2013,754800
,2014,845100
,2015,1018100
,2016,1253900
,2017,1292700
,2018,1441100
,2019,1289800
,2020,1391200
URY,1980,70
URY,1981,71
URY,1982,49
URY,1983,40
URY,1984,43
URY,1985,63
URY,1986,39
URY,1987,34
URY,1988,28
URY,1989,23
URY,1991,34
URY,1992,39
URY,1993,29
URY,1994,18
URY,1995,35
URY,1996,25
URY,1997,32
URY,1998,27
URY,1999,27
URY,2000,44
URY,2001,52
URY,2002,30
URY,2003,45
URY,2004,37
URY,2005,24
URY,2006,31
URY,2007,35
URY,2008,33
URY,2009,30
URY,2010,23
URY,2011,20
URY,2012,22
URY,2014,37
URY,2015,26
URY,2017,23
UZB,1993,2136
UZB,1994,1061
UZB,1995,1039
UZB,1996,914
UZB,1997,815
UZB,1998,721
UZB,1999,767
UZB,2000,755
UZB,2001,803
UZB,2002,715
UZB,2003,931
UZB,2004,273
UZB,2005,264
UZB,2006,323
UZB,2007,324
UZB,2008,262
UZB,2009,238
UZB,2010,370
UZB,2011,282
UZB,2012,257
UZB,2013,299
UZB,2014,345
UZB,2015,288
UZB,2016,353
UZB,2017,357
UZB,2018,470
UZB,2019,374
UZB,2020,356
UZB,2021,413
VEN,1980,236
VEN,1981,176
VEN,1982,174
VEN,1983,625
VEN,1984,875
VEN,1985,227
VEN,1986,282
VEN,1987,312
VEN,1989,183
VEN,1990,262
VEN,1991,233
VEN,1992,202
VEN,1993,186
VEN,1994,224
VEN,1996,182
VEN,1997,201
VEN,2000,56
VEN,2002,67
VEN,2003,85
VEN,2004,84
VEN,2005,121
VEN,2006,101
VEN,2007,63
VEN,2008,51
VEN,2009,60
VEN,2010,70
VEN,2011,61
VEN,2012,65
VEN,2013,74
VEN,2014,55
VEN,2015,47
VEN,2016,35
VEN,2017,96
VNM,1984,52
VNM,1986,7
VNM,1988,20
VNM,1989,46
VNM,1990,58
VNM,1991,37
VNM,1992,34
VNM,1993,32
VNM,1994,22
VNM,1995,23
VNM,1996,37
VNM,1997,30
VNM,1998,25
VNM,1999,35
VNM,2000,34
VNM,2001,52
VNM,2002,69
VNM,2003,78
VNM,2004,103
VNM,2005,180
VNM,2006,196
VNM,2007,219
VNM,2008,204
VNM,2009,258
VNM,2010,306
VNM,2011,300
VNM,2012,382
VNM,2013,443
VNM,2014,487
VNM,2015,582
VNM,2016,560
VNM,2017,592
VNM,2018,646
VNM,2019,720
VNM,2020,1021
VNM,2021,1066
OWID_WRL,1985,651100
OWID_WRL,1986,675000
OWID_WRL,1987,712400
OWID_WRL,1988,714900
OWID_WRL,1989,705400
OWID_WRL,1990,687700
OWID_WRL,1991,601000
OWID_WRL,1992,635700
OWID_WRL,1993,649200
OWID_WRL,1994,637000
OWID_WRL,1995,702900
OWID_WRL,1996,707700
OWID_WRL,1997,737100
OWID_WRL,1998,756400
OWID_WRL,1999,791400
OWID_WRL,2000,874800
OWID_WRL,2001,896400
OWID_WRL,2002,888900
OWID_WRL,2003,924800
OWID_WRL,2004,966600
OWID_WRL,2005,1038800
OWID_WRL,2006,1075200
OWID_WRL,2007,1125000
OWID_WRL,2008,1162200
OWID_WRL,2009,1146400
OWID_WRL,2010,1236900
OWID_WRL,2011,1365200
OWID_WRL,2012,1519700
OWID_WRL,2013,1708700
OWID_WRL,2014,1799200
OWID_WRL,2015,1972500
OWID_WRL,2016,2215100
OWID_WRL,2017,2251400
OWID_WRL,2018,2386300
OWID_WRL,2019,2239200
OWID_WRL,2020,2311500
OWID_WRL,2021,2385200
YEM,1998,7
YEM,1999,9
YEM,2000,7
YEM,2001,6
YEM,2002,9
YEM,2003,16
YEM,2004,10
YEM,2005,20
YEM,2006,14
YEM,2007,11
YEM,2010,20
YEM,2011,7
YEM,2012,36
YEM,2013,43
YEM,2014,29
YEM,2015,5
YEM,2016,16
YEM,2017,15
YEM,2019,60
YEM,2020,60
YEM,2021,20
ZMB,1980,2
ZMB,1981,1
ZMB,1982,1
ZMB,1983,1
ZMB,1988,7
ZMB,1989,3
ZMB,1990,7
ZMB,1991,1
ZMB,1992,7
ZMB,1993,4
ZMB,1995,4
ZMB,1996,6
ZMB,1999,5
ZMB,2001,6
ZMB,2002,3
ZMB,2003,3
ZMB,2004,1
ZMB,2005,5
ZMB,2006,4
ZMB,2007,19
ZMB,2008,26
ZMB,2009,9
ZMB,2010,5
ZMB,2011,3
ZMB,2012,7
ZMB,2013,13
ZMB,2014,14
ZMB,2015,20
ZMB,2016,15
ZMB,2017,12
ZMB,2018,11
ZMB,2019,2
ZMB,2020,17
ZMB,2021,13
ZWE,1980,39
ZWE,1981,35
ZWE,1982,41
ZWE,1983,40
ZWE,1984,34
ZWE,1985,38
ZWE,1986,47
ZWE,1987,41
ZWE,1988,38
ZWE,1989,39
ZWE,1990,44
ZWE,1991,60
ZWE,1992,42
ZWE,1993,44
ZWE,1995,55
ZWE,1996,28
ZWE,2015,9
ZWE,2016,8
