COUNTRYCODE,YEAR,EDUCATIONGDPSHARE
AFG,2006,4.6847606
AFG,2007,4.1748953
AFG,2008,4.383672
AFG,2009,4.81064
AFG,2010,3.47945
AFG,2011,3.46201
AFG,2012,2.6042
AFG,2013,3.45446
AFG,2014,3.69522
AFG,2015,3.2558
AFG,2016,4.54397
AFG,2017,4.34319
ALB,1994,3.44698
ALB,1995,3.81464
ALB,1996,3.08351
ALB,1997,3.37947
ALB,1998,3.53698
ALB,1999,3.59293
ALB,2000,3.43017
ALB,2001,3.4587
ALB,2002,3.1178
ALB,2003,3.13823
ALB,2004,3.22752
ALB,2005,3.28155
ALB,2006,3.19146
ALB,2007,3.27593
ALB,2008,3.509226
ALB,2010,3.413075
ALB,2011,3.2400084
ALB,2012,3.309061
ALB,2013,3.5393
ALB,2014,3.216967
ALB,2015,3.43797
ALB,2016,3.96209
ALB,2017,3.61172
ALB,2018,3.1529448
ALB,2019,3.91624
ALB,2020,3.3423
ALB,2021,3.02256
ALB,2022,2.74433
ALB,2023,2.9180596
DZA,1979,7.18201
DZA,1980,6.59742
DZA,2008,4.11142
DZA,2012,7.029509
DZA,2013,6.6590605
DZA,2014,6.548898
DZA,2015,6.17633
DZA,2016,6.5021086
DZA,2017,5.7348237
DZA,2018,5.8127513
DZA,2019,5.5753655
DZA,2020,6.1939173
DZA,2021,5.514033
DZA,2022,4.7492466
DZA,2023,5.610157
ASM,2006,14.71705
AND,1997,3.71328
AND,2002,1.65971
AND,2004,1.54412
AND,2005,1.64497
AND,2006,2.2449
AND,2007,2.10469
AND,2008,2.87393
AND,2009,3.14292
AND,2010,2.97663
AND,2011,2.98706
AND,2012,2.565779
AND,2013,2.50616
AND,2014,3.07421
AND,2015,3.28035
AND,2016,3.23707
AND,2017,3.21709
AND,2018,3.24672
AND,2019,3.15061
AND,2020,2.6321304
AND,2021,2.5839722
AND,2022,2.64729
AND,2023,1.92791
AGO,1985,4.09022
AGO,1986,5.72269
AGO,1987,5.05851
AGO,1998,2.56712
AGO,2000,2.60753
AGO,2005,2.12011
AGO,2006,2.28146
AGO,2009,2.92
AGO,2010,3.42132
AGO,2011,3.24
AGO,2012,3.0819108
AGO,2013,3.87
AGO,2014,2.93
AGO,2015,3.1
AGO,2016,2.7549367
AGO,2017,2.466879
AGO,2018,2.183513
AGO,2019,2.0730643
AGO,2020,2.6674473
AGO,2021,2.2971969
AGO,2022,2.385359
AGO,2023,2.5127366
AIA,1998,3.52571
AIA,1999,3.61178
AIA,2000,3.82887
AIA,2001,5.40176
AIA,2002,5.41641
AIA,2003,5.09588
AIA,2005,2.95602
AIA,2008,2.83038
AIA,2011,3.1543574
AIA,2012,3.370353
AIA,2013,3.3830082
AIA,2014,3.0392213
AIA,2015,2.979637
AIA,2016,3.1401215
AIA,2017,3.6471837
AIA,2018,3.2966974
AIA,2019,2.8129349
AIA,2020,4.063555
AIA,2021,3.5690358
AIA,2022,2.500124
ATG,1999,2.5255
ATG,2002,3.07914
ATG,2009,2.22276
ATG,2012,2.1304302
ATG,2013,2.3597214
ATG,2014,2.304441
ATG,2015,1.9934756
ATG,2016,2.1714993
ATG,2017,2.281583
ATG,2018,2.269227
ATG,2019,3.3572567
ATG,2020,3.005183
ATG,2021,2.5089738
ATG,2022,2.5036876
ATG,2023,3.1050515
ARG,1970,1.45809
ARG,1972,1.9362
ARG,1973,1.78052
ARG,1974,1.92352
ARG,1975,1.8436
ARG,1976,1.16564
ARG,1977,1.71984
ARG,1978,1.93555
ARG,1979,2.40028
ARG,1980,2.60715
ARG,1982,1.59787
ARG,1983,1.6175
ARG,1984,2.56972
ARG,1985,1.36186
ARG,1986,1.26155
ARG,1987,1.2823
ARG,1989,1.04612
ARG,1990,1.06738
ARG,1996,3.73198
ARG,1998,4.03987
ARG,1999,4.52168
ARG,2000,4.58031
ARG,2001,4.83374
ARG,2002,4.01734
ARG,2003,3.53505
ARG,2004,3.48652
ARG,2005,3.86001
ARG,2006,4.12821
ARG,2007,4.4626
ARG,2008,4.84441
ARG,2009,5.53105
ARG,2010,5.01971
ARG,2011,5.29063
ARG,2012,5.34583
ARG,2013,5.43661
ARG,2014,5.36144
ARG,2015,5.77611
ARG,2016,5.54549
ARG,2017,5.45432
ARG,2018,4.87774
ARG,2019,4.77165
ARG,2020,5.2769
ARG,2021,4.64117
ARG,2022,4.80521
ARM,1996,1.84843
ARM,1999,2.23519
ARM,2000,2.77273
ARM,2001,2.46944
ARM,2002,2.13504
ARM,2003,2.14504
ARM,2004,2.48673
ARM,2005,2.71203
ARM,2006,2.71577
ARM,2007,3.01894
ARM,2008,3.17273
ARM,2009,3.84079
ARM,2010,3.249
ARM,2011,3.14385
ARM,2012,2.77248
ARM,2013,2.65018
ARM,2014,2.24724
ARM,2015,2.80591
ARM,2016,2.75812
ARM,2017,2.70759
ARM,2018,2.255868
ARM,2019,2.5719123
ARM,2020,2.70556
ARM,2021,2.76785
ARM,2022,2.4919
ARM,2023,2.42597
ABW,1998,4.76316
ABW,1999,4.39527
ABW,2000,4.71468
ABW,2001,4.79898
ABW,2002,4.8722
ABW,2004,4.35699
ABW,2005,4.62322
ABW,2007,4.70255
ABW,2008,4.8273
ABW,2009,5.7974
ABW,2010,6.75109
ABW,2011,5.91467
ABW,2012,6.34729
ABW,2013,6.44296
ABW,2014,4.857418
ABW,2015,5.88827
ABW,2016,5.49136
ABW,2017,4.45582
ABW,2018,4.5487638
ABW,2019,4.4350367
ABW,2021,3.6185575
AUS,1937,0.7
AUS,1960,1.4
AUS,1978,6.00085
AUS,1979,5.88913
AUS,1980,5.64627
AUS,1982,5.47198
AUS,1983,5.36459
AUS,1985,5.39764
AUS,1986,5.2689
AUS,1987,5.05775
AUS,1988,4.90723
AUS,1989,4.73916
AUS,1990,4.66689
AUS,1991,4.78484
AUS,1992,4.68288
AUS,1993,5.50569
AUS,1994,5.24491
AUS,2000,4.75934
AUS,2001,5.2226157
AUS,2002,5.3056965
AUS,2003,5.245258
AUS,2004,5.1930723
AUS,2005,5.2718763
AUS,2006,5.16309
AUS,2007,4.969669
AUS,2008,4.9018235
AUS,2009,5.3964067
AUS,2010,6.1504364
AUS,2011,6.006016
AUS,2012,5.559248
AUS,2013,5.519627
AUS,2014,5.4375525
AUS,2015,5.462858
AUS,2016,5.4303856
AUS,2017,5.3212557
AUS,2018,5.409676
AUS,2019,5.508589
AUS,2020,5.37828
AUS,2021,5.33321
AUS,2022,5.2067766
AUT,1937,2.5
AUT,1960,2.9
AUT,1970,4.14716
AUT,1971,4.28235
AUT,1972,4.45015
AUT,1973,4.51547
AUT,1974,4.65594
AUT,1975,5.12796
AUT,1976,5.23766
AUT,1977,4.95401
AUT,1978,5.15979
AUT,1979,5.03816
AUT,1980,5.00897
AUT,1981,5.36781
AUT,1982,5.36299
AUT,1983,5.30378
AUT,1984,5.29447
AUT,1985,5.29721
AUT,1986,5.49996
AUT,1987,5.37611
AUT,1988,5.19073
AUT,1989,5.01817
AUT,1990,4.95725
AUT,1991,5.10322
AUT,1992,5.29698
AUT,1993,5.252
AUT,1995,5.42835
AUT,1996,5.2599
AUT,1998,6.10374
AUT,1999,6.11234
AUT,2000,5.58881
AUT,2001,5.57548
AUT,2002,5.52213
AUT,2003,5.36183
AUT,2004,5.30243
AUT,2005,5.24937
AUT,2006,5.22652
AUT,2007,5.1469
AUT,2008,5.26396
AUT,2009,5.73025
AUT,2010,5.70048
AUT,2011,5.59227
AUT,2012,5.4804
AUT,2013,5.54711
AUT,2014,5.44762
AUT,2015,5.45658
AUT,2016,5.47962
AUT,2017,5.37159
AUT,2018,5.22655
AUT,2019,5.21779
AUT,2020,5.57127
AUT,2021,5.49411
AUT,2022,4.7709455
AZE,1992,6.05797
AZE,1995,3.33737
AZE,1996,3.51257
AZE,1998,3.38002
AZE,1999,4.21214
AZE,2000,3.85399
AZE,2001,3.50342
AZE,2002,3.15446
AZE,2003,3.28615
AZE,2004,3.4477
AZE,2005,2.97462
AZE,2006,2.55552
AZE,2007,2.54928
AZE,2008,2.44093
AZE,2009,3.22431
AZE,2010,2.78062
AZE,2011,2.43564
AZE,2012,2.06763
AZE,2013,2.44213
AZE,2014,2.63304
AZE,2015,2.95168
AZE,2016,2.90341
AZE,2017,2.47382
AZE,2018,2.45543
AZE,2019,3.17646
AZE,2020,4.33205
AZE,2021,3.70208
AZE,2022,3.0469
AZE,2023,3.5829003
BHS,2000,2.23284
BHS,2010,2.45166
BHS,2011,2.3557663
BHS,2012,2.3870451
BHS,2013,2.4242885
BHS,2014,2.3566668
BHS,2015,2.297172
BHS,2016,2.587862
BHS,2017,2.6951017
BHS,2018,2.4926412
BHS,2019,2.6257317
BHS,2020,3.712523
BHS,2021,3.0489066
BHS,2022,2.7849684
BHS,2023,2.7757437
BHR,1970,2.01217
BHR,1971,2.30781
BHR,1972,2.02393
BHR,2006,2.87441
BHR,2007,2.575
BHR,2008,2.49678
BHR,2010,2.3511498
BHR,2011,2.3123538
BHR,2012,2.64531
BHR,2013,2.47689
BHR,2014,2.46746
BHR,2015,2.66808
BHR,2016,2.8024828
BHR,2017,2.32781
BHR,2018,2.3889399
BHR,2019,2.3846045
BHR,2020,2.5523746
BHR,2021,2.221358
BHR,2022,1.9877973
BGD,1979,1.13093
BGD,1980,0.9376
BGD,1981,1.0715
BGD,1982,1.01164
BGD,1983,1.03267
BGD,1984,1.22303
BGD,1985,1.27118
BGD,1986,1.34349
BGD,1987,1.51364
BGD,1990,1.51912
BGD,1991,1.42566
BGD,1992,1.63177
BGD,1993,1.69262
BGD,1997,1.95247
BGD,1999,2.13282
BGD,2000,2.12508
BGD,2001,2.17193
BGD,2002,2.01715
BGD,2003,2.06939
BGD,2004,1.94014
BGD,2006,2.13129
BGD,2007,2.20222
BGD,2008,2.05457
BGD,2009,1.93942
BGD,2011,2.1327
BGD,2012,2.0466707
BGD,2013,1.96616
BGD,2014,2.0987167
BGD,2015,1.8722541
BGD,2016,1.6219606
BGD,2017,1.8504003
BGD,2018,1.6558913
BGD,2019,1.681388
BGD,2020,1.7652807
BGD,2021,1.83118
BGD,2022,1.7118367
BGD,2023,1.7752274
BGD,2024,1.9631509
BRB,1971,6.15065
BRB,1972,6.79072
BRB,1973,6.72242
BRB,1974,7.52375
BRB,1976,5.9448
BRB,1977,6.51716
BRB,1991,6.6387
BRB,1999,4.34124
BRB,2000,4.71586
BRB,2001,6.05537
BRB,2002,5.88062
BRB,2003,6.2457
BRB,2004,6.02428
BRB,2005,5.66965
BRB,2007,5.22061
BRB,2008,4.92074
BRB,2009,5.1104
BRB,2010,6.05262
BRB,2012,5.25727
BRB,2013,5.13486
BRB,2014,6.12197
BRB,2015,5.159975
BRB,2016,4.68383
BRB,2017,4.34998
BRB,2018,5.1137676
BRB,2019,4.08633
BRB,2020,4.1686
BRB,2021,4.86361
BRB,2022,4.41624
BRB,2023,4.04476
BLR,1999,6.00001
BLR,2000,6.19662
BLR,2003,6.310182
BLR,2004,5.71226
BLR,2005,5.87103
BLR,2006,6.07696
BLR,2007,5.1521
BLR,2008,5.7132154
BLR,2009,4.36894
BLR,2010,5.22004
BLR,2011,4.68479
BLR,2012,4.95964
BLR,2013,5.00942
BLR,2014,4.81833
BLR,2015,4.78751
BLR,2016,4.94655
BLR,2017,4.795
BLR,2018,4.83657
BLR,2019,4.97949
BLR,2020,4.86264
BLR,2021,4.60641
BLR,2022,4.62823
BLR,2023,4.95148
BEL,1913,1.2
BEL,1960,4.6
BEL,1975,5.76282
BEL,1976,5.73104
BEL,1977,5.98883
BEL,1978,5.43634
BEL,1979,5.38035
BEL,1980,5.31064
BEL,1981,5.43532
BEL,1982,5.31673
BEL,1986,4.85229
BEL,1987,4.57713
BEL,1988,4.30072
BEL,1993,5.37231
BEL,1994,5.41104
BEL,1995,2.98866
BEL,1996,3.04948
BEL,2000,5.532733
BEL,2001,5.676055
BEL,2002,5.789684
BEL,2003,5.891302
BEL,2004,5.629338
BEL,2005,5.79586
BEL,2006,5.626586
BEL,2007,5.518234
BEL,2008,6.33294
BEL,2009,6.4581
BEL,2010,6.44259
BEL,2011,6.43199
BEL,2012,6.59619
BEL,2013,6.63053
BEL,2014,6.59047
BEL,2015,6.45157
BEL,2016,6.46173
BEL,2017,6.42534
BEL,2018,6.38107
BEL,2019,6.33397
BEL,2020,6.80186
BEL,2021,6.35552
BLZ,1999,4.0478
BLZ,2000,3.69593
BLZ,2001,4.25066
BLZ,2003,3.91565
BLZ,2004,4.02665
BLZ,2008,4.31992
BLZ,2009,4.82054
BLZ,2010,5.26443
BLZ,2011,5.517869
BLZ,2012,5.47352
BLZ,2013,5.15144
BLZ,2014,5.16744
BLZ,2015,5.3902
BLZ,2016,5.72171
BLZ,2017,5.94968
BLZ,2018,6.12682
BLZ,2019,5.96499
BLZ,2020,5.21632
BLZ,2021,5.94879
BLZ,2022,4.59651
BLZ,2023,4.25564
BLZ,2024,4.622763
BEN,1998,2.74789
BEN,1999,1.92194
BEN,2000,2.11366
BEN,2001,2.3651
BEN,2002,2.15949
BEN,2003,2.28316
BEN,2004,2.5669
BEN,2005,2.65668
BEN,2006,2.5634
BEN,2007,2.36331
BEN,2008,2.77728
BEN,2009,3.08927
BEN,2010,3.67997
BEN,2011,4.4
BEN,2012,3.56202
BEN,2013,3.32751
BEN,2014,3.16179
BEN,2015,3.17298
BEN,2016,2.8991
BEN,2017,3.53559
BEN,2018,2.93162
BEN,2019,2.9652011
BEN,2020,3.0944152
BEN,2021,3.2034843
BEN,2022,3.377859
BEN,2023,3.7437816
BMU,1973,4.1079
BMU,1975,3.43442
BMU,1985,3.03449
BMU,1990,3.1362
BMU,1991,3.15065
BMU,1992,3.47605
BMU,1998,2.15227
BMU,2003,1.66627
BMU,2004,1.77588
BMU,2005,1.98877
BMU,2009,2.2892
BMU,2010,2.30669
BMU,2011,2.19657
BMU,2012,2.3859713
BMU,2013,2.279503
BMU,2014,1.53688
BMU,2015,1.50164
BMU,2016,1.9154439
BMU,2017,1.32496
BMU,2018,1.9359547
BMU,2019,1.9267982
BMU,2020,1.8900877
BMU,2021,1.8849169
BMU,2022,1.8801618
BMU,2023,1.8651044
BTN,1971,1.87579
BTN,1972,1.65056
BTN,1975,3.09239
BTN,1978,2.51002
BTN,1979,3.47624
BTN,2000,5.78676
BTN,2001,5.44985
BTN,2004,6.12312
BTN,2005,6.7642
BTN,2008,4.56951
BTN,2009,4.41888
BTN,2010,3.82319
BTN,2011,4.40794
BTN,2013,5.25527
BTN,2014,5.549
BTN,2015,5.782699
BTN,2016,5.891594
BTN,2017,6.2274165
BTN,2018,5.743713
BTN,2019,4.5098276
BTN,2020,5.5434127
BTN,2021,6.5983863
BTN,2022,7.46982
BTN,2023,5.8451858
BOL,2002,7.195048
BOL,2003,6.629619
BOL,2004,6.8477182
BOL,2005,6.7135253
BOL,2006,6.43422
BOL,2007,6.72049
BOL,2008,6.72302
BOL,2009,7.57486
BOL,2010,6.97379
BOL,2011,6.45056
BOL,2012,6.628
BOL,2013,6.80322
BOL,2014,7.47813
BOL,2015,8.14343
BOL,2016,8.15061
BOL,2017,8.09724
BOL,2018,8.01587
BOL,2019,8.09104
BOL,2020,8.43711
BOL,2021,7.96215
BOL,2022,7.5755
BOL,2023,8.31589
BIH,2014,3.3147397
BIH,2015,3.018113
BIH,2016,4.26451
BIH,2017,2.8386843
BIH,2018,3.89297
BIH,2019,4.0445
BIH,2020,3.0195408
BIH,2021,4.13623
BIH,2022,2.97013
BWA,1971,4.38724
BWA,1972,3.90639
BWA,1973,3.26279
BWA,1974,3.67424
BWA,1975,5.64943
BWA,1976,6.06396
BWA,1977,5.40031
BWA,1978,5.95214
BWA,1979,6.14173
BWA,1980,5.46932
BWA,1983,5.55227
BWA,1984,5.55166
BWA,1985,5.65072
BWA,1986,5.18593
BWA,1987,6.11773
BWA,1988,6.15111
BWA,1990,5.73963
BWA,1992,6.84061
BWA,2005,10.67859
BWA,2007,9.04667
BWA,2009,9.8253
BWA,2011,10.826553
BWA,2012,8.109873
BWA,2013,8.017206
BWA,2014,7.888742
BWA,2015,8.39458
BWA,2016,8.735893
BWA,2017,7.8092446
BWA,2018,7.905386
BWA,2019,8.398996
BWA,2020,8.058336
BRA,1995,4.56816
BRA,1998,4.75666
BRA,1999,3.80062
BRA,2000,3.94893
BRA,2001,3.84468
BRA,2002,3.75037
BRA,2004,3.97448
BRA,2005,4.47908
BRA,2006,4.8706
BRA,2007,4.97426
BRA,2008,5.26884
BRA,2009,5.46355
BRA,2010,5.6488
BRA,2011,5.73741
BRA,2012,5.8551
BRA,2013,5.83885
BRA,2014,5.94848
BRA,2015,6.24106
BRA,2016,6.31404
BRA,2017,6.32048
BRA,2018,6.08851
BRA,2019,5.96347
BRA,2020,5.7715
BRA,2021,5.49698
VGB,1970,10.57367
VGB,1971,8.93536
VGB,1973,7.24023
VGB,2001,2.90477
VGB,2005,3.04633
VGB,2006,3.5148
VGB,2007,3.04367
VGB,2009,3.24165
VGB,2010,3.48701
VGB,2012,3.5556073
VGB,2013,4.4581122
VGB,2014,4.009198
VGB,2015,4.7045
VGB,2016,3.254677
VGB,2017,2.45709
VGB,2018,2.42556
VGB,2019,2.50097
VGB,2020,2.70539
VGB,2021,3.0245533
VGB,2022,2.48402
BRN,1970,6.23915
BRN,1971,4.99502
BRN,1972,4.03929
BRN,1973,8.79329
BRN,1974,3.39271
BRN,1975,1.96134
BRN,1976,1.97008
BRN,1978,2.11424
BRN,1979,1.54552
BRN,1980,1.19108
BRN,1981,1.61678
BRN,1982,1.69715
BRN,1987,4.73773
BRN,1988,5.40903
BRN,1989,4.69012
BRN,1990,3.95996
BRN,1991,3.66894
BRN,1992,3.74769
BRN,1993,4.29403
BRN,1998,5.25395
BRN,1999,4.93205
BRN,2000,3.70591
BRN,2010,2.04661
BRN,2011,3.3221
BRN,2012,2.88959
BRN,2014,3.35319
BRN,2016,4.42541
BGR,1980,3.52948
BGR,1990,4.45406
BGR,1991,5.42962
BGR,1992,5.26046
BGR,1993,4.95049
BGR,1994,4.17066
BGR,1995,2.37207
BGR,1996,2.23008
BGR,1998,2.73943
BGR,2000,4.219833
BGR,2001,3.38424
BGR,2002,3.38608
BGR,2003,3.99845
BGR,2004,4.24989
BGR,2005,4.1088
BGR,2006,3.90346
BGR,2007,3.68034
BGR,2008,4.21909
BGR,2009,4.27429
BGR,2010,3.85746
BGR,2011,3.5469
BGR,2012,3.4765
BGR,2013,4.05766
BGR,2014,4.0701795
BGR,2015,3.9133234
BGR,2016,3.3951695
BGR,2017,4.07756
BGR,2018,4.04709
BGR,2019,4.19903
BGR,2020,4.50514
BGR,2021,4.73033
BGR,2022,3.8849685
BFA,1978,1.67983
BFA,1980,1.9618
BFA,1983,1.75448
BFA,1985,1.76396
BFA,1988,1.42608
BFA,1994,3.4511
BFA,1996,1.44026
BFA,2005,3.94114
BFA,2006,3.98219
BFA,2007,4.07983
BFA,2010,3.50223
BFA,2011,3.98515
BFA,2012,3.60316
BFA,2013,4.08344
BFA,2014,4.0533
BFA,2015,3.67009
BFA,2017,5.62847
BFA,2018,5.48861
BFA,2019,5.4561563
BFA,2020,5.211483
BFA,2021,5.2491336
BFA,2022,5.2945676
BFA,2023,5.3275785
BDI,1979,2.80336
BDI,1981,3.34676
BDI,1990,3.35933
BDI,1991,3.49366
BDI,1992,3.80585
BDI,1994,4.56527
BDI,1995,5.01511
BDI,1996,4.08324
BDI,1999,3.41745
BDI,2000,2.64548
BDI,2001,2.90391
BDI,2002,3.00493
BDI,2004,3.74496
BDI,2005,3.63216
BDI,2008,5.1929
BDI,2009,6.17195
BDI,2010,6.6780167
BDI,2011,6.240096
BDI,2012,6.0347285
BDI,2013,5.9954
BDI,2014,7.51638
BDI,2015,7.1029096
BDI,2016,4.965851
BDI,2017,5.0091887
BDI,2018,5.4135275
BDI,2019,5.3466845
BDI,2020,5.321585
BDI,2021,4.871142
BDI,2022,4.4379478
KHM,1998,1.25907
KHM,2000,1.66681
KHM,2001,1.72222
KHM,2002,1.71121
KHM,2004,1.71982
KHM,2007,1.5993
KHM,2009,1.66568
KHM,2010,1.53379
KHM,2011,1.51069
KHM,2012,1.4144145
KHM,2013,1.4820262
KHM,2014,1.5667363
KHM,2015,1.7034615
KHM,2016,1.8708191
KHM,2017,2.0964606
KHM,2018,2.4478593
KHM,2019,2.8256547
KHM,2020,3.00235
KHM,2021,3.0116265
KHM,2022,2.8834927
KHM,2023,2.9511523
CMR,1971,3.07987
CMR,1972,3.36389
CMR,1982,2.98497
CMR,1983,3.49689
CMR,1984,3.24637
CMR,1986,2.84834
CMR,1987,2.93091
CMR,1988,2.71473
CMR,1989,2.64896
CMR,1990,3.2871
CMR,1991,3.22023
CMR,1992,2.751
CMR,2000,1.70285
CMR,2001,2.29734
CMR,2003,2.82259
CMR,2004,2.7953
CMR,2005,2.65652
CMR,2006,2.53991
CMR,2007,2.87816
CMR,2008,2.49827
CMR,2009,2.9079
CMR,2010,2.84803
CMR,2011,2.65337
CMR,2012,2.60306
CMR,2013,2.65548
CMR,2014,2.58396
CMR,2015,2.65792
CMR,2016,2.56234
CMR,2017,3.05963
CMR,2018,3.03096
CMR,2019,3.0473995
CMR,2020,3.1039014
CMR,2021,2.8493075
CMR,2022,2.6595237
CMR,2023,2.8390763
CAN,1960,4.6
CAN,1971,7.6843
CAN,1972,7.58984
CAN,1973,7.01387
CAN,1974,6.66716
CAN,1975,6.42132
CAN,1976,6.69842
CAN,1977,6.71092
CAN,1978,7.07383
CAN,1979,6.6922
CAN,1980,6.46289
CAN,1981,6.40902
CAN,1982,6.49725
CAN,1983,6.85547
CAN,1984,6.61841
CAN,1985,6.18943
CAN,1986,6.02059
CAN,1987,6.29828
CAN,1988,6.15023
CAN,1989,6.07407
CAN,1990,5.96922
CAN,1991,6.85952
CAN,1992,6.74663
CAN,1993,7.67835
CAN,1994,6.6583
CAN,1995,6.30477
CAN,1998,5.49377
CAN,1999,5.5308
CAN,2000,5.42332
CAN,2001,4.95303
CAN,2002,4.99308
CAN,2005,4.76588
CAN,2007,4.76641
CAN,2008,4.62612
CAN,2009,4.84058
CAN,2010,5.35637
CAN,2011,5.26205
CAN,2012,4.6925874
CAN,2013,4.58901
CAN,2014,4.84359
CAN,2015,4.73938
CAN,2016,4.81642
CAN,2017,4.95997
CAN,2018,4.88898
CAN,2019,4.77293
CAN,2020,4.88795
CAN,2021,4.7486
CAN,2022,4.483862
CAN,2023,4.535638
CPV,1998,6.39177
CPV,1999,6.80168
CPV,2002,7.87682
CPV,2004,7.47664
CPV,2006,6.5296
CPV,2007,4.95982
CPV,2008,5.03465
CPV,2009,4.86587
CPV,2010,5.07658
CPV,2011,4.59785
CPV,2012,5.3976955
CPV,2013,4.56157
CPV,2014,4.52135
CPV,2015,4.80622
CPV,2016,4.75476
CPV,2017,4.59278
CPV,2018,4.787923
CPV,2019,4.1653
CPV,2021,6.154903
CPV,2022,4.7252555
CPV,2023,4.348285
CYM,2018,2.1637695
CYM,2019,1.1367
CYM,2020,1.45542
CYM,2021,1.31253
CYM,2022,1.48894
CAF,1978,3.17053
CAF,1986,2.20775
CAF,1987,2.54805
CAF,1990,2.2442
CAF,1991,2.27631
CAF,1999,1.69002
CAF,2000,1.61265
CAF,2002,1.51957
CAF,2003,1.5398
CAF,2004,1.62453
CAF,2005,1.65222
CAF,2006,1.41506
CAF,2007,1.31332
CAF,2008,1.29001
CAF,2009,1.25458
CAF,2010,1.11761
CAF,2011,1.10792
CAF,2012,1.9803473
CAF,2013,2.6382143
CAF,2014,2.2201533
CAF,2015,1.9102286
CAF,2016,1.754089
CAF,2017,1.7536502
CAF,2018,1.565876
CAF,2019,1.7679207
CAF,2020,2.1446805
CAF,2021,1.8725169
CAF,2022,2.1150913
CAF,2023,1.8299592
TCD,1997,2.27335
TCD,1998,1.64903
TCD,1999,3.22786
TCD,2000,2.64671
TCD,2001,2.42614
TCD,2004,1.59295
TCD,2005,1.69477
TCD,2009,2.31174
TCD,2010,1.98194
TCD,2011,2.2579
TCD,2012,2.20615
TCD,2013,2.85071
TCD,2014,2.3203123
TCD,2015,2.3428316
TCD,2016,2.388476
TCD,2017,2.45482
TCD,2018,2.259475
TCD,2019,2.372458
TCD,2020,2.739604
TCD,2021,2.88813
TCD,2022,2.6016119
TCD,2023,3.2014973
CHL,1974,3.75121
CHL,1975,3.59473
CHL,1978,3.07045
CHL,1979,3.48237
CHL,1980,4.22
CHL,1981,4.9143
CHL,1987,2.82329
CHL,1990,2.25016
CHL,1993,2.38372
CHL,1994,2.51182
CHL,1995,2.5647
CHL,1996,2.77721
CHL,1997,2.98517
CHL,1998,3.32313
CHL,1999,3.70839
CHL,2000,3.75707
CHL,2002,4.04881
CHL,2003,3.91869
CHL,2004,3.54307
CHL,2005,3.28017
CHL,2006,3.04015
CHL,2007,3.23316
CHL,2008,3.7919
CHL,2009,4.25476
CHL,2010,4.18954
CHL,2011,4.06173
CHL,2013,4.54814
CHL,2014,4.75168
CHL,2015,4.9039
CHL,2016,5.36647
CHL,2017,5.43279
CHL,2018,5.47306
CHL,2019,5.62631
CHL,2020,5.62993
CHL,2021,4.99924
CHN,1971,1.38874
CHN,1972,1.60476
CHN,1973,1.65082
CHN,1974,1.76115
CHN,1975,1.7085
CHN,1976,1.81657
CHN,1977,1.74954
CHN,1978,1.95884
CHN,1979,2.14805
CHN,1980,1.9119
CHN,1981,1.94881
CHN,1982,2.03448
CHN,1983,2.07692
CHN,1984,1.99863
CHN,1985,2.00814
CHN,1986,2.06155
CHN,1987,1.80425
CHN,1988,1.76418
CHN,1992,1.65456
CHN,1993,1.65785
CHN,1994,1.98571
CHN,1995,1.84192
CHN,1996,1.85339
CHN,1998,1.84433
CHN,1999,1.88804
CHN,2005,2.3919055
CHN,2006,2.4412844
CHN,2007,2.7007349
CHN,2008,3.6317883
CHN,2009,3.751522
CHN,2010,3.5596652
CHN,2011,3.521965
CHN,2012,4.0774345
CHN,2013,3.8525088
CHN,2014,3.7266376
CHN,2015,3.824865
CHN,2016,3.7936225
CHN,2017,3.6674504
CHN,2018,4.024424
CHN,2019,4.059395
CHN,2020,4.2333813
CHN,2021,3.988325
CHN,2022,4.0235696
COL,1979,1.75434
COL,1980,1.72912
COL,1981,2.59724
COL,1984,3.00429
COL,1985,2.71527
COL,1989,2.70525
COL,1998,3.92644
COL,1999,4.4408
COL,2000,3.51121
COL,2001,3.70868
COL,2002,4.26813
COL,2003,4.32514
COL,2004,4.07935
COL,2005,4.02099
COL,2006,3.91672
COL,2007,4.08301
COL,2008,3.93878
COL,2009,4.77652
COL,2010,4.83383
COL,2011,4.46608
COL,2012,4.37039
COL,2013,4.87855
COL,2014,4.62946
COL,2015,4.47039
COL,2016,4.47721
COL,2017,4.53551
COL,2018,4.4491
COL,2019,4.51069
COL,2020,5.26166
COM,1998,2.20136
COM,2002,2.25842
COM,2008,4.42265
COM,2011,2.83045
COM,2012,2.74784
COM,2013,2.38276
COM,2014,2.74473
COM,2015,2.54506
COM,2020,2.3780508
COM,2021,2.274854
COM,2022,2.4316442
COM,2023,2.341469
COG,1970,5.7323
COG,1971,5.55095
COG,1973,5.23845
COG,1975,7.74302
COG,1978,8.41331
COG,1979,7.03814
COG,1980,6.35924
COG,1994,6.37312
COG,1995,4.91034
COG,1998,4.06827
COG,2002,3.20832
COG,2003,2.83616
COG,2004,2.28813
COG,2005,1.68102
COG,2010,5.68673
COG,2011,2.6465297
COG,2012,2.7392306
COG,2014,3.18257
COG,2015,3.13883
COG,2016,4.871141
COG,2017,4.17237
COG,2018,2.77167
COG,2019,3.2471642
COG,2020,4.222089
COG,2021,3.3128154
COG,2022,2.7273824
COG,2023,3.3400521
COK,1971,9.03783
COK,1985,6.70079
COK,1987,5.93985
COK,1992,5.45542
COK,1999,1.75295
COK,2000,1.89765
COK,2011,3.27217
COK,2012,2.97382
COK,2013,2.98947
COK,2014,4.2265105
COK,2015,3.9512832
COK,2016,3.973337
COK,2017,2.9169328
COK,2018,4.015508
COK,2019,3.5042667
COK,2020,3.6637855
COK,2021,4.592104
COK,2022,5.97094
COK,2023,4.576266
CRI,1980,7.34717
CRI,1982,4.88507
CRI,1983,4.95778
CRI,1986,4.42027
CRI,1988,4.01323
CRI,1989,4.07785
CRI,1995,3.35272
CRI,1996,3.89072
CRI,1999,5.39436
CRI,2000,4.66695
CRI,2001,4.83203
CRI,2002,5.15044
CRI,2003,5.13374
CRI,2004,4.89063
CRI,2006,4.61614
CRI,2007,4.63451
CRI,2008,4.88697
CRI,2009,6.0103
CRI,2010,6.56574
CRI,2011,6.37989
CRI,2012,6.5824
CRI,2013,6.6874
CRI,2014,6.67952
CRI,2015,6.8735
CRI,2016,6.89396
CRI,2017,7.06981
CRI,2018,6.76992
CRI,2019,6.73808
CRI,2020,6.62898
CRI,2021,6.24842
CIV,1970,5.86539
CIV,1972,7.53186
CIV,1973,7.04561
CIV,1974,5.69039
CIV,1975,6.78574
CIV,1976,6.46212
CIV,1978,6.75367
CIV,1979,8.23139
CIV,1980,6.85976
CIV,1992,6.78114
CIV,1993,6.50305
CIV,1994,4.78869
CIV,1995,4.30145
CIV,1996,2.72476
CIV,1997,2.61812
CIV,1998,2.43499
CIV,1999,2.68529
CIV,2000,2.40031
CIV,2001,2.44477
CIV,2002,2.81048
CIV,2003,2.86437
CIV,2004,2.91176
CIV,2005,2.91944
CIV,2006,2.82
CIV,2007,3.01614
CIV,2008,3.09853
CIV,2009,3.17394
CIV,2010,3.24651
CIV,2011,2.86576
CIV,2012,3.43447
CIV,2013,3.4586
CIV,2014,3.31417
CIV,2015,3.49413
CIV,2016,3.93593
CIV,2017,3.73654
CIV,2018,3.21165
CIV,2019,3.41307
CIV,2020,3.78674
CIV,2021,3.32719
CIV,2022,3.51197
CIV,2023,3.42993
HRV,2000,6.0924993
HRV,2001,5.6631923
HRV,2002,3.82301
HRV,2003,3.86902
HRV,2004,3.82215
HRV,2005,5.1895967
HRV,2006,4.8556046
HRV,2007,3.96752
HRV,2008,4.27542
HRV,2009,4.37821
HRV,2010,4.2169
HRV,2011,4.11442
HRV,2012,4.9405684
HRV,2013,4.52116
HRV,2014,5.0380707
HRV,2015,4.800907
HRV,2016,4.69095
HRV,2017,3.8627
HRV,2018,3.91209
HRV,2019,3.92008
HRV,2020,4.38902
HRV,2021,4.05666
HRV,2022,4.7727723
CUB,1980,8.36909
CUB,1991,7.14497
CUB,1993,7.07477
CUB,1994,5.61948
CUB,1998,6.20873
CUB,1999,6.75524
CUB,2000,7.70481
CUB,2001,8.35809
CUB,2002,9.57117
CUB,2003,9.94086
CUB,2004,10.26823
CUB,2005,10.55778
CUB,2006,9.05717
CUB,2007,11.86821
CUB,2008,14.05908
CUB,2009,13.12486
CUB,2010,12.83731
CUB,2012,11.551661
CUB,2013,10.671696
CUB,2014,9.607457
CUB,2015,8.963358
CUB,2016,9.013093
CUB,2017,8.444136
CUB,2019,9.047005
CUB,2021,9.385862
CUB,2022,8.440864
CUW,2013,5.11633
CYP,1975,4.33502
CYP,1976,3.8197
CYP,1977,3.38549
CYP,1978,3.31234
CYP,1979,3.35313
CYP,1980,3.42601
CYP,1981,3.79132
CYP,1982,3.73178
CYP,1984,3.60191
CYP,1985,3.58696
CYP,1986,3.48897
CYP,1987,3.44871
CYP,1988,3.37547
CYP,1989,3.37627
CYP,1990,3.33924
CYP,1991,3.57539
CYP,1992,3.7803
CYP,1993,4.09555
CYP,1994,4.15997
CYP,1995,3.74123
CYP,1999,4.77208
CYP,2000,4.98954
CYP,2001,5.11552
CYP,2002,5.58167
CYP,2003,6.67023
CYP,2004,6.11772
CYP,2005,6.28667
CYP,2006,6.33027
CYP,2007,6.28083
CYP,2008,6.72276
CYP,2009,7.20545
CYP,2010,6.5256
CYP,2011,6.52042
CYP,2012,5.895267
CYP,2013,6.46747
CYP,2014,6.42111
CYP,2015,6.30491
CYP,2016,6.11811
CYP,2017,5.69962
CYP,2018,5.025098
CYP,2019,5.2126
CYP,2020,5.63694
CYP,2021,5.23586
CYP,2022,5.107768
CZE,1992,3.75176
CZE,1993,4.15868
CZE,1994,4.64996
CZE,1995,4.51755
CZE,1996,4.24491
CZE,1998,3.58012
CZE,1999,3.66753
CZE,2000,3.64034
CZE,2001,3.73283
CZE,2002,3.95878
CZE,2003,4.11728
CZE,2004,3.99239
CZE,2005,3.86591
CZE,2006,4.19551
CZE,2007,3.84718
CZE,2008,3.72719
CZE,2009,4.14606
CZE,2010,4.0335
CZE,2011,4.24209
CZE,2012,4.22071
CZE,2013,4.04676
CZE,2014,3.96523
CZE,2015,5.75182
CZE,2016,5.55373
CZE,2017,3.80616
CZE,2018,4.26606
CZE,2019,4.54247
CZE,2020,4.72159
CZE,2021,4.8032
CZE,2022,4.742285
COD,1980,2.26731
COD,1981,2.53505
COD,1982,2.79982
COD,1983,1.29945
COD,1984,0.70414
COD,1985,0.8257
COD,1986,0.7225
COD,1987,0.8612
COD,1988,0.81484
COD,2010,1.52498
COD,2013,2.06221
COD,2014,1.95143
COD,2015,2.17044
COD,2016,2.11869
COD,2017,1.45495
COD,2020,2.6226385
COD,2021,2.6604848
COD,2022,2.844665
DNK,1970,5.95553
DNK,1971,6.39356
DNK,1972,6.48131
DNK,1973,6.26611
DNK,1974,6.58151
DNK,1975,6.71313
DNK,1977,5.67212
DNK,1978,5.75347
DNK,1979,5.58649
DNK,1980,5.91093
DNK,1986,5.83825
DNK,1987,6.07808
DNK,1988,6.33533
DNK,1989,5.83814
DNK,1991,5.59676
DNK,1993,7.77282
DNK,1994,7.47106
DNK,1995,7.47104
DNK,1996,7.88494
DNK,1998,8.10675
DNK,1999,7.93116
DNK,2000,8.08434
DNK,2001,8.21545
DNK,2002,8.21303
DNK,2003,8.12193
DNK,2004,8.20763
DNK,2005,8.08557
DNK,2006,7.72991
DNK,2007,7.6156
DNK,2008,7.47605
DNK,2009,8.44888
DNK,2010,8.55955
DNK,2011,8.48486
DNK,2012,7.23782
DNK,2013,8.49443
DNK,2014,7.63485
DNK,2015,7.031651
DNK,2016,7.69106
DNK,2017,7.11586
DNK,2018,7.29691
DNK,2019,7.25505
DNK,2020,7.38354
DNK,2021,6.99993
DNK,2022,5.285617
DJI,1999,7.62948
DJI,2000,9.66
DJI,2001,7.80543
DJI,2002,8.4476
DJI,2003,8.88985
DJI,2004,9.26467
DJI,2005,8.36589
DJI,2006,8.27878
DJI,2007,8.40625
DJI,2010,4.49022
DJI,2012,6.3512754
DJI,2013,4.6478252
DJI,2014,4.384075
DJI,2015,3.59895
DJI,2016,3.92226
DJI,2017,3.73345
DJI,2018,3.75143
DMA,1989,4.28991
DMA,1998,5.73984
DMA,1999,4.02858
DMA,2012,4.528963
DMA,2013,4.354281
DMA,2014,4.332166
DMA,2015,3.40712
DMA,2016,5.1297197
DMA,2017,4.766751
DMA,2018,5.1536045
DMA,2019,5.53449
DMA,2020,4.6963
DMA,2021,5.465845
DMA,2022,6.0431423
DMA,2023,4.694237
DMA,2024,5.3857217
DOM,1970,2.64079
DOM,1982,1.53891
DOM,1983,1.46383
DOM,1984,1.33455
DOM,1985,1.21019
DOM,1993,0.77395
DOM,1994,0.89337
DOM,1995,1.0333
DOM,1996,1.22725
DOM,2000,1.88829
DOM,2001,1.96783
DOM,2002,1.91401
DOM,2003,1.84465
DOM,2007,2.04679
DOM,2010,1.8872879
DOM,2011,1.8792576
DOM,2013,3.6281815
DOM,2014,3.6224344
DOM,2015,3.6040027
DOM,2016,3.8504956
DOM,2017,3.9202676
DOM,2018,3.9182107
DOM,2019,4.042769
DOM,2020,4.5176983
DOM,2021,3.7473135
DOM,2022,3.9402714
DOM,2023,4.267332
TLS,2008,8.67015
TLS,2009,12.90248
TLS,2010,11.10658
TLS,2011,10.19352
TLS,2012,7.1657233
TLS,2013,5.6805573
TLS,2014,7.6589046
TLS,2015,6.292498
TLS,2016,6.0120096
TLS,2017,5.2005224
TLS,2018,4.8744097
TLS,2019,4.179689
TLS,2020,3.6528735
TLS,2021,2.9738941
ECU,1970,2.00283
ECU,1971,1.8794
ECU,1977,2.41884
ECU,1984,4.20342
ECU,1985,5.23335
ECU,1986,6.87238
ECU,1995,1.99764
ECU,1998,2.19537
ECU,1999,1.54734
ECU,2000,1.20266
ECU,2009,4.51763
ECU,2010,4.60029
ECU,2011,4.74425
ECU,2012,4.6531
ECU,2013,4.92998
ECU,2014,5.21021
ECU,2015,5.1057
ECU,2016,4.463977
ECU,2017,4.6066775
ECU,2018,4.625026
ECU,2019,4.24578
ECU,2020,4.26103
ECU,2021,3.64777
ECU,2022,3.59898
ECU,2023,3.89365
EGY,1971,4.52992
EGY,1972,4.5379
EGY,1974,5.22667
EGY,1975,4.89243
EGY,1976,4.94343
EGY,1977,4.54958
EGY,1978,4.94112
EGY,1980,4.28032
EGY,1982,5.6083
EGY,1983,5.22149
EGY,1988,4.52522
EGY,1989,4.60006
EGY,1992,4.05067
EGY,1993,4.1977
EGY,1994,4.58376
EGY,1995,4.604
EGY,1996,4.67157
EGY,2002,4.7958837
EGY,2003,4.94563
EGY,2004,4.67072
EGY,2005,4.79443
EGY,2006,4.00178
EGY,2007,3.68461
EGY,2008,3.76083
EGY,2009,3.639191
EGY,2010,3.542652
EGY,2011,3.3442965
EGY,2012,3.3683047
EGY,2013,4.122526
EGY,2014,4.2513857
EGY,2015,3.9308481
SLV,1975,0.90451
SLV,1998,2.54725
SLV,1999,2.56261
SLV,2000,2.83868
SLV,2002,3.24284
SLV,2003,3.13467
SLV,2005,3.17785
SLV,2006,3.49298
SLV,2007,3.60985
SLV,2008,4.45811
SLV,2009,4.6595
SLV,2010,4.04808
SLV,2011,3.89854
SLV,2012,3.71244
SLV,2013,3.80149
SLV,2014,3.82416
SLV,2015,3.90988
SLV,2016,3.82524
SLV,2017,3.72523
SLV,2018,3.60575
SLV,2019,3.38711
SLV,2020,3.66088
SLV,2021,3.57766
SLV,2022,3.25634
SLV,2023,3.17219
GNQ,1998,2.18798
ERI,1996,1.63855
ERI,1998,4.62058
ERI,1999,5.26281
ERI,2001,4.04716
ERI,2002,3.5239
ERI,2004,3.14897
ERI,2006,2.127
EST,1992,5.28141
EST,1993,5.69823
EST,1994,5.49429
EST,1995,5.89866
EST,1996,6.05492
EST,1997,6.33788
EST,1998,6.23536
EST,1999,6.65249
EST,2000,5.33946
EST,2001,5.22846
EST,2002,5.43461
EST,2003,5.2731
EST,2004,4.87675
EST,2005,4.81027
EST,2006,5.8558
EST,2007,4.61991
EST,2008,5.48404
EST,2009,5.96005
EST,2010,5.51779
EST,2011,5.01449
EST,2012,4.71772
EST,2013,4.84388
EST,2014,4.39433
EST,2015,5.14419
EST,2016,5.15764
EST,2017,4.96132
EST,2018,5.23997
EST,2019,5.26042
EST,2020,5.52697
EST,2021,5.26321
EST,2022,5.7479324
SWZ,1976,3.71435
SWZ,1977,3.9443
SWZ,1978,5.79652
SWZ,1979,6.36428
SWZ,1980,5.2972
SWZ,1981,6.58383
SWZ,1982,6.75364
SWZ,1987,5.8022
SWZ,1988,5.51156
SWZ,1989,5.66129
SWZ,1990,5.48457
SWZ,1994,5.14029
SWZ,1995,5.65314
SWZ,1996,4.93816
SWZ,1999,5.09095
SWZ,2000,5.50848
SWZ,2001,4.83824
SWZ,2002,4.44087
SWZ,2003,5.81677
SWZ,2004,5.40161
SWZ,2005,6.48462
SWZ,2006,6.55476
SWZ,2008,6.61812
SWZ,2009,6.47135
SWZ,2010,6.11837
SWZ,2011,6.86433
SWZ,2012,5.593282
SWZ,2013,5.0846105
SWZ,2014,7.07059
SWZ,2015,5.354947
SWZ,2016,5.433553
SWZ,2017,6.177914
SWZ,2018,5.7368736
SWZ,2019,5.699148
SWZ,2020,5.325463
SWZ,2021,5.287149
SWZ,2022,5.572742
SWZ,2023,5.004316
SWZ,2024,6.030829
ETH,1971,1.19767
ETH,1972,1.31443
ETH,1977,2.15986
ETH,1978,1.93494
ETH,1979,2.00423
ETH,1980,1.8162
ETH,1981,1.85807
ETH,1982,2.06093
ETH,1983,2.24603
ETH,1984,2.06062
ETH,1985,2.28066
ETH,1986,2.0859
ETH,1993,2.2969
ETH,1996,2.70708
ETH,1997,2.6908
ETH,2000,3.88615
ETH,2001,3.70029
ETH,2002,3.63245
ETH,2006,5.49096
ETH,2007,5.45113
ETH,2008,5.4082
ETH,2009,4.42207
ETH,2010,4.49659
ETH,2011,5.48576
ETH,2012,5.56678
ETH,2013,4.8244643
ETH,2014,4.7926507
ETH,2015,5.1533613
ETH,2016,5.061514
ETH,2017,5.4990506
ETH,2018,5.220112
ETH,2019,4.4808693
ETH,2020,4.090565
ETH,2021,4.065249
ETH,2022,3.736495
ETH,2023,2.9272447
ETH,2024,2.297807
FJI,1979,5.19761
FJI,1981,5.82121
FJI,1983,6.48669
FJI,1989,4.8311
FJI,1998,5.5247
FJI,1999,5.16864
FJI,2000,5.87774
FJI,2001,5.64311
FJI,2002,6.27587
FJI,2004,6.20916
FJI,2005,5.16706
FJI,2006,5.65532
FJI,2007,5.89472
FJI,2008,4.25357
FJI,2009,4.49848
FJI,2011,4.17306
FJI,2012,4.461506
FJI,2013,4.351394
FJI,2014,3.7696092
FJI,2015,4.8093176
FJI,2016,4.8359027
FJI,2017,4.6511917
FJI,2018,4.7970605
FJI,2019,5.152732
FJI,2020,5.8051953
FJI,2021,4.8526864
FJI,2022,3.9383955
FJI,2023,4.246798
FIN,1970,5.41349
FIN,1971,5.33138
FIN,1972,5.00819
FIN,1973,5.09338
FIN,1974,4.48231
FIN,1975,5.03324
FIN,1976,5.22833
FIN,1979,4.79691
FIN,1980,4.82575
FIN,1981,4.83336
FIN,1982,4.77929
FIN,1983,4.85561
FIN,1984,4.69892
FIN,1985,5.04542
FIN,1986,5.1004
FIN,1987,5.20082
FIN,1988,5.06696
FIN,1989,5.07261
FIN,1990,5.3389
FIN,1991,6.33748
FIN,1992,6.5205
FIN,1993,7.48716
FIN,1994,6.85707
FIN,1995,6.80991
FIN,1996,6.85898
FIN,1999,5.86993
FIN,2000,5.7093
FIN,2001,5.84025
FIN,2002,6.01678
FIN,2003,6.16744
FIN,2004,6.15758
FIN,2005,6.02507
FIN,2006,5.92838
FIN,2007,5.67126
FIN,2008,5.8301
FIN,2009,6.45956
FIN,2010,6.50445
FIN,2011,6.44505
FIN,2012,7.14804
FIN,2013,7.12404
FIN,2014,7.10237
FIN,2015,7.03208
FIN,2016,6.85153
FIN,2017,6.36311
FIN,2018,6.27558
FIN,2019,6.41695
FIN,2020,6.63494
FIN,2021,6.53826
FRA,1870,0.3
FRA,1913,1.5
FRA,1937,1.3
FRA,1960,2.4
FRA,1970,3.42974
FRA,1971,3.17421
FRA,1972,3.35918
FRA,1973,3.23003
FRA,1974,4.24202
FRA,1975,4.42854
FRA,1976,4.42471
FRA,1977,4.43521
FRA,1978,4.34511
FRA,1979,4.28116
FRA,1980,4.30769
FRA,1981,4.73072
FRA,1982,4.85203
FRA,1983,4.85234
FRA,1984,4.86754
FRA,1985,4.85157
FRA,1986,4.70795
FRA,1987,4.62344
FRA,1988,4.54472
FRA,1989,4.4564
FRA,1990,4.51394
FRA,1991,4.8413
FRA,1992,4.73539
FRA,1993,5.42959
FRA,1994,5.62643
FRA,1995,5.79073
FRA,1996,5.75672
FRA,1998,5.68792
FRA,2000,5.6002192
FRA,2001,5.6178
FRA,2002,5.7809753
FRA,2003,5.762063
FRA,2004,5.549234
FRA,2005,5.5172276
FRA,2006,5.4753103
FRA,2007,5.3045287
FRA,2008,5.3872757
FRA,2009,5.669219
FRA,2010,5.6427917
FRA,2011,5.4801154
FRA,2012,5.488356
FRA,2013,5.4928937
FRA,2014,5.4892044
FRA,2015,5.4464273
FRA,2016,5.408058
FRA,2017,5.4516
FRA,2018,5.40717
FRA,2019,5.35443
FRA,2020,5.65981
FRA,2021,5.43039
GAB,1992,2.80552
GAB,1998,3.41966
GAB,1999,3.08123
GAB,2000,3.82709
GAB,2010,3.07809
GAB,2011,2.98746
GAB,2012,3.0134
GAB,2013,3.02971
GAB,2014,2.66667
GAB,2015,2.82436
GAB,2016,2.6677308
GAB,2017,3.555708
GAB,2018,3.071543
GAB,2019,2.8743098
GAB,2020,3.3987408
GAB,2021,2.7007928
GAB,2022,2.2077365
GAB,2023,2.3159428
GMB,1985,4.29515
GMB,1986,3.48473
GMB,1989,2.97409
GMB,1990,2.82584
GMB,1991,3.78061
GMB,1992,1.16984
GMB,1995,2.55356
GMB,1996,2.56628
GMB,1999,1.56513
GMB,2000,1.46587
GMB,2001,1.1581
GMB,2002,1.44292
GMB,2003,1.36338
GMB,2004,0.62247
GMB,2005,0.69188
GMB,2006,0.75163
GMB,2007,0.81686
GMB,2008,2.1813
GMB,2009,1.90814
GMB,2010,2.65552
GMB,2011,2.5017025
GMB,2012,2.63757
GMB,2013,1.81839
GMB,2014,2.2228026
GMB,2015,2.1923518
GMB,2016,2.1747973
GMB,2017,2.4591944
GMB,2018,2.365444
GMB,2019,2.8080971
GMB,2020,2.8873458
GMB,2021,3.044777
GMB,2022,2.7428231
GMB,2023,2.6965947
GEO,1994,6.91566
GEO,1998,2.10888
GEO,1999,2.15513
GEO,2000,2.18105
GEO,2001,2.1375
GEO,2002,2.23502
GEO,2003,2.0656
GEO,2004,2.9142
GEO,2005,2.48432
GEO,2006,3.00365
GEO,2007,2.69687
GEO,2008,2.91955
GEO,2009,3.22238
GEO,2010,2.762245
GEO,2011,2.51492
GEO,2012,1.86034
GEO,2013,3.408296
GEO,2014,2.9411764
GEO,2015,3.1087184
GEO,2016,3.52338
GEO,2017,3.52442
GEO,2018,3.46095
GEO,2019,3.82986
GEO,2020,3.809476
GEO,2021,3.59442
GEO,2022,3.75498
GEO,2023,3.73861
DEU,1870,1.3
DEU,1913,2.7
DEU,1960,2.9
DEU,1980,4.7
DEU,1993,4.40792
DEU,1994,4.33664
DEU,1995,4.43076
DEU,1996,4.49471
DEU,1998,4.46187
DEU,2000,4.0334606
DEU,2001,4.1179123
DEU,2002,4.142289
DEU,2003,4.137968
DEU,2004,4.0688343
DEU,2005,4.05373
DEU,2006,3.9757974
DEU,2007,3.8797193
DEU,2008,4.54924
DEU,2009,4.2779784
DEU,2010,5.09588
DEU,2011,4.98425
DEU,2012,4.92844
DEU,2013,4.93539
DEU,2014,4.92102
DEU,2015,4.85515
DEU,2016,4.83923
DEU,2017,4.87183
DEU,2018,4.97933
DEU,2019,5.11552
DEU,2020,5.59038
DEU,2021,5.45489
DEU,2022,4.393009
DEU,2023,4.4749913
GHA,1971,4.22444
GHA,1972,4.6214
GHA,1974,3.80271
GHA,1975,4.87654
GHA,1976,5.82883
GHA,1977,6.09528
GHA,1979,2.31135
GHA,1980,2.70777
GHA,1981,1.80812
GHA,1982,1.90454
GHA,1986,3.35448
GHA,1987,3.3067
GHA,1988,3.18742
GHA,1999,4.11037
GHA,2001,5.35444
GHA,2004,7.53558
GHA,2005,7.42208
GHA,2006,5.14794
GHA,2007,5.51987
GHA,2008,5.75796
GHA,2009,5.31744
GHA,2010,5.5406
GHA,2011,8.14097
GHA,2012,7.91914
GHA,2013,4.57647
GHA,2014,3.6823483
GHA,2015,3.6887455
GHA,2016,3.454744
GHA,2017,3.1861174
GHA,2018,3.0159557
GHA,2019,3.1530712
GHA,2020,3.40916
GHA,2021,3.4005044
GHA,2022,2.9096384
GRC,1970,1.5465
GRC,1971,1.30246
GRC,1973,1.11262
GRC,1974,1.33609
GRC,1975,1.46085
GRC,1976,1.44825
GRC,1977,1.49373
GRC,1978,1.6857
GRC,1981,1.6928
GRC,1982,1.68684
GRC,1983,1.68868
GRC,1984,1.81003
GRC,1986,1.83337
GRC,1987,1.83421
GRC,1988,1.86894
GRC,1989,2.01546
GRC,1990,2.04608
GRC,1991,1.93433
GRC,1998,2.89256
GRC,1999,3.02773
GRC,2000,3.23019
GRC,2001,3.36458
GRC,2002,3.42431
GRC,2003,3.42934
GRC,2004,3.66719
GRC,2005,3.96396
GRC,2006,3.6477287
GRC,2007,3.5914025
GRC,2008,3.772877
GRC,2009,4.1299314
GRC,2010,4.140565
GRC,2011,4.516296
GRC,2012,4.582213
GRC,2013,4.495109
GRC,2014,4.321357
GRC,2015,3.66139
GRC,2016,4.0156064
GRC,2017,3.47709
GRC,2018,3.59734
GRC,2019,3.58613
GRC,2020,4.5135098
GRC,2021,4.120652
GRC,2022,3.791978
GRD,2003,3.92674
GRD,2010,5.0750823
GRD,2011,5.4853234
GRD,2012,5.072259
GRD,2014,4.477566
GRD,2015,4.2386103
GRD,2017,3.1738
GRD,2018,3.5591934
GRD,2021,4.0903034
GRD,2022,4.037673
GRD,2023,5.125448
GTM,1970,1.85872
GTM,1971,2.02554
GTM,1976,1.62729
GTM,1993,1.66575
GTM,1994,1.43998
GTM,1995,1.6048
GTM,1996,1.5637
GTM,2006,3.03285
GTM,2007,3.08809
GTM,2008,3.23686
GTM,2010,2.84865
GTM,2011,2.96865
GTM,2012,3.00525
GTM,2013,2.88809
GTM,2014,2.98562
GTM,2015,3.03033
GTM,2016,2.94474
GTM,2017,2.9501
GTM,2018,3.13194
GTM,2019,3.19297
GTM,2020,3.29503
GTM,2021,3.10635
GTM,2022,3.22941
GTM,2023,3.17939
GIN,1984,0.33494
GIN,1991,1.38291
GIN,1992,1.37601
GIN,1993,1.43233
GIN,1999,1.61955
GIN,2000,1.77865
GIN,2001,1.42785
GIN,2002,1.77897
GIN,2003,1.62613
GIN,2004,1.51569
GIN,2005,1.26815
GIN,2008,1.58112
GIN,2009,2.20725
GIN,2010,2.55119
GIN,2011,2.28742
GIN,2012,1.83371
GIN,2013,2.63421
GIN,2014,2.42281
GIN,2015,2.51714
GIN,2016,2.5445
GIN,2017,2.32034
GIN,2018,2.38432
GIN,2019,1.85813
GIN,2020,2.43267
GIN,2021,2.0407481
GIN,2022,2.0072231
GIN,2023,1.7247088
GNB,1999,2.03237
GNB,2010,1.68221
GNB,2011,1.76593
GNB,2012,1.88638
GNB,2013,2.01027
GUY,1970,4.32898
GUY,1977,7.08873
GUY,1979,9.37787
GUY,1983,8.25347
GUY,1984,7.22748
GUY,1994,3.72445
GUY,1995,3.60934
GUY,1999,8.56106
GUY,2000,8.48415
GUY,2001,8.3973
GUY,2002,8.36554
GUY,2003,6.9559
GUY,2004,5.51294
GUY,2005,8.13973
GUY,2006,3.11891
GUY,2007,2.39117
GUY,2009,2.15058
GUY,2010,2.40939
GUY,2011,2.50669
GUY,2012,2.24132
GUY,2014,4.36033
GUY,2015,3.8957
GUY,2016,4.73775
GUY,2017,4.66478
GUY,2018,4.45058
HTI,1981,1.39374
HTI,1982,1.07954
HTI,1983,1.02221
HTI,1984,0.98619
HTI,1985,0.96929
HTI,1991,1.07399
HTI,2014,1.75227
HTI,2015,1.85498
HTI,2016,1.38776
HTI,2017,1.49847
HTI,2018,1.63716
HTI,2019,1.0841498
HTI,2020,1.3710139
HTI,2021,1.2427518
HTI,2022,1.2746689
HTI,2023,1.073586
HND,1978,2.01905
HND,1979,2.01299
HND,1980,1.93636
HND,1994,2.51264
HND,1995,2.61745
HND,2012,6.299728
HND,2013,5.87493
HND,2014,7.09012
HND,2015,6.41297
HND,2016,6.095095
HND,2017,5.7443438
HND,2018,6.05647
HND,2019,5.9819827
HND,2020,6.0980134
HND,2021,5.881602
HND,2022,4.4828005
HND,2023,4.04616
HKG,1971,2.36815
HKG,1972,2.29561
HKG,1973,2.18337
HKG,1974,2.36029
HKG,1975,2.4492
HKG,1976,2.43336
HKG,1977,2.21924
HKG,1978,2.32255
HKG,1980,2.19214
HKG,1981,2.27173
HKG,1982,1.66983
HKG,1983,2.5786
HKG,1984,2.58169
HKG,1985,2.55897
HKG,1990,2.46609
HKG,1992,2.8282
HKG,1996,2.72831
HKG,2001,3.9037
HKG,2002,4.01554
HKG,2003,4.2853
HKG,2004,4.55896
HKG,2005,4.13463
HKG,2006,3.84279
HKG,2007,3.45455
HKG,2008,3.26063
HKG,2009,4.39213
HKG,2010,3.51003
HKG,2011,3.41822
HKG,2012,3.50961
HKG,2013,3.76032
HKG,2014,3.57255
HKG,2015,3.26212
HKG,2016,3.29269
HKG,2017,3.30989
HKG,2018,3.32624
HKG,2019,3.81018
HKG,2020,4.40562
HKG,2021,4.00031
HKG,2022,3.72866
HKG,2023,3.8031
HUN,1970,3.45141
HUN,1971,3.43639
HUN,1972,3.36103
HUN,1973,3.40099
HUN,1974,3.60736
HUN,1975,3.73231
HUN,1976,3.53689
HUN,1977,3.6053
HUN,1978,3.72723
HUN,1979,3.70743
HUN,1980,4.30395
HUN,1981,4.43302
HUN,1982,4.43565
HUN,1983,5.2067
HUN,1984,4.77393
HUN,1985,4.54768
HUN,1986,4.75104
HUN,1987,4.64594
HUN,1988,4.49736
HUN,1989,5.06344
HUN,1990,5.4319
HUN,1991,5.8794
HUN,1992,6.07957
HUN,1993,5.91959
HUN,1994,5.83489
HUN,1995,4.84749
HUN,1996,4.33475
HUN,1998,4.40865
HUN,1999,4.56705
HUN,2000,4.8684
HUN,2001,4.93101
HUN,2002,5.17923
HUN,2003,5.7923
HUN,2004,5.32762
HUN,2005,5.32008
HUN,2006,5.28974
HUN,2007,5.13495
HUN,2008,4.96764
HUN,2009,4.94636
HUN,2010,4.72375
HUN,2011,4.56318
HUN,2012,4.1425
HUN,2013,4.18922
HUN,2014,4.60187
HUN,2015,4.4954
HUN,2016,4.61548
HUN,2017,4.64757
HUN,2018,4.62344
HUN,2019,4.22488
HUN,2020,4.15357
HUN,2021,4.68406
HUN,2022,5.0720067
ISL,1990,4.25863
ISL,1993,5.14158
ISL,1994,4.75558
ISL,1995,4.78062
ISL,1996,5.21835
ISL,1998,6.78387
ISL,1999,6.43401
ISL,2000,6.43144
ISL,2001,6.70592
ISL,2002,7.29892
ISL,2003,7.24508
ISL,2004,7.16118
ISL,2005,7.33844
ISL,2006,7.19522
ISL,2007,6.94433
ISL,2008,7.03602
ISL,2009,7.18985
ISL,2010,6.94424
ISL,2011,6.78998
ISL,2012,7.58223
ISL,2013,7.44869
ISL,2014,7.64141
ISL,2015,7.45797
ISL,2016,7.4322
ISL,2017,7.58386
ISL,2018,7.5635
ISL,2019,7.6013
ISL,2020,8.58383
ISL,2021,8.21781
ISL,2022,6.909235
ISL,2023,6.746124
IND,1997,3.36136
IND,1998,3.57256
IND,1999,4.41539
IND,2000,4.32479
IND,2003,3.61341
IND,2004,3.35254
IND,2005,3.18875
IND,2006,3.14285
IND,2009,3.27825
IND,2010,3.37769
IND,2011,3.79618
IND,2012,4.0847983
IND,2013,3.84467
IND,2014,3.8987803
IND,2015,4.1149917
IND,2016,4.2565165
IND,2017,4.306397
IND,2018,4.3769326
IND,2019,3.8973236
IND,2020,4.0401416
IND,2021,4.629499
IND,2022,4.098658
IDN,1972,2.78821
IDN,1989,0.87141
IDN,1994,0.99855
IDN,1995,1.00435
IDN,1996,1.07855
IDN,1997,1.07208
IDN,2001,2.46003
IDN,2002,2.64569
IDN,2003,3.218
IDN,2004,2.74847
IDN,2005,2.87282
IDN,2007,3.04425
IDN,2008,2.9019
IDN,2009,3.52513
IDN,2010,2.81228
IDN,2011,3.18944
IDN,2012,3.40748
IDN,2013,3.35904
IDN,2014,3.28801
IDN,2015,3.5836
IDN,2016,1.2102345
IDN,2017,1.0532439
IDN,2018,0.99443644
IDN,2019,0.9643991
IDN,2020,1.0159322
IDN,2021,1.0322175
IDN,2022,0.86394334
IDN,2023,1.2751709
IRN,1971,2.77034
IRN,1972,2.76672
IRN,1973,2.87668
IRN,1974,2.69034
IRN,1975,2.96557
IRN,1977,5.41626
IRN,1981,7.1314
IRN,1982,5.80205
IRN,1983,4.18053
IRN,1984,3.80161
IRN,1985,3.46019
IRN,1986,3.56991
IRN,1987,4.14092
IRN,1988,3.6813
IRN,1989,3.99721
IRN,1990,3.77391
IRN,1991,3.74353
IRN,1992,3.64046
IRN,1993,4.31462
IRN,1995,4.08181
IRN,1996,3.53776
IRN,1999,4.22041
IRN,2000,4.03064
IRN,2001,4.07168
IRN,2002,4.48488
IRN,2003,4.36322
IRN,2004,4.29663
IRN,2005,4.05651
IRN,2006,4.28999
IRN,2007,4.59681
IRN,2008,3.91376
IRN,2009,3.84245
IRN,2010,3.70918
IRN,2011,3.48497
IRN,2012,2.939
IRN,2013,2.85279
IRN,2014,2.61669
IRN,2015,2.62911
IRN,2016,3.17397
IRN,2017,3.45957
IRN,2018,3.61979
IRN,2019,3.24005
IRN,2020,3.20495
IRN,2022,2.66998
IRN,2023,2.8244328
IRQ,1977,3.85705
IRQ,1980,2.42379
IRQ,1989,3.5515
IRL,1937,3.3
IRL,1960,3.2
IRL,1971,4.48641
IRL,1972,4.6169
IRL,1973,4.60856
IRL,1974,4.68603
IRL,1976,4.29649
IRL,1977,5.08532
IRL,1978,5.06761
IRL,1979,5.28813
IRL,1980,5.32221
IRL,1981,5.73202
IRL,1982,5.38953
IRL,1983,5.44654
IRL,1984,5.2817
IRL,1985,5.24837
IRL,1986,5.30121
IRL,1987,5.52882
IRL,1988,5.01616
IRL,1989,4.71302
IRL,1990,4.60056
IRL,1991,4.78267
IRL,1992,5.00563
IRL,1993,5.11556
IRL,1994,5.18871
IRL,1995,4.87162
IRL,1996,4.75392
IRL,1998,4.28754
IRL,1999,4.13379
IRL,2000,4.13226
IRL,2001,4.08749
IRL,2002,4.10488
IRL,2003,4.20494
IRL,2004,4.48296
IRL,2005,4.51898
IRL,2006,4.54742
IRL,2007,4.71541
IRL,2008,5.45828
IRL,2009,6.15611
IRL,2010,6.05033
IRL,2011,5.82429
IRL,2012,5.76235
IRL,2013,5.34579
IRL,2014,4.86512
IRL,2015,3.74869
IRL,2016,3.74674
IRL,2017,3.49045
IRL,2018,3.37838
IRL,2019,3.29617
IRL,2020,3.25082
IRL,2021,3.00598
ISR,1973,5.13425
ISR,1974,5.68191
ISR,1975,5.77594
ISR,1976,5.68639
ISR,1977,5.58702
ISR,1978,6.33381
ISR,1979,6.41399
ISR,1980,6.83983
ISR,1981,6.78709
ISR,1982,6.37712
ISR,1983,6.71024
ISR,1984,6.6991
ISR,1985,7.67375
ISR,1986,5.86452
ISR,1987,5.28594
ISR,1988,4.31535
ISR,1989,5.462
ISR,1990,5.18976
ISR,1991,5.20182
ISR,1992,5.33986
ISR,1993,5.69947
ISR,1994,6.16133
ISR,1998,6.4264
ISR,1999,6.22093
ISR,2000,5.95195
ISR,2001,6.19316
ISR,2002,6.26282
ISR,2003,6.13995
ISR,2004,5.75348
ISR,2005,5.58139
ISR,2006,5.59219
ISR,2007,5.34992
ISR,2008,5.42435
ISR,2009,5.37785
ISR,2010,5.43391
ISR,2011,5.45581
ISR,2012,5.58893
ISR,2013,5.78415
ISR,2014,5.70471
ISR,2015,5.79766
ISR,2016,5.79981
ISR,2017,6.00772
ISR,2018,6.06285
ISR,2019,6.04147
ISR,2020,6.47882
ISR,2021,6.18401
ISR,2022,6.4562445
ITA,1913,0.6
ITA,1937,1.6
ITA,1960,3.6
ITA,1970,3.36681
ITA,1971,2.89877
ITA,1974,3.83514
ITA,1975,3.71161
ITA,1976,3.91952
ITA,1978,3.78036
ITA,1979,4.16373
ITA,1980,4.4
ITA,1983,4.48806
ITA,1984,4.77457
ITA,1985,4.68981
ITA,1986,4.6549
ITA,1988,4.59277
ITA,1993,4.73389
ITA,1994,4.43331
ITA,1995,4.31865
ITA,1996,4.44764
ITA,1998,4.45031
ITA,1999,4.51085
ITA,2000,4.29108
ITA,2001,4.65009
ITA,2002,4.43241
ITA,2003,4.54179
ITA,2004,4.3852
ITA,2005,4.2383
ITA,2006,4.52545
ITA,2007,4.10503
ITA,2008,4.38795
ITA,2009,4.52372
ITA,2010,4.33412
ITA,2011,4.11568
ITA,2012,4.05602
ITA,2013,4.14367
ITA,2014,4.06128
ITA,2015,4.07363
ITA,2016,3.81579
ITA,2017,4.04494
ITA,2018,4.25614
ITA,2019,4.09527
ITA,2020,4.44136
ITA,2021,4.21829
ITA,2022,3.955855
JAM,1973,3.63144
JAM,1974,4.24897
JAM,1975,5.22879
JAM,1976,5.85833
JAM,1977,6.02652
JAM,1985,5.3919
JAM,1986,4.60398
JAM,1988,3.94086
JAM,1989,5.18398
JAM,1990,4.77916
JAM,1991,4.38307
JAM,1992,3.33666
JAM,1993,3.21403
JAM,1994,4.06419
JAM,1995,3.38908
JAM,1996,3.67773
JAM,1997,4.37954
JAM,2000,4.98347
JAM,2001,5.38103
JAM,2002,5.37523
JAM,2003,4.25685
JAM,2004,3.91255
JAM,2005,4.61642
JAM,2007,5.49022
JAM,2008,6.19132
JAM,2009,6.19848
JAM,2010,6.3706
JAM,2011,6.26664
JAM,2012,6.11246
JAM,2013,6.25108
JAM,2014,6.01586
JAM,2015,5.45522
JAM,2016,5.31461
JAM,2017,5.26017
JAM,2018,5.41381
JAM,2019,5.16364
JAM,2020,5.617495
JAM,2021,5.63124
JAM,2022,5.35435
JAM,2023,5.6545367
JPN,1870,1.0
JPN,1913,1.6
JPN,1937,2.1
JPN,1960,4.1
JPN,1971,3.57863
JPN,1972,3.9261
JPN,1973,3.95708
JPN,1974,3.95421
JPN,1975,4.56981
JPN,1976,4.74778
JPN,1977,4.73745
JPN,1978,4.79044
JPN,1979,4.95001
JPN,1980,4.96105
JPN,1981,4.95682
JPN,1982,4.93976
JPN,1983,4.72346
JPN,1987,5.48794
JPN,1988,5.45284
JPN,1989,5.27435
JPN,1993,3.36711
JPN,1994,3.56932
JPN,1995,3.40211
JPN,1998,3.29797
JPN,1999,3.37813
JPN,2000,3.46012
JPN,2001,3.40082
JPN,2002,3.40899
JPN,2003,3.46663
JPN,2004,3.42611
JPN,2005,3.31494
JPN,2006,3.27668
JPN,2007,3.27934
JPN,2008,3.27242
JPN,2009,3.5559778
JPN,2010,3.59952
JPN,2011,3.60528
JPN,2012,3.41945
JPN,2013,3.40875
JPN,2014,3.4153
JPN,2015,3.31221
JPN,2016,3.14643
JPN,2017,3.13058
JPN,2018,3.07782
JPN,2019,3.15534
JPN,2020,3.30629
JPN,2021,3.33564
JPN,2022,3.2376213
JOR,1970,3.63004
JOR,1971,3.29769
JOR,1972,2.38743
JOR,1973,2.48694
JOR,1974,3.55769
JOR,1975,3.76348
JOR,1976,3.53456
JOR,1977,3.6799
JOR,1978,3.68163
JOR,1979,5.08173
JOR,1981,5.16768
JOR,1982,5.08854
JOR,1983,4.92796
JOR,1984,5.93695
JOR,1986,3.28436
JOR,1987,3.29667
JOR,1988,4.0475
JOR,1989,5.64354
JOR,1996,7.47691
JOR,1997,6.36482
JOR,1999,4.94367
JOR,2016,3.45282
JOR,2017,3.21306
JOR,2018,2.95462
JOR,2019,2.98847
JOR,2021,3.13837
JOR,2022,3.16023
KAZ,1995,4.03445
KAZ,1996,3.92371
KAZ,1997,4.37343
KAZ,1999,3.89257
KAZ,2000,3.25662
KAZ,2001,3.2793415
KAZ,2002,3.0297
KAZ,2003,3.230482
KAZ,2004,2.25591
KAZ,2005,2.26353
KAZ,2006,2.62678
KAZ,2007,2.83139
KAZ,2008,2.58946
KAZ,2009,3.06072
KAZ,2010,3.587355
KAZ,2011,3.61434
KAZ,2012,3.901637
KAZ,2013,3.445649
KAZ,2014,3.4290395
KAZ,2015,3.3379698
KAZ,2016,3.563251
KAZ,2017,3.3910239
KAZ,2018,3.1519163
KAZ,2019,3.3538213
KAZ,2020,4.4462037
KAZ,2021,4.385694
KAZ,2022,4.3618536
KAZ,2023,4.872489
KEN,1971,3.92982
KEN,1972,4.47634
KEN,1973,4.65052
KEN,1974,5.06551
KEN,1975,5.60612
KEN,1976,5.7441
KEN,1977,5.13632
KEN,1980,5.38788
KEN,1981,5.92373
KEN,1982,5.67812
KEN,1983,5.4383
KEN,1984,4.58096
KEN,1985,5.19977
KEN,1986,6.01379
KEN,1988,6.60055
KEN,1989,6.03572
KEN,1991,6.57067
KEN,1992,6.0759
KEN,1993,6.02915
KEN,1994,5.92402
KEN,1999,5.32324
KEN,2000,5.18673
KEN,2001,5.20621
KEN,2002,6.172
KEN,2003,6.49427
KEN,2004,6.79693
KEN,2005,7.33565
KEN,2006,7.04984
KEN,2009,4.02
KEN,2010,4.81549
KEN,2011,4.70013
KEN,2012,4.93121
KEN,2013,4.83721
KEN,2014,4.7173
KEN,2015,4.9494514
KEN,2016,4.665563
KEN,2017,4.2687426
KEN,2018,5.321925
KEN,2019,5.373592
KEN,2020,5.0457487
KEN,2021,4.890402
KEN,2022,4.511018
KEN,2023,3.9622931
KEN,2024,4.0224233
KIR,1970,4.79313
KIR,1971,4.26643
KIR,1974,3.13511
KIR,1999,9.69332
KIR,2000,10.05861
KIR,2001,11.60754
KIR,2011,12.02634
KIR,2012,12.499488
KIR,2013,12.090294
KIR,2014,11.513136
KIR,2015,10.768391
KIR,2016,11.646473
KIR,2017,11.476165
KIR,2018,12.92042
KIR,2019,14.519741
KIR,2020,16.230375
KIR,2021,13.987152
KIR,2022,14.786032
KIR,2023,16.39053
KWT,1971,3.28734
KWT,1972,2.81575
KWT,1973,3.30369
KWT,1974,3.5216
KWT,1975,2.13554
KWT,1976,3.11508
KWT,1977,3.36867
KWT,1978,4.08185
KWT,1979,3.42856
KWT,1980,2.79102
KWT,1981,2.71914
KWT,1982,3.03351
KWT,1983,5.09027
KWT,1984,5.14888
KWT,1985,5.00762
KWT,1986,5.40084
KWT,1992,14.19883
KWT,1996,5.85961
KWT,1997,5.58263
KWT,2001,6.58583
KWT,2002,6.55111
KWT,2003,5.2112923
KWT,2004,5.53507
KWT,2005,4.73834
KWT,2006,3.75998
KWT,2016,5.95594
KWT,2017,6.354442
KWT,2018,6.3916526
KWT,2019,6.7278957
KWT,2020,6.2451305
KWT,2021,7.762467
KWT,2022,6.582365
KWT,2023,5.026261
KGZ,1994,5.58819
KGZ,1995,6.15643
KGZ,1996,4.90261
KGZ,1998,4.91963
KGZ,1999,4.08522
KGZ,2000,3.50839
KGZ,2001,3.85418
KGZ,2002,4.44546
KGZ,2003,4.47542
KGZ,2004,4.62244
KGZ,2005,4.87384
KGZ,2006,5.54986
KGZ,2007,6.467
KGZ,2008,5.91319
KGZ,2009,6.23268
KGZ,2010,5.8188324
KGZ,2011,6.790621
KGZ,2012,7.38422
KGZ,2013,6.7801986
KGZ,2014,6.4676356
KGZ,2015,6.9676476
KGZ,2016,6.58615
KGZ,2017,6.02619
KGZ,2018,5.55267
KGZ,2019,6.073181
KGZ,2020,6.6197166
KGZ,2021,6.1723514
KGZ,2022,7.1688437
KGZ,2023,6.8269467
LAO,1992,2.33457
LAO,1996,2.42975
LAO,1997,2.1302
LAO,2000,1.50369
LAO,2001,1.99028
LAO,2002,2.82522
LAO,2004,2.413
LAO,2005,2.41409
LAO,2006,2.95879
LAO,2007,3.07842
LAO,2008,2.27855
LAO,2009,1.65485
LAO,2010,1.70979
LAO,2011,1.70802
LAO,2012,1.82147
LAO,2013,3.23381
LAO,2014,2.93781
LAO,2015,2.736898
LAO,2016,2.7744298
LAO,2017,2.4979727
LAO,2018,2.3350122
LAO,2019,2.122014
LAO,2020,1.9159727
LAO,2021,1.8594918
LAO,2022,1.4608344
LAO,2023,1.2337517
LVA,1990,3.46597
LVA,1991,3.74338
LVA,1992,4.16692
LVA,1996,5.25758
LVA,1997,5.51279
LVA,1998,5.80772
LVA,1999,5.53938
LVA,2000,5.27427
LVA,2001,5.44696
LVA,2002,5.60254
LVA,2003,5.05715
LVA,2004,4.83406
LVA,2005,5.2989254
LVA,2006,4.68467
LVA,2007,4.63329
LVA,2008,5.36645
LVA,2009,5.52266
LVA,2010,5.03882
LVA,2011,5.07162
LVA,2012,6.58271
LVA,2013,6.99697
LVA,2014,5.28123
LVA,2015,5.28252
LVA,2016,4.6575
LVA,2017,4.36671
LVA,2018,4.24357
LVA,2019,4.43584
LVA,2020,4.85059
LVA,2021,4.61547
LVA,2022,5.3721695
LBN,1993,1.66652
LBN,1994,1.93126
LBN,1995,2.22463
LBN,1996,2.08467
LBN,2001,2.84148
LBN,2002,2.55271
LBN,2004,2.64095
LBN,2005,2.64619
LBN,2006,2.77976
LBN,2007,2.58357
LBN,2008,2.01479
LBN,2009,1.76571
LBN,2010,1.61331
LBN,2011,1.65252
LBN,2012,2.14903
LBN,2013,2.43397
LBN,2016,2.1782026
LBN,2017,2.2160685
LBN,2018,2.6165252
LBN,2019,2.5195725
LBN,2020,2.4354186
LSO,1971,4.64155
LSO,1972,4.52651
LSO,1973,4.86656
LSO,1974,4.23424
LSO,1983,10.09694
LSO,1984,6.42841
LSO,1985,7.08858
LSO,1988,7.21664
LSO,1989,6.20228
LSO,1993,8.57703
LSO,1994,7.02543
LSO,1995,8.64097
LSO,1997,11.36401
LSO,1999,12.49935
LSO,2000,10.09155
LSO,2001,9.36505
LSO,2002,10.10045
LSO,2003,13.21957
LSO,2004,11.10901
LSO,2005,12.07966
LSO,2006,11.27128
LSO,2008,12.32874
LSO,2011,8.17
LSO,2012,7.67
LSO,2013,7.29
LSO,2014,7.2
LSO,2015,7.6427207
LSO,2016,7.552474
LSO,2017,7.619993
LSO,2018,7.28361
LSO,2024,6.6225305
LBR,1978,6.99484
LBR,1980,6.25906
LBR,2008,1.70166
LBR,2012,1.77712
LBR,2013,1.69078
LBR,2014,2.1689835
LBR,2015,2.1158748
LBR,2016,2.1147969
LBR,2017,2.246325
LBR,2018,2.413898
LBR,2019,2.165082
LBR,2020,2.1360142
LBR,2021,2.1094337
LBR,2022,2.276096
LBR,2023,2.2665255
LBY,1976,4.63651
LBY,1977,4.12383
LBY,1999,2.26417
LIE,2003,2.46014
LIE,2004,2.43333
LIE,2006,2.05381
LIE,2007,1.92119
LIE,2008,2.04837
LIE,2011,2.55604
LTU,1993,3.94003
LTU,1994,4.79562
LTU,1995,4.76712
LTU,1996,4.84522
LTU,1997,5.45044
LTU,1998,6.11645
LTU,2000,5.973029
LTU,2001,5.84759
LTU,2002,5.80008
LTU,2003,5.11418
LTU,2004,5.17428
LTU,2005,4.8784
LTU,2006,4.82573
LTU,2007,4.59521
LTU,2008,4.8399
LTU,2009,5.58524
LTU,2010,5.29786
LTU,2011,5.11343
LTU,2012,4.75803
LTU,2013,4.60233
LTU,2014,4.48658
LTU,2015,4.22719
LTU,2016,4.00431
LTU,2017,3.8122
LTU,2018,3.8929
LTU,2019,3.9641
LTU,2020,4.50859
LTU,2021,4.25491
LUX,1970,2.30026
LUX,1971,2.85506
LUX,1972,2.7408
LUX,1973,2.81235
LUX,1975,3.42303
LUX,1976,3.61463
LUX,1977,3.6938
LUX,1978,4.33933
LUX,1979,4.40278
LUX,1980,4.55202
LUX,1981,4.68798
LUX,1982,5.27562
LUX,1983,3.31967
LUX,1986,3.78982
LUX,1987,4.08302
LUX,1988,4.01432
LUX,1989,3.87238
LUX,1995,3.65909
LUX,1996,3.47682
LUX,2000,4.240454
LUX,2001,3.53973
LUX,2002,4.6116724
LUX,2003,4.868675
LUX,2004,4.9047976
LUX,2005,4.854638
LUX,2006,4.422732
LUX,2007,4.271673
LUX,2008,4.3269114
LUX,2009,4.867134
LUX,2010,5.0119023
LUX,2011,4.989581
LUX,2012,3.87816
LUX,2013,4.6806684
LUX,2014,3.85569
LUX,2015,3.76792
LUX,2016,4.349802
LUX,2017,3.48646
LUX,2018,3.66211
LUX,2019,3.73607
LUX,2020,3.8535
LUX,2021,3.71989
LUX,2022,4.703028
MAC,1998,3.35005
MAC,1999,3.33665
MAC,2000,3.31439
MAC,2001,2.71447
MAC,2002,2.84296
MAC,2003,2.78017
MAC,2004,2.23349
MAC,2005,2.27788
MAC,2006,2.19386
MAC,2007,2.04345
MAC,2008,2.19641
MAC,2009,2.53323
MAC,2010,2.61849
MAC,2011,2.67528
MAC,2012,3.32516
MAC,2013,2.05049
MAC,2014,2.04853
MAC,2015,3.00247
MAC,2016,3.09953
MAC,2017,2.70949
MAC,2018,2.73341
MAC,2019,3.06544
MAC,2020,6.38948
MAC,2021,5.10698
MAC,2022,6.18937
MAC,2023,3.69087
MDG,1972,3.21737
MDG,1973,2.71115
MDG,1974,2.67376
MDG,1975,2.51668
MDG,1976,3.25501
MDG,1977,5.05395
MDG,1979,3.97033
MDG,1980,3.35711
MDG,1981,2.87991
MDG,1982,2.32179
MDG,1983,1.98901
MDG,1984,2.20452
MDG,1985,2.07146
MDG,1993,1.77545
MDG,1997,1.53846
MDG,1998,1.58879
MDG,1999,2.40501
MDG,2000,2.43869
MDG,2001,2.7072
MDG,2002,2.23179
MDG,2003,2.61095
MDG,2004,2.81262
MDG,2005,3.30964
MDG,2006,2.83097
MDG,2007,2.90274
MDG,2008,2.55434
MDG,2009,2.82513
MDG,2010,2.5852344
MDG,2011,3.0931861
MDG,2012,2.4635732
MDG,2013,2.4069006
MDG,2014,2.9874213
MDG,2015,2.7041883
MDG,2016,2.6979206
MDG,2017,2.701374
MDG,2018,3.0490692
MDG,2019,3.0133839
MDG,2020,3.2544339
MDG,2021,3.1980755
MDG,2022,3.0677283
MDG,2023,3.047704
MWI,1986,2.19796
MWI,1987,2.42225
MWI,1988,2.17925
MWI,1989,2.18262
MWI,1990,2.24735
MWI,1995,2.75468
MWI,1996,3.69773
MWI,1999,3.43224
MWI,2000,3.60613
MWI,2001,3.09834
MWI,2003,2.20964
MWI,2010,2.43237
MWI,2011,2.85346
MWI,2012,2.528612
MWI,2013,3.9211698
MWI,2014,3.6600602
MWI,2015,3.4444966
MWI,2016,3.2441306
MWI,2017,3.575055
MWI,2018,3.32296
MYS,1971,4.55094
MYS,1979,5.08761
MYS,1980,5.72619
MYS,1981,6.69697
MYS,1982,7.03278
MYS,1984,5.6663
MYS,1985,6.11111
MYS,1986,7.24336
MYS,1987,6.326
MYS,1992,5.11143
MYS,1993,4.65463
MYS,1994,4.70529
MYS,1995,4.34255
MYS,1996,4.91385
MYS,1997,4.62038
MYS,1999,5.68679
MYS,2000,5.97161
MYS,2001,7.48447
MYS,2002,7.65793
MYS,2003,7.50288
MYS,2004,5.92389
MYS,2006,4.48576
MYS,2007,4.37254
MYS,2008,3.95852
MYS,2009,5.97418
MYS,2010,4.96645
MYS,2011,5.76294
MYS,2012,5.73903
MYS,2013,5.4812
MYS,2014,5.02936
MYS,2015,4.70381
MYS,2016,4.3459845
MYS,2017,4.184885
MYS,2018,4.1319485
MYS,2019,3.9795396
MYS,2020,4.518887
MYS,2021,4.261094
MYS,2022,3.499338
MYS,2023,3.627255
MDV,2000,5.737207
MDV,2001,5.2495
MDV,2002,5.79186
MDV,2003,5.32407
MDV,2004,4.6616
MDV,2005,5.01684
MDV,2006,4.64524
MDV,2007,4.41788
MDV,2008,4.47029
MDV,2009,5.08169
MDV,2010,3.63328
MDV,2011,3.08073
MDV,2012,4.968268
MDV,2013,3.9545004
MDV,2014,3.8897953
MDV,2015,4.6223054
MDV,2016,4.438736
MDV,2017,3.8226855
MDV,2018,3.8568177
MDV,2019,4.1235695
MDV,2020,5.847608
MDV,2021,4.6137977
MDV,2022,4.6734433
MDV,2023,5.1670637
MLI,1978,3.55959
MLI,1980,3.47066
MLI,1981,3.44794
MLI,1982,3.27885
MLI,1986,2.43537
MLI,1998,2.64959
MLI,1999,2.23184
MLI,2000,2.97156
MLI,2001,2.65845
MLI,2002,2.89623
MLI,2003,3.8056
MLI,2004,3.85922
MLI,2005,3.52218
MLI,2008,3.40356
MLI,2009,3.86904
MLI,2010,3.34389
MLI,2011,3.75423
MLI,2012,3.47949
MLI,2013,3.28465
MLI,2014,3.64819
MLI,2015,3.80152
MLI,2016,3.09478
MLI,2017,3.78977
MLI,2018,3.55817
MLI,2019,3.55505
MLI,2020,3.95446
MLI,2021,4.36371
MLI,2022,4.045122
MLI,2023,4.184651
MLT,1971,6.15197
MLT,1972,5.54999
MLT,1973,5.2697
MLT,1974,4.4931
MLT,1975,4.42221
MLT,1976,3.83189
MLT,1977,3.89761
MLT,1978,3.34883
MLT,1979,3.15364
MLT,1981,2.86533
MLT,1982,2.85408
MLT,1983,3.31469
MLT,1984,3.07872
MLT,1985,3.24834
MLT,1986,3.10572
MLT,1987,3.16532
MLT,1988,3.33824
MLT,1989,3.58874
MLT,1990,3.83142
MLT,1991,3.9203
MLT,1992,4.3141
MLT,1998,4.18472
MLT,2000,4.879937
MLT,2001,5.3209906
MLT,2002,4.14305
MLT,2003,5.8386154
MLT,2004,4.43493
MLT,2005,5.412146
MLT,2006,5.46781
MLT,2007,5.9475
MLT,2008,5.50121
MLT,2009,5.07039
MLT,2010,6.25004
MLT,2011,7.69613
MLT,2012,6.34546
MLT,2013,7.57924
MLT,2014,7.00421
MLT,2015,5.02398
MLT,2016,5.10766
MLT,2017,4.56079
MLT,2018,4.695195
MLT,2019,4.89935
MLT,2020,5.2553115
MLT,2021,5.3648
MLT,2022,4.7851233
MHL,1999,13.84985
MHL,2002,8.19519
MHL,2003,11.84414
MHL,2019,9.92057
MHL,2020,13.835037
MHL,2021,15.182441
MHL,2022,7.54094
MRT,1997,1.5858
MRT,1999,1.72203
MRT,2001,2.10684
MRT,2002,2.27715
MRT,2003,2.36501
MRT,2004,1.9508
MRT,2006,1.95851
MRT,2011,2.33102
MRT,2012,2.15821
MRT,2013,2.29354
MRT,2014,2.5579643
MRT,2015,2.829566
MRT,2016,1.94406
MRT,2019,1.82318
MRT,2020,1.80265
MRT,2021,1.89197
MRT,2022,2.4402425
MRT,2023,4.7905
MUS,1971,3.11274
MUS,1972,3.07092
MUS,1973,2.78133
MUS,1975,2.51991
MUS,1977,4.3819
MUS,1978,5.49202
MUS,1981,4.98684
MUS,1982,4.54262
MUS,1983,4.39456
MUS,1984,4.03252
MUS,1985,3.91044
MUS,1986,3.43729
MUS,1987,3.01674
MUS,1988,3.08985
MUS,1989,3.46896
MUS,1990,3.12822
MUS,1991,3.46326
MUS,1999,3.88742
MUS,2000,3.71904
MUS,2001,3.07348
MUS,2002,3.02024
MUS,2003,4.35717
MUS,2004,4.25577
MUS,2005,4.02402
MUS,2006,3.64839
MUS,2007,3.1854
MUS,2008,3.06307
MUS,2009,3.04731
MUS,2010,3.55147
MUS,2011,3.33207
MUS,2012,3.4182
MUS,2013,3.56776
MUS,2014,4.81515
MUS,2015,4.75847
MUS,2016,4.88207
MUS,2017,4.87887
MUS,2018,4.67448
MUS,2019,4.54195
MUS,2020,4.35244
MUS,2021,4.67151
MUS,2022,4.84086
MUS,2023,4.56764
MUS,2024,3.308563
MEX,1989,2.28201
MEX,1990,2.32498
MEX,1991,2.548
MEX,1992,3.00502
MEX,1994,3.47707
MEX,1995,3.49747
MEX,1998,3.17838
MEX,1999,3.36165
MEX,2000,3.8087
MEX,2001,4.03134
MEX,2002,4.24307
MEX,2003,4.83262
MEX,2004,4.51204
MEX,2005,4.63395
MEX,2006,4.49317
MEX,2007,4.47922
MEX,2008,4.60609
MEX,2009,4.94934
MEX,2010,4.93695
MEX,2011,4.90406
MEX,2012,4.88348
MEX,2013,4.50858
MEX,2014,5.06809
MEX,2015,5.05088
MEX,2016,4.75796
MEX,2017,4.39752
MEX,2018,4.13945
MEX,2020,4.5006
MEX,2021,4.24953
FSM,1972,66.90031
FSM,1999,6.42491
FSM,2000,6.70687
FSM,2012,11.719229
FSM,2013,12.3438835
FSM,2014,12.2281685
FSM,2015,13.64651
FSM,2016,13.814728
FSM,2017,12.681582
FSM,2018,9.942744
FSM,2019,10.693169
FSM,2020,11.55914
MDA,1996,9.89664
MDA,1999,4.66256
MDA,2000,4.48639
MDA,2001,4.84685
MDA,2002,5.49791
MDA,2003,5.42489
MDA,2004,6.77104
MDA,2005,7.1627
MDA,2006,7.49899
MDA,2007,8.29337
MDA,2008,8.23727
MDA,2009,9.50976
MDA,2010,7.5923
MDA,2011,7.13638
MDA,2012,6.98339
MDA,2013,5.909755
MDA,2014,6.33807
MDA,2015,5.805687
MDA,2016,5.67208
MDA,2017,5.71017
MDA,2018,5.53888
MDA,2019,6.22577
MDA,2020,6.60126
MDA,2021,5.82406
MDA,2022,6.11054
MDA,2023,6.62547
MCO,1988,0.88102
MCO,1989,0.95754
MCO,1992,0.91361
MCO,1995,1.06456
MCO,1996,1.08223
MCO,1997,1.21241
MCO,1998,1.20882
MCO,1999,1.19527
MCO,2000,1.25537
MCO,2004,1.26668
MCO,2009,1.35431
MCO,2010,1.31735
MCO,2011,1.58989
MCO,2012,1.78004
MCO,2013,1.3344
MCO,2014,1.02195
MCO,2016,1.37246
MCO,2017,1.45793
MCO,2019,1.1589
MCO,2021,1.41879
MCO,2022,1.17325
MNG,1997,3.94897
MNG,1998,5.49302
MNG,1999,5.14566
MNG,2000,5.55037
MNG,2001,4.9360642
MNG,2002,7.21078
MNG,2004,4.32573
MNG,2007,4.69013
MNG,2009,5.14485
MNG,2010,4.6451
MNG,2011,4.60903
MNG,2012,5.961985
MNG,2013,5.24104
MNG,2014,5.428256
MNG,2015,4.3871565
MNG,2016,5.200433
MNG,2017,4.318224
MNG,2018,3.9974272
MNG,2019,3.6523697
MNG,2020,4.663455
MNG,2021,3.3438962
MNG,2022,4.1805673
MNG,2023,3.7410154
MSR,1971,6.4943
MSR,1998,4.34611
MSR,1999,5.88001
MSR,2000,3.77469
MSR,2001,4.78911
MSR,2004,3.84379
MSR,2006,4.77655
MSR,2007,5.32808
MSR,2008,5.24605
MSR,2009,5.12753
MSR,2010,5.517214
MSR,2011,6.076581
MSR,2012,5.8049135
MSR,2013,5.5011206
MSR,2014,5.271191
MSR,2015,6.4431877
MSR,2016,6.3891625
MSR,2017,6.724777
MSR,2018,8.88188
MSR,2019,9.07445
MSR,2020,6.4277434
MSR,2021,6.650665
MSR,2022,7.720796
MSR,2023,7.1902003
MAR,1973,4.67169
MAR,1974,4.27549
MAR,1975,5.21271
MAR,1976,6.02712
MAR,1977,6.08425
MAR,1978,6.20183
MAR,1979,6.31548
MAR,1980,5.10486
MAR,1981,5.68926
MAR,1982,6.12268
MAR,1983,6.17467
MAR,1984,5.19013
MAR,1985,5.10217
MAR,1986,5.25928
MAR,1987,5.16214
MAR,1988,4.57782
MAR,1989,4.75733
MAR,1990,4.51049
MAR,1991,4.30316
MAR,1993,4.82497
MAR,1995,4.73481
MAR,1998,4.59939
MAR,1999,4.62527
MAR,2008,4.85339
MAR,2009,4.83119
MAR,2012,5.5529485
MAR,2014,5.4827604
MAR,2015,5.133369
MAR,2016,5.085302
MAR,2017,4.7356496
MAR,2018,4.960227
MAR,2019,5.003257
MAR,2020,6.2842827
MAR,2021,5.642734
MAR,2022,5.9122467
MAR,2023,6.0209694
MOZ,1998,1.80137
MOZ,1999,2.64153
MOZ,2004,3.19839
MOZ,2005,3.85834
MOZ,2006,3.73593
MOZ,2010,5.245398
MOZ,2011,5.5305247
MOZ,2012,5.55751
MOZ,2013,6.03577
MOZ,2014,6.3992085
MOZ,2015,5.915157
MOZ,2016,5.80087
MOZ,2017,5.48665
MOZ,2018,5.38976
MOZ,2019,6.2366595
MOZ,2020,6.605907
MOZ,2021,6.8574314
MOZ,2022,5.9760733
MMR,1972,2.8651
MMR,1973,3.27381
MMR,1975,1.98739
MMR,1976,1.72619
MMR,1977,1.63782
MMR,1978,1.64366
MMR,1995,1.20248
MMR,2011,0.78744
MMR,2012,1.5864288
MMR,2013,1.8438118
MMR,2014,2.0119984
MMR,2015,2.2456043
MMR,2016,2.1580884
MMR,2017,2.16653
MMR,2018,1.99249
MMR,2019,1.99976
NAM,1999,7.13076
NAM,2000,6.90178
NAM,2001,6.88887
NAM,2002,6.74233
NAM,2003,6.13714
NAM,2006,6.03171
NAM,2008,6.40343
NAM,2010,8.2433
NAM,2011,8.021379
NAM,2012,9.242812
NAM,2013,8.595417
NAM,2014,9.562507
NAM,2015,9.850768
NAM,2016,10.592794
NAM,2017,9.708673
NAM,2018,8.881123
NAM,2019,9.322532
NAM,2020,9.277999
NAM,2021,10.391448
NAM,2022,9.391947
NRU,2002,15.86347
NRU,2007,4.24615
NRU,2014,4.472784
NRU,2015,6.252603
NRU,2016,4.8221464
NRU,2017,6.2739754
NRU,2018,5.052966
NRU,2019,5.7182817
NRU,2020,5.905029
NRU,2021,5.16034
NRU,2022,5.9182796
NRU,2023,5.6211
NPL,1998,2.89288
NPL,1999,2.89331
NPL,2000,2.97515
NPL,2001,3.70838
NPL,2002,3.15284
NPL,2003,3.11435
NPL,2004,3.17194
NPL,2005,3.36464
NPL,2006,3.60536
NPL,2007,3.51721
NPL,2008,3.80517
NPL,2009,4.66376
NPL,2010,3.63172
NPL,2011,3.84262
NPL,2012,3.9797397
NPL,2013,3.5504174
NPL,2014,3.9925053
NPL,2015,3.576255
NPL,2016,3.741874
NPL,2017,4.1634364
NPL,2018,4.1155033
NPL,2019,3.892129
NPL,2020,4.2435565
NPL,2021,4.4280105
NPL,2022,4.136451
NPL,2023,3.9564114
NLD,1937,1.5
NLD,1960,4.9
NLD,1970,6.22115
NLD,1971,6.3282
NLD,1972,6.31849
NLD,1973,5.84295
NLD,1974,6.33589
NLD,1975,6.37166
NLD,1976,6.31229
NLD,1977,6.18251
NLD,1978,6.18442
NLD,1979,6.09033
NLD,1980,5.8928
NLD,1981,5.74937
NLD,1982,5.69501
NLD,1983,5.50079
NLD,1984,5.09011
NLD,1985,5.47288
NLD,1986,5.56155
NLD,1987,5.89792
NLD,1988,5.47146
NLD,1990,5.22879
NLD,1991,5.16165
NLD,1993,4.75661
NLD,1994,4.66325
NLD,1995,4.57888
NLD,1996,4.49419
NLD,1998,4.54057
NLD,1999,4.507
NLD,2000,4.58512
NLD,2001,4.69965
NLD,2002,4.8059
NLD,2003,5.04042
NLD,2004,5.06297
NLD,2005,5.1094
NLD,2006,5.04402
NLD,2007,4.88683
NLD,2008,5.02905
NLD,2009,5.43156
NLD,2010,5.48909
NLD,2011,5.46304
NLD,2012,5.41022
NLD,2013,5.52656
NLD,2014,5.4589
NLD,2015,5.34816
NLD,2016,5.4796
NLD,2017,5.1751
NLD,2018,5.35765
NLD,2019,5.15986
NLD,2020,5.42381
NLD,2021,5.50609
NLD,2022,5.052011
NZL,1937,2.3
NZL,1960,3.2
NZL,1973,4.75323
NZL,1974,4.7468
NZL,1975,5.16753
NZL,1976,5.45474
NZL,1977,4.45267
NZL,1978,4.53253
NZL,1979,4.46766
NZL,1980,4.23265
NZL,1981,4.44055
NZL,1982,4.5327
NZL,1984,4.04568
NZL,1985,3.5463
NZL,1986,3.43031
NZL,1987,3.91739
NZL,1988,4.42586
NZL,1989,4.81824
NZL,1993,7.3
NZL,1994,5.92605
NZL,1995,5.74213
NZL,1996,6.38372
NZL,1997,6.15722
NZL,1999,6.63621
NZL,2009,6.5433383
NZL,2010,6.5974126
NZL,2011,6.551253
NZL,2012,6.5308533
NZL,2013,5.88856
NZL,2014,5.80854
NZL,2015,5.70735
NZL,2016,5.5056
NZL,2017,5.28
NZL,2018,5.19309
NZL,2019,5.17798
NZL,2020,5.65149
NZL,2021,5.54822
NZL,2022,5.23012
NIC,1970,2.03859
NIC,1971,2.49203
NIC,1987,5.35175
NIC,1992,2.98497
NIC,1998,2.22585
NIC,1999,2.92365
NIC,2000,3.0016
NIC,2002,2.39101
NIC,2003,2.42201
NIC,2010,4.48424
NIC,2014,4.08329
NIC,2015,4.07843
NIC,2016,4.08113
NIC,2017,4.35768
NIC,2018,3.5731177
NIC,2019,3.3945343
NIC,2020,3.3495872
NIC,2021,4.087175
NIC,2022,3.800015
NIC,2023,2.86579
NER,1971,1.05227
NER,1990,2.07437
NER,1991,2.30833
NER,1992,2.24298
NER,1993,2.06512
NER,1994,2.26539
NER,1995,2.32975
NER,1996,2.14418
NER,1999,2.56853
NER,2000,2.56502
NER,2001,2.27982
NER,2002,2.40134
NER,2003,1.93706
NER,2006,2.55852
NER,2007,3.01462
NER,2008,2.72312
NER,2009,3.33588
NER,2010,2.72195
NER,2011,3.07762
NER,2012,3.18682
NER,2013,3.68953
NER,2014,5.10368
NER,2015,4.48669
NER,2016,2.95843
NER,2017,2.57818
NER,2018,3.44957
NER,2019,3.5335863
NER,2020,3.819068
NER,2021,3.8217583
NER,2022,3.7123184
NER,2023,4.074127
NGA,1974,3.21017
NGA,1975,3.06369
NGA,2012,0.5492331
NGA,2013,0.53420675
NGA,2014,0.47074255
NGA,2015,0.43695492
NGA,2016,0.39304563
NGA,2017,0.39635402
NGA,2018,0.4199985
NGA,2019,0.358479
NGA,2020,0.35963765
NGA,2021,0.38191912
NGA,2022,0.3485167
MKD,1992,4.73345
MKD,1993,4.63057
MKD,1994,4.52629
MKD,1995,4.27123
MKD,1996,4.30311
MKD,2002,3.30015
NOR,1870,0.5
NOR,1913,1.4
NOR,1937,1.9
NOR,1960,4.2
NOR,1972,5.90406
NOR,1973,5.89172
NOR,1974,5.67366
NOR,1975,5.55022
NOR,1976,6.1636
NOR,1977,5.97281
NOR,1978,6.44438
NOR,1980,5.78015
NOR,1981,5.54364
NOR,1982,5.67885
NOR,1983,5.6463
NOR,1984,5.42937
NOR,1985,5.25567
NOR,1986,5.53984
NOR,1987,5.78808
NOR,1988,5.86597
NOR,1989,6.29985
NOR,1990,6.31037
NOR,1991,6.37322
NOR,1992,6.63614
NOR,1993,7.67663
NOR,1994,7.83044
NOR,1995,7.69568
NOR,1996,7.13805
NOR,1997,7.30343
NOR,1998,7.35759
NOR,1999,6.96222
NOR,2000,6.45934
NOR,2001,6.82016
NOR,2002,7.42246
NOR,2003,7.39933
NOR,2004,7.27744
NOR,2005,6.84083
NOR,2006,6.35822
NOR,2007,6.50671
NOR,2008,6.24916
NOR,2009,7.07067
NOR,2010,6.71042
NOR,2011,6.41491
NOR,2012,7.32766
NOR,2013,7.43906
NOR,2014,7.64403
NOR,2015,7.52335
NOR,2016,7.98445
NOR,2017,7.84598
NOR,2018,7.59563
NOR,2019,7.86456
NOR,2020,8.37282
NOR,2021,6.96022
NOR,2022,3.9680197
OMN,1986,3.79283
OMN,1987,3.65626
OMN,1988,3.38989
OMN,1989,2.97824
OMN,1990,2.83892
OMN,1991,2.98794
OMN,1992,3.12258
OMN,1993,3.50822
OMN,1994,3.44449
OMN,1995,3.41326
OMN,1996,3.18452
OMN,1997,3.3568
OMN,1998,4.13833
OMN,1999,4.03593
OMN,2000,3.20024
OMN,2001,4.02032
OMN,2002,4.32507
OMN,2003,3.89699
OMN,2004,4.02836
OMN,2005,3.51721
OMN,2006,3.85934
OMN,2009,4.18774
OMN,2013,4.35384
OMN,2017,5.99594
OMN,2018,4.58566
OMN,2019,5.06363
OMN,2020,6.8777
OMN,2022,4.19908
PAK,1971,1.65422
PAK,1972,1.56882
PAK,1973,1.83042
PAK,1974,1.88065
PAK,1975,1.98008
PAK,1976,2.23794
PAK,1977,2.14983
PAK,1978,2.20418
PAK,1979,2.19807
PAK,1980,2.13095
PAK,1981,1.97245
PAK,1982,2.01367
PAK,1983,1.99577
PAK,1984,2.06985
PAK,1985,2.43543
PAK,1986,2.67813
PAK,1987,2.97746
PAK,1989,2.36382
PAK,1990,2.51681
PAK,1991,2.56676
PAK,1992,2.54968
PAK,1993,2.38644
PAK,1994,2.58931
PAK,1995,2.79531
PAK,1996,2.81057
PAK,1997,3.0223
PAK,1999,2.61149
PAK,2000,1.83782
PAK,2004,1.44338
PAK,2005,1.67058
PAK,2006,1.98056
PAK,2007,2.23466
PAK,2008,2.27264
PAK,2009,2.17916
PAK,2010,2.05268
PAK,2011,2.00101
PAK,2012,1.97879
PAK,2013,2.23699
PAK,2014,2.20434
PAK,2015,2.38609
PAK,2016,2.66804
PAK,2017,2.57617
PAK,2018,2.3321695
PAK,2019,2.21492
PAK,2020,2.0571823
PAK,2021,1.6874613
PAK,2022,1.9730095
PAK,2023,1.8773427
PLW,2000,7.84434
PLW,2001,7.58416
PLW,2002,7.54601
PLW,2020,3.4711807
PLW,2021,3.944171
PLW,2022,3.5762014
PLW,2023,3.5259578
PSE,2010,6.19168
PSE,2011,5.33528
PSE,2012,4.74211
PSE,2013,4.89467
PSE,2015,4.66322
PSE,2016,4.98296
PSE,2017,4.72154
PSE,2021,5.43442
PAN,1970,4.04328
PAN,1971,3.35392
PAN,1972,3.98282
PAN,1973,3.48575
PAN,1974,3.8198
PAN,1975,4.15451
PAN,1976,4.31273
PAN,1977,4.28096
PAN,1978,3.60598
PAN,1979,3.64255
PAN,1980,3.53567
PAN,1981,3.4318
PAN,1982,3.41851
PAN,1983,3.55091
PAN,1984,3.46871
PAN,1985,3.52146
PAN,1986,3.34574
PAN,1987,3.87012
PAN,1994,3.47054
PAN,1995,3.94781
PAN,1996,4.09432
PAN,1997,3.84711
PAN,1999,4.56723
PAN,2000,4.75969
PAN,2001,4.10588
PAN,2002,4.19164
PAN,2003,4.1687
PAN,2004,3.57866
PAN,2008,3.50229
PAN,2011,3.15901
PAN,2014,3.17401
PAN,2015,3.3667
PAN,2016,3.42913
PAN,2017,3.49375
PAN,2018,3.45357
PAN,2019,3.0932941
PAN,2020,4.30284
PAN,2021,3.71141
PAN,2022,3.36693
PAN,2023,3.9439979
PNG,1972,5.24716
PNG,1977,7.38971
PNG,2015,1.6661284
PNG,2016,0.84581107
PNG,2017,1.96493
PNG,2018,1.87483
PNG,2019,0.73707277
PNG,2020,1.497546
PNG,2021,1.3561692
PRY,1970,2.10519
PRY,1971,2.26544
PRY,1985,1.39585
PRY,1990,1.04071
PRY,1998,4.19834
PRY,1999,4.23088
PRY,2000,4.23021
PRY,2001,3.83357
PRY,2002,3.40773
PRY,2003,3.38276
PRY,2004,2.8699
PRY,2007,2.73951
PRY,2010,2.77072
PRY,2011,3.69282
PRY,2012,3.66879
PRY,2013,2.678712
PRY,2014,2.596559
PRY,2015,3.3337781
PRY,2016,3.43498
PRY,2017,3.0906208
PRY,2018,3.296196
PRY,2019,3.4898303
PRY,2020,3.93615
PRY,2021,3.4107
PRY,2022,3.3962
PRY,2023,3.40649
PER,1973,3.39172
PER,1996,3.1188
PER,1998,3.27818
PER,1999,3.44134
PER,2000,3.22803
PER,2001,3.03712
PER,2002,2.82057
PER,2003,2.9378
PER,2004,2.95787
PER,2005,2.83903
PER,2006,2.65281
PER,2007,2.6294
PER,2008,2.86775
PER,2009,3.13994
PER,2010,2.8673
PER,2011,2.6635
PER,2012,2.92276
PER,2013,3.29729
PER,2014,3.69599
PER,2015,3.96933
PER,2016,3.81317
PER,2017,3.93131
PER,2018,3.71392
PER,2019,3.82243
PER,2020,4.25938
PER,2021,3.92721
PER,2022,3.83316
PER,2023,4.23517
PHL,1980,1.51272
PHL,1982,1.82588
PHL,1983,1.48303
PHL,1986,1.51702
PHL,1995,2.66399
PHL,1996,2.94357
PHL,1997,3.07757
PHL,1998,3.69746
PHL,2000,3.1644
PHL,2001,2.92464
PHL,2002,2.89222
PHL,2003,2.93518
PHL,2004,2.46983
PHL,2005,2.32807
PHL,2006,2.42579
PHL,2007,2.48518
PHL,2008,2.58283
PHL,2009,2.53777
PHL,2014,2.6645424
PHL,2015,2.830523
PHL,2016,3.301281
PHL,2017,3.963841
PHL,2018,3.8550277
PHL,2019,3.4074864
PHL,2020,3.8582904
PHL,2021,3.8724976
PHL,2022,3.5796008
PHL,2023,3.6236863
POL,1991,3.89145
POL,1992,4.18793
POL,1993,4.18276
POL,1995,4.33026
POL,1996,6.25738
POL,1998,4.94201
POL,1999,4.59182
POL,2000,4.98393
POL,2001,5.31903
POL,2002,5.38735
POL,2003,5.32449
POL,2004,5.35558
POL,2005,5.42575
POL,2006,5.20765
POL,2007,4.86874
POL,2008,5.0424
POL,2009,4.98977
POL,2010,5.10706
POL,2011,4.86102
POL,2012,4.8616
POL,2013,5.02124
POL,2014,4.96657
POL,2015,4.81701
POL,2016,4.65911
POL,2017,4.57465
POL,2018,4.60506
POL,2019,4.67881
POL,2020,4.85265
POL,2021,4.67304
POL,2022,4.614157
PRT,1973,1.63392
PRT,1974,1.93536
PRT,1975,3.06246
PRT,1976,3.07873
PRT,1978,2.90048
PRT,1979,2.6993
PRT,1980,3.06743
PRT,1981,3.18575
PRT,1982,3.3291
PRT,1983,3.23281
PRT,1984,3.14254
PRT,1985,3.26249
PRT,1986,3.04925
PRT,1987,3.15798
PRT,1988,3.38753
PRT,1989,3.47524
PRT,1990,3.56972
PRT,1991,4.07133
PRT,1992,4.33747
PRT,1993,4.84095
PRT,1994,4.6713
PRT,1995,4.61331
PRT,1996,5.06511
PRT,1999,5.04686
PRT,2000,5.16385
PRT,2001,5.33713
PRT,2002,5.25872
PRT,2003,5.28153
PRT,2004,5.04638
PRT,2005,5.07395
PRT,2006,4.90767
PRT,2007,4.92147
PRT,2008,4.69609
PRT,2009,5.56315
PRT,2010,5.41249
PRT,2011,5.12333
PRT,2012,4.94941
PRT,2013,5.27097
PRT,2014,5.124
PRT,2015,4.88554
PRT,2016,4.770906
PRT,2017,5.01561
PRT,2018,4.67516
PRT,2019,4.63002
PRT,2020,4.87656
PRT,2021,4.78316
PRT,2022,4.3396964
PRI,1971,7.25052
PRI,1972,7.21458
PRI,1973,6.47993
PRI,1974,7.2869
PRI,1975,6.22974
PRI,1976,7.14049
PRI,1977,6.38757
PRI,1978,6.68103
PRI,2013,6.48108
PRI,2014,6.07266
QAT,1971,3.00028
QAT,1972,2.69144
QAT,1973,2.86783
QAT,1976,1.74697
QAT,1977,1.97006
QAT,1978,2.77697
QAT,1998,3.57767
QAT,1999,4.3453
QAT,2000,3.72598
QAT,2001,3.20019
QAT,2002,3.84656
QAT,2003,3.37394
QAT,2004,3.46259
QAT,2005,3.97188
QAT,2008,4.22755
QAT,2009,3.41315
QAT,2010,4.53966
QAT,2011,4.01224
QAT,2012,3.50744
QAT,2013,4.07384
QAT,2014,3.60535
QAT,2017,2.96746
QAT,2019,2.80378
QAT,2020,3.23367
ROU,1996,3.24122
ROU,2000,2.86863
ROU,2001,3.26629
ROU,2002,3.50413
ROU,2003,3.54397
ROU,2004,3.31273
ROU,2005,3.50039
ROU,2006,4.30651
ROU,2007,4.14954
ROU,2008,4.0972
ROU,2009,4.00213
ROU,2010,3.41717
ROU,2011,2.91376
ROU,2012,2.82322
ROU,2013,3.068
ROU,2014,3.12508
ROU,2015,3.10695
ROU,2016,3.0256
ROU,2017,3.1182
ROU,2018,3.31918
ROU,2019,3.56695
ROU,2020,3.58926
ROU,2021,3.32453
RUS,2000,2.93979
RUS,2001,3.10602
RUS,2002,3.83502
RUS,2003,3.67854
RUS,2004,3.54787
RUS,2005,3.77193
RUS,2006,3.86626
RUS,2008,4.10175
RUS,2009,4.4706416
RUS,2010,3.8476243
RUS,2011,3.7126126
RUS,2012,3.7931
RUS,2013,3.76383
RUS,2014,4.01388
RUS,2015,3.83403
RUS,2016,3.76044
RUS,2017,4.68991
RUS,2018,4.6782
RUS,2019,3.6956143
RUS,2020,4.0164185
RUS,2021,3.994807
RUS,2022,4.0540276
RWA,1977,2.15021
RWA,1978,2.23247
RWA,1979,2.44128
RWA,1980,2.66633
RWA,1981,4.39297
RWA,1987,3.50578
RWA,1988,3.33534
RWA,1989,3.74663
RWA,1999,3.85799
RWA,2000,3.43418
RWA,2001,4.82502
RWA,2007,3.98503
RWA,2008,3.50216
RWA,2010,4.63127
RWA,2011,4.38346
RWA,2012,4.42103
RWA,2013,4.74215
RWA,2014,4.19644
RWA,2015,3.64712
RWA,2016,3.43484
RWA,2017,3.12474
RWA,2018,3.07375
RWA,2019,3.238212
RWA,2020,3.3330975
RWA,2021,5.58985
RWA,2022,4.74623
RWA,2023,4.92004
RWA,2024,4.653594
KNA,1985,3.96503
KNA,1987,2.64113
KNA,1989,2.19796
KNA,1991,1.99845
KNA,1992,2.30387
KNA,1995,2.57641
KNA,1998,4.02057
KNA,1999,3.32267
KNA,2000,4.74039
KNA,2001,4.42155
KNA,2002,3.92051
KNA,2003,3.79099
KNA,2004,3.97135
KNA,2005,3.83145
KNA,2006,4.05926
KNA,2007,4.19381
KNA,2010,2.54554
KNA,2011,2.4970653
KNA,2012,2.4920015
KNA,2013,3.2620585
KNA,2014,2.853075
KNA,2015,3.0179145
KNA,2016,3.0007615
KNA,2017,2.7710032
KNA,2018,3.03525
KNA,2019,2.7288957
KNA,2020,3.1056864
KNA,2021,3.973808
KNA,2022,3.5579615
KNA,2023,3.4972618
LCA,1982,5.53879
LCA,1986,4.15468
LCA,1994,6.53238
LCA,1998,5.52894
LCA,1999,5.44994
LCA,2001,5.70733
LCA,2003,3.53449
LCA,2004,3.43646
LCA,2005,4.23896
LCA,2006,4.69669
LCA,2008,4.48353
LCA,2009,3.06766
LCA,2010,3.4829
LCA,2011,3.59882
LCA,2012,3.29098
LCA,2013,3.87661
LCA,2014,3.89143
LCA,2015,3.88088
LCA,2016,5.20955
LCA,2017,3.6273153
LCA,2018,3.33278
LCA,2019,3.27267
LCA,2020,3.62086
LCA,2022,4.7243
LCA,2023,2.74095
VCT,1986,4.42911
VCT,1989,4.46869
VCT,1991,4.87377
VCT,1998,4.03337
VCT,1999,5.75269
VCT,2000,7.32788
VCT,2002,7.38802
VCT,2003,8.17489
VCT,2005,6.03083
VCT,2007,5.43937
VCT,2009,5.37611
VCT,2010,4.80839
VCT,2015,4.9561462
VCT,2016,5.4373646
VCT,2017,5.37975
VCT,2018,6.1611066
VCT,2020,5.463763
VCT,2022,7.0757504
VCT,2023,6.458269
WSM,1999,4.01625
WSM,2000,3.63096
WSM,2001,3.97652
WSM,2002,3.93932
WSM,2008,5.11659
WSM,2010,4.1892104
WSM,2011,4.8083963
WSM,2012,4.88467
WSM,2013,4.504232
WSM,2014,5.1393976
WSM,2015,4.274603
WSM,2016,4.349684
WSM,2017,3.9623191
WSM,2018,4.260974
WSM,2019,4.3958173
WSM,2020,4.481005
WSM,2021,5.2044883
WSM,2022,4.880369
WSM,2023,6.10963
WSM,2024,5.4561663
SMR,2002,3.304998
SMR,2003,3.1327538
SMR,2004,2.79384
SMR,2010,2.62884
SMR,2011,2.70296
SMR,2013,3.2672353
SMR,2014,3.1935763
SMR,2015,3.1191428
SMR,2016,3.3372016
SMR,2017,3.36997
SMR,2018,3.55516
SMR,2019,3.3797
SMR,2020,3.42462
SMR,2021,3.10892
SMR,2022,3.4318185
STP,2002,2.72058
STP,2003,3.24693
STP,2004,3.23471
STP,2005,4.85645
STP,2006,4.27118
STP,2007,6.28683
STP,2008,5.55449
STP,2009,9.99429
STP,2010,9.98827
STP,2012,6.92846
STP,2013,6.68509
STP,2014,4.43217
STP,2015,4.69795
STP,2016,6.11516
STP,2017,5.8749
STP,2018,5.62455
STP,2019,6.105739
STP,2020,5.0293117
STP,2021,5.53985
STP,2022,5.193921
STP,2023,5.0288577
SAU,1981,3.89025
SAU,1982,4.14255
SAU,1983,5.97797
SAU,1984,6.10957
SAU,1986,6.25535
SAU,1991,5.77947
SAU,1992,5.14464
SAU,1993,5.99929
SAU,1994,6.34382
SAU,1995,5.69247
SAU,1996,4.94374
SAU,1997,4.37707
SAU,1998,8.28131
SAU,1999,7.07227
SAU,2000,5.90982
SAU,2001,7.71887
SAU,2002,7.63689
SAU,2003,7.10509
SAU,2004,6.27747
SAU,2005,5.43092
SAU,2006,5.89117
SAU,2008,5.13781
SAU,2023,5.11467
SEN,1998,2.47457
SEN,1999,2.45981
SEN,2000,2.46335
SEN,2001,2.47151
SEN,2002,2.59442
SEN,2003,2.75125
SEN,2004,3.07778
SEN,2005,4.06443
SEN,2006,3.82138
SEN,2008,4.02568
SEN,2009,4.92073
SEN,2010,0.54477
SEN,2011,4.90303
SEN,2012,4.77699
SEN,2013,5.68656
SEN,2014,5.72907
SEN,2015,5.45638
SEN,2016,5.11309
SEN,2017,4.74008
SEN,2018,5.1102
SEN,2019,5.03527
SEN,2020,5.68698
SEN,2021,5.61201
SEN,2022,5.98754
SEN,2023,6.1627703
SRB,2007,4.20984
SRB,2008,4.2809443
SRB,2009,4.48398
SRB,2010,3.9009323
SRB,2011,4.23836
SRB,2012,3.8476844
SRB,2016,3.6347
SRB,2017,3.71016
SRB,2018,3.58232
SRB,2019,3.61647
SRB,2021,3.29867
SRB,2022,3.23939
SYC,1970,4.18848
SYC,1971,4.06639
SYC,1972,4.24694
SYC,1974,4.28333
SYC,1975,4.34502
SYC,1976,4.74596
SYC,1984,11.30569
SYC,1985,9.61779
SYC,1986,9.12957
SYC,1988,7.79334
SYC,1989,7.73472
SYC,1994,8.47928
SYC,1995,7.24051
SYC,1996,7.31149
SYC,1998,5.63179
SYC,1999,4.94468
SYC,2000,3.9791648
SYC,2002,4.88109
SYC,2003,5.05177
SYC,2006,4.48331
SYC,2007,4.0665827
SYC,2011,3.62995
SYC,2012,2.54216
SYC,2013,3.6184
SYC,2014,3.95247
SYC,2015,4.91461
SYC,2016,4.02131
SYC,2017,3.867293
SYC,2018,4.002703
SYC,2019,3.5658798
SYC,2020,4.1870484
SYC,2021,4.8654737
SYC,2022,3.6585891
SYC,2023,4.4540997
SLE,2000,4.94937
SLE,2001,3.48251
SLE,2002,3.59434
SLE,2003,3.299
SLE,2004,3.14693
SLE,2005,2.83727
SLE,2007,2.59678
SLE,2008,2.46589
SLE,2009,2.81821
SLE,2010,2.58851
SLE,2011,2.67825
SLE,2012,2.8816
SLE,2013,2.37981
SLE,2014,2.66291
SLE,2016,2.91134
SLE,2017,4.66086
SLE,2018,6.98962
SLE,2019,7.44701
SLE,2020,8.80955
SLE,2021,9.44224
SLE,2022,8.53918
SGP,1971,3.10976
SGP,1972,2.86827
SGP,1973,2.48882
SGP,1974,2.38852
SGP,1975,2.43949
SGP,1976,2.69239
SGP,1977,2.4508
SGP,1978,2.291
SGP,1979,2.24925
SGP,1980,2.55967
SGP,1981,2.58366
SGP,1982,3.26776
SGP,1983,3.94772
SGP,1988,3.65207
SGP,2000,3.3213
SGP,2001,3.54249
SGP,2002,3.87853
SGP,2003,3.98194
SGP,2004,3.65276
SGP,2005,3.19596
SGP,2006,2.85912
SGP,2007,2.94675
SGP,2008,2.7646
SGP,2009,3.01013
SGP,2010,3.08044
SGP,2011,3.03077
SGP,2012,3.07086
SGP,2013,2.85435
SGP,2014,2.9243667
SGP,2015,2.8630934
SGP,2016,2.8711154
SGP,2017,2.7569742
SGP,2018,2.8566
SGP,2019,2.72951
SGP,2020,2.68699
SGP,2021,2.82471
SGP,2022,2.48892
SGP,2023,2.467525
SGP,2024,2.1909986
SXM,2022,4.274205
SXM,2023,3.9236383
SVK,1992,5.35695
SVK,1993,4.4496
SVK,1994,3.7125
SVK,1995,4.29758
SVK,1996,4.1244
SVK,1997,4.12232
SVK,1999,4.1073
SVK,2000,3.86468
SVK,2001,3.9357
SVK,2002,4.2454
SVK,2003,4.20957
SVK,2004,4.10157
SVK,2005,3.75996
SVK,2006,3.7077
SVK,2007,3.52321
SVK,2008,3.52165
SVK,2009,4.00641
SVK,2010,4.0448
SVK,2011,3.89836
SVK,2012,3.85901
SVK,2013,4.06895
SVK,2014,4.2159
SVK,2015,4.57843
SVK,2016,3.90079
SVK,2017,3.93221
SVK,2018,3.95291
SVK,2019,4.27312
SVK,2020,4.76428
SVK,2021,4.79718
SVK,2022,4.524526
SVN,1991,4.07582
SVN,1992,4.72461
SVN,1993,4.96055
SVN,1994,4.70306
SVN,1995,4.90559
SVN,2000,6.1701484
SVN,2001,5.75683
SVN,2002,5.67286
SVN,2003,5.70333
SVN,2004,5.64426
SVN,2005,5.60408
SVN,2006,5.59066
SVN,2007,5.11661
SVN,2008,5.10952
SVN,2009,5.55497
SVN,2010,5.54546
SVN,2011,5.54126
SVN,2012,5.62023
SVN,2013,5.40573
SVN,2014,5.2917
SVN,2015,4.90953
SVN,2016,4.79267
SVN,2017,4.78054
SVN,2018,4.93456
SVN,2019,4.89153
SVN,2020,5.38374
SVN,2021,5.36526
SVN,2022,5.6543574
SLB,1971,3.4
SLB,1991,3.87719
SLB,1998,2.3155
SLB,2007,7.33327
SLB,2008,6.89515
SLB,2009,6.65859
SLB,2010,7.47837
SLB,2020,9.643546
SLB,2021,8.332327
SLB,2022,8.487378
SLB,2023,8.29349
SOM,1972,1.10284
SOM,1973,1.33888
SOM,2017,0.12717403
SOM,2018,0.23445097
SOM,2019,0.27066174
ZAF,1987,4.75367
ZAF,1988,4.85424
ZAF,1989,4.44185
ZAF,1990,4.69768
ZAF,1991,5.25961
ZAF,1993,5.3889
ZAF,1994,5.29777
ZAF,1996,5.04735
ZAF,1999,5.29117
ZAF,2000,4.90881
ZAF,2001,4.63618
ZAF,2002,4.54569
ZAF,2003,4.3521
ZAF,2004,4.50898
ZAF,2005,4.5245
ZAF,2006,4.52652
ZAF,2007,4.44667
ZAF,2008,4.37425
ZAF,2009,4.76119
ZAF,2010,5.13497
ZAF,2011,5.28898
ZAF,2012,5.52323
ZAF,2013,5.35072
ZAF,2014,5.48978
ZAF,2015,5.48285
ZAF,2016,5.44424
ZAF,2017,5.59867
ZAF,2018,5.64401
ZAF,2019,5.91158
ZAF,2020,6.17067
ZAF,2021,6.54903
ZAF,2022,6.16726
ZAF,2023,6.14839
ZAF,2024,6.7200727
KOR,1970,3.41404
KOR,1971,3.73918
KOR,1972,3.22075
KOR,1973,2.68022
KOR,1975,2.08925
KOR,1976,2.75457
KOR,1977,2.42642
KOR,1979,3.01883
KOR,1980,3.45874
KOR,1981,2.89863
KOR,1982,6.32967
KOR,1983,4.31538
KOR,1984,4.00532
KOR,1985,3.98645
KOR,1986,3.63594
KOR,1987,3.37424
KOR,1988,2.74737
KOR,1989,3.06263
KOR,1990,3.03874
KOR,1991,3.48925
KOR,1992,3.57789
KOR,1993,3.69698
KOR,1994,3.01831
KOR,1995,2.93543
KOR,1998,3.36814
KOR,1999,3.36929
KOR,2009,3.9135816
KOR,2010,3.527567
KOR,2015,4.45424
KOR,2016,4.3331
KOR,2017,4.32824
KOR,2018,4.45808
KOR,2019,4.68466
KOR,2020,4.80172
KOR,2021,4.86627
SSD,2010,1.04533
SSD,2011,0.96289
SSD,2012,1.5767493
SSD,2013,1.0245
SSD,2014,1.23246
SSD,2015,1.46556
SSD,2016,1.5653923
ESP,1913,0.4
ESP,1937,1.6
ESP,1960,1.3
ESP,1970,1.83301
ESP,1971,1.88928
ESP,1972,2.06465
ESP,1974,1.45956
ESP,1976,1.89939
ESP,1977,2.07717
ESP,1978,2.23073
ESP,1979,2.33805
ESP,1980,2.6
ESP,1987,3.12818
ESP,1988,3.3283
ESP,1989,3.55178
ESP,1990,3.63359
ESP,1991,3.74235
ESP,1992,3.83716
ESP,1993,4.24489
ESP,1994,4.48468
ESP,1995,4.43463
ESP,1996,4.45746
ESP,1998,4.28786
ESP,1999,4.26044
ESP,2000,4.16605
ESP,2001,4.11127
ESP,2002,4.13457
ESP,2003,4.17343
ESP,2004,4.15786
ESP,2005,4.14432
ESP,2006,4.18482
ESP,2007,4.25405
ESP,2008,4.52806
ESP,2009,4.912
ESP,2010,4.85608
ESP,2011,4.74083
ESP,2012,4.48113
ESP,2013,4.34962
ESP,2014,4.30151
ESP,2015,4.28457
ESP,2016,4.22544
ESP,2017,4.20552
ESP,2018,4.17949
ESP,2019,4.23022
ESP,2020,4.8954
ESP,2021,4.86507
ESP,2022,4.315879
LKA,1973,3.3164
LKA,1975,2.74455
LKA,1979,2.56743
LKA,1980,2.70417
LKA,1981,2.44221
LKA,1982,2.5585
LKA,1983,2.39061
LKA,1984,2.16526
LKA,1985,2.57614
LKA,1986,2.80542
LKA,1987,2.64433
LKA,1988,2.82636
LKA,1989,2.75516
LKA,1990,2.41093
LKA,1991,2.91558
LKA,1994,3.10853
LKA,1995,2.9576
LKA,1996,3.3436
LKA,1998,3.05142
LKA,2009,2.0559
LKA,2010,1.66178
LKA,2011,1.74292
LKA,2012,1.45342
LKA,2013,1.56459
LKA,2014,1.85859
LKA,2015,2.10998
LKA,2016,3.22929
LKA,2017,2.59317
LKA,2018,1.98781
LKA,2020,1.5579239
LKA,2021,1.5065058
LKA,2022,1.2039722
LKA,2023,1.8277457
SDN,2000,1.01218
SDN,2002,1.16425
SDN,2004,1.31255
SDN,2005,1.17843
SDN,2006,1.55354
SDN,2008,1.8515
SDN,2009,2.02213
SUR,2015,5.534796
SUR,2016,5.640519
SUR,2017,5.458613
SUR,2018,4.9225936
SUR,2019,6.778573
SUR,2020,4.584257
SUR,2021,4.13155
SUR,2022,3.4346085
SUR,2023,2.8662333
SWE,1960,5.1
SWE,1979,6.37238
SWE,1980,6.53705
SWE,1981,6.7812
SWE,1990,5.21219
SWE,1991,5.44381
SWE,1992,5.2585
SWE,1993,5.50703
SWE,1995,6.14814
SWE,1996,6.83862
SWE,1998,7.06125
SWE,1999,6.84873
SWE,2000,6.74015
SWE,2001,6.61764
SWE,2002,6.92435
SWE,2003,6.79143
SWE,2004,6.66311
SWE,2005,6.5064
SWE,2006,6.36429
SWE,2007,6.17159
SWE,2008,6.34455
SWE,2009,6.74971
SWE,2010,6.52269
SWE,2011,6.36692
SWE,2012,7.53697
SWE,2013,7.61121
SWE,2014,7.57373
SWE,2015,7.4439
SWE,2016,7.61862
SWE,2017,7.56883
SWE,2018,7.64084
SWE,2019,7.63851
SWE,2020,7.92561
SWE,2021,7.5722
SWE,2022,7.115294
CHE,1960,3.1
CHE,1970,3.39253
CHE,1971,3.49645
CHE,1972,3.65763
CHE,1973,3.91472
CHE,1974,4.11416
CHE,1975,4.37446
CHE,1976,4.47361
CHE,1977,4.49637
CHE,1978,4.37052
CHE,1979,4.3477
CHE,1980,4.23401
CHE,1981,4.19692
CHE,1982,4.26317
CHE,1983,4.36718
CHE,1984,4.22712
CHE,1985,4.17463
CHE,1986,4.21008
CHE,1987,4.16636
CHE,1988,4.23081
CHE,1989,4.14316
CHE,1990,4.39194
CHE,1991,4.54507
CHE,1993,4.94459
CHE,1994,4.90889
CHE,1995,4.9129
CHE,1996,4.92261
CHE,1998,4.75152
CHE,1999,4.75953
CHE,2000,4.65878
CHE,2001,4.82219
CHE,2002,5.17881
CHE,2003,5.38401
CHE,2004,5.31429
CHE,2005,5.08472
CHE,2006,4.84121
CHE,2007,4.58395
CHE,2008,4.75726
CHE,2009,4.92561
CHE,2010,4.8021
CHE,2011,4.85664
CHE,2012,4.89862
CHE,2013,4.91393
CHE,2014,4.93057
CHE,2015,4.99559
CHE,2016,4.98164
CHE,2017,5.01765
CHE,2018,4.93009
CHE,2019,5.01439
CHE,2020,5.27676
CHE,2021,5.03709
CHE,2022,4.922506
CHE,2023,5.120504
SYR,1972,3.58356
SYR,1973,3.68991
SYR,1975,3.93451
SYR,1976,5.83146
SYR,1977,5.71442
SYR,1978,5.51426
SYR,1979,4.96617
SYR,1980,4.57553
SYR,1981,5.38392
SYR,1982,5.89761
SYR,1984,6.13389
SYR,1985,6.07005
SYR,1986,5.62294
SYR,1987,4.56184
SYR,1988,3.61586
SYR,1989,4.03414
SYR,1996,3.69905
SYR,2001,4.5464
SYR,2002,5.26985
SYR,2003,6.48084
SYR,2004,5.37148
SYR,2006,5.27965
SYR,2007,4.86471
SYR,2008,4.59525
SYR,2009,5.13014
TJK,1993,8.18559
TJK,1995,2.0659
TJK,1996,2.04345
TJK,1998,2.52849
TJK,1999,2.07652
TJK,2000,2.32871
TJK,2001,2.37659
TJK,2002,2.77579
TJK,2003,2.42079
TJK,2004,2.77203
TJK,2005,3.51213
TJK,2006,3.4035
TJK,2007,3.41327
TJK,2008,3.45983
TJK,2009,4.09831
TJK,2010,4.00675
TJK,2011,4.533785
TJK,2012,4.446068
TJK,2013,5.2939763
TJK,2014,5.593989
TJK,2015,4.981188
TJK,2016,5.7309413
TJK,2017,5.544718
TJK,2018,5.3850875
TJK,2019,5.4842763
TJK,2020,5.135168
TJK,2021,4.3825307
TJK,2022,5.398298
TJK,2023,5.436821
TZA,1971,1.7237
TZA,1972,1.74755
TZA,1973,1.87658
TZA,1974,1.91419
TZA,1980,2.62532
TZA,1989,1.54891
TZA,1990,1.47233
TZA,1996,1.74418
TZA,1997,1.69306
TZA,1998,1.49839
TZA,2004,3.56245
TZA,2005,3.54747
TZA,2006,3.00992
TZA,2007,4.03342
TZA,2008,4.18591
TZA,2009,3.96076
TZA,2010,4.5417
TZA,2011,4.577899
TZA,2012,4.229643
TZA,2013,4.6376944
TZA,2014,4.3460574
TZA,2015,4.1948657
TZA,2016,4.1019673
TZA,2017,4.4003835
TZA,2018,3.9635148
TZA,2019,3.5968363
TZA,2020,3.2309725
TZA,2021,3.1151533
TZA,2022,3.238245
TZA,2023,3.2585323
TZA,2024,3.1550443
THA,1971,3.06622
THA,1972,3.02915
THA,1973,2.55425
THA,1974,2.14687
THA,1975,2.38088
THA,1976,3.01672
THA,1977,3.21512
THA,1979,2.84529
THA,1980,2.57454
THA,1981,2.88314
THA,1982,3.27388
THA,1983,3.46387
THA,1984,3.43722
THA,1986,3.40798
THA,1987,3.11582
THA,1988,2.75342
THA,1989,2.50243
THA,1991,3.0886
THA,1992,3.04541
THA,1994,3.40523
THA,1995,3.14498
THA,1996,3.49961
THA,1997,4.57719
THA,1998,4.6257
THA,1999,4.83267
THA,2000,5.25346
THA,2001,4.81787
THA,2002,3.86492
THA,2003,3.72561
THA,2004,4.03089
THA,2005,3.93859
THA,2006,4.05038
THA,2007,3.60315
THA,2008,3.5085
THA,2009,3.86194
THA,2010,3.50844
THA,2011,4.80555
THA,2012,3.5969183
THA,2013,3.8243985
THA,2014,3.9191775
THA,2015,3.8639762
THA,2016,3.7676175
THA,2017,3.4653215
THA,2018,3.197694
THA,2019,3.0222142
THA,2020,3.1531417
THA,2021,2.9821243
THA,2022,2.6118703
THA,2023,2.521222
TGO,1970,1.49681
TGO,1979,4.7296
TGO,1981,4.16519
TGO,1984,3.81927
TGO,1987,3.34063
TGO,1992,4.01865
TGO,1996,3.12451
TGO,1998,2.8213
TGO,1999,2.96397
TGO,2000,2.77645
TGO,2001,2.6675
TGO,2002,2.46952
TGO,2003,2.35525
TGO,2004,2.20198
TGO,2005,2.23749
TGO,2006,2.43238
TGO,2007,2.48604
TGO,2008,2.38472
TGO,2009,2.76808
TGO,2010,2.95978
TGO,2011,3.0775
TGO,2012,3.37652
TGO,2013,3.17475
TGO,2014,3.42377
TGO,2015,3.71098
TGO,2016,3.66248
TGO,2017,3.76527
TGO,2018,4.09163
TGO,2019,4.201642
TGO,2020,4.08528
TGO,2021,4.2270246
TGO,2022,3.7781107
TGO,2023,4.142819
TON,1984,10.34651
TON,1998,5.51713
TON,1999,5.38056
TON,2000,4.87808
TON,2001,4.47756
TON,2002,3.795
TON,2003,4.15951
TON,2004,3.91377
TON,2017,4.636268
TON,2018,4.715144
TON,2019,4.861704
TON,2020,5.0488353
TON,2021,5.1625443
TON,2022,5.3101625
TTO,1980,3.76808
TTO,1982,5.4574
TTO,1983,5.7666
TTO,1984,5.87391
TTO,1985,5.76775
TTO,1989,4.19987
TTO,1990,3.65413
TTO,1994,3.43181
TTO,1995,3.55855
TTO,1996,3.24877
TTO,1997,3.32521
TTO,1998,2.43892
TTO,1999,2.75612
TTO,2000,2.75565
TTO,2001,3.06529
TTO,2002,3.54301
TTO,2003,3.1366
TTO,2010,4.2115545
TTO,2011,3.8507884
TTO,2012,3.6532555
TTO,2013,3.7527587
TTO,2014,3.590138
TTO,2015,4.4245934
TTO,2016,4.1324797
TTO,2017,3.4943404
TTO,2018,3.4714177
TTO,2019,3.487268
TTO,2020,4.25767
TTO,2021,3.00433
TTO,2022,2.67331
TTO,2023,2.929
TUN,1980,5.23516
TUN,1981,4.88936
TUN,1982,5.28605
TUN,1983,5.45763
TUN,1984,5.51745
TUN,1985,5.53972
TUN,1986,5.87949
TUN,1990,5.79086
TUN,1991,6.02747
TUN,1992,5.75489
TUN,1993,5.98377
TUN,1994,6.17647
TUN,1995,6.42976
TUN,1996,6.28781
TUN,1997,6.67903
TUN,1999,6.27099
TUN,2000,6.20196
TUN,2001,6.20185
TUN,2002,5.79006
TUN,2003,6.81675
TUN,2004,6.72079
TUN,2005,6.45157
TUN,2006,6.4388
TUN,2007,6.46452
TUN,2008,6.27157
TUN,2009,6.52848
TUN,2010,5.96307
TUN,2012,5.95086
TUN,2015,6.22045
TUN,2019,6.1737323
TUN,2020,7.2650757
TUN,2021,6.679847
TUN,2022,6.80499
TUN,2023,6.733989
TUR,1978,4.34774
TUR,1979,2.9152
TUR,1981,2.2083
TUR,1982,1.75491
TUR,1983,2.6476
TUR,1984,2.02923
TUR,1985,1.73811
TUR,1986,1.50957
TUR,1993,3.36547
TUR,1994,3.42483
TUR,1995,2.25111
TUR,1998,0.0
TUR,2008,3.3205578
TUR,2009,3.7650497
TUR,2010,3.7870135
TUR,2011,4.22152
TUR,2012,4.38722
TUR,2013,4.34481
TUR,2014,4.41258
TUR,2015,4.3055
TUR,2016,4.62774
TUR,2017,4.32369
TUR,2018,4.2973
TUR,2019,4.44776
TUR,2020,4.03382
TUR,2021,3.53788
TUR,2022,2.6143036
TUR,2023,3.064671
TKM,2012,3.04925
TKM,2019,3.12055
TKM,2020,3.76267
TKM,2021,3.84891
TKM,2022,3.73386
TKM,2023,2.74651
TCA,2000,4.71883
TCA,2001,4.84301
TCA,2002,5.06914
TCA,2003,4.72878
TCA,2005,2.541
TCA,2011,3.1666336
TCA,2012,2.6974933
TCA,2013,2.804787
TCA,2014,2.7465463
TCA,2015,2.985262
TCA,2016,2.9074457
TCA,2017,2.4727821
TCA,2018,2.8489041
TCA,2019,2.9879212
TCA,2020,2.462138
TCA,2021,3.8092933
TCA,2022,4.1059694
TCA,2023,3.0735288
TUV,1990,6.98569
TUV,1997,3.45019
TUV,2022,13.761675
TUV,2023,15.789338
UGA,1971,3.16105
UGA,1973,3.35023
UGA,1974,3.39092
UGA,1975,3.22103
UGA,1976,2.67659
UGA,1982,2.51552
UGA,1983,1.68909
UGA,1984,2.42836
UGA,1985,3.43196
UGA,1988,5.10365
UGA,2000,2.46167
UGA,2004,4.95237
UGA,2010,1.7274
UGA,2011,2.29891
UGA,2012,1.79747
UGA,2013,1.87114
UGA,2014,1.91472
UGA,2015,2.32152
UGA,2016,2.13789
UGA,2017,2.25364
UGA,2018,2.13052
UGA,2019,2.3082807
UGA,2020,2.5722218
UGA,2021,2.635936
UGA,2022,2.5610502
UKR,1970,4.57293
UKR,1997,5.45601
UKR,1998,4.44884
UKR,1999,3.61808
UKR,2000,4.02293
UKR,2001,4.52568
UKR,2002,5.24007
UKR,2003,5.40019
UKR,2004,5.12376
UKR,2005,5.8482
UKR,2006,5.97946
UKR,2007,5.90244
UKR,2008,6.15242
UKR,2009,7.05075
UKR,2010,7.3970847
UKR,2011,5.93771
UKR,2012,6.4427
UKR,2013,6.4199
UKR,2014,5.87494
UKR,2015,5.7425685
UKR,2016,5.00978
UKR,2017,5.41708
UKR,2018,5.31992
UKR,2019,5.4413
UKR,2020,5.38232
UKR,2021,5.14011
UKR,2022,5.9339
ARE,2019,3.86021
ARE,2020,3.98418
ARE,2021,3.89403
GBR,1870,0.1
GBR,1913,1.1
GBR,1937,4.0
GBR,1960,4.3
GBR,1971,5.03205
GBR,1972,5.15938
GBR,1973,5.44861
GBR,1974,5.391
GBR,1975,6.26878
GBR,1976,6.42422
GBR,1977,6.06335
GBR,1980,5.07012
GBR,1981,5.28842
GBR,1982,5.1887
GBR,1983,5.0615
GBR,1984,4.89906
GBR,1985,4.59409
GBR,1986,4.38084
GBR,1987,4.37181
GBR,1988,4.26831
GBR,1989,4.12511
GBR,1990,4.05552
GBR,1991,4.12248
GBR,1992,4.33449
GBR,1993,5.4
GBR,1994,4.85083
GBR,1995,4.83926
GBR,1996,4.37826
GBR,1998,4.20708
GBR,1999,3.98845
GBR,2000,4.01822
GBR,2001,4.10014
GBR,2002,4.61193
GBR,2003,4.80129
GBR,2004,4.73555
GBR,2005,4.92977
GBR,2006,4.97649
GBR,2007,4.92445
GBR,2008,4.90974
GBR,2009,5.06263
GBR,2010,5.69868
GBR,2011,5.57219
GBR,2012,5.578874
GBR,2013,5.5253
GBR,2014,5.60135
GBR,2015,5.55452
GBR,2016,5.42796
GBR,2017,5.45257
GBR,2018,5.20437
GBR,2019,5.26116
GBR,2020,5.43935
GBR,2021,5.90458
GBR,2022,4.9190397
USA,1960,4.0
USA,1993,5.5
USA,2000,6.0856495
USA,2001,6.29892
USA,2002,6.3599563
USA,2003,6.3286095
USA,2004,6.253762
USA,2005,6.1709843
USA,2006,6.164032
USA,2007,6.243322
USA,2008,6.4360843
USA,2009,6.7386975
USA,2010,6.6945558
USA,2011,6.497685
USA,2012,6.253889
USA,2013,6.2115464
USA,2014,6.0998206
USA,2015,4.93063
USA,2016,4.78328
USA,2017,5.09297
USA,2018,4.89502
USA,2019,4.95747
USA,2020,5.39998
USA,2021,5.4283
USA,2022,5.382429
URY,1979,1.98713
URY,1980,2.15951
URY,1984,2.37339
URY,1985,2.56679
URY,1986,3.10283
URY,1991,2.47908
URY,1992,2.41153
URY,1994,2.27172
URY,1995,2.5214
URY,1996,2.86987
URY,1998,2.24337
URY,2000,2.42255
URY,2001,2.80096
URY,2002,2.3222
URY,2003,2.06821
URY,2004,2.49954
URY,2005,2.71475
URY,2006,2.85664
URY,2011,4.14937
URY,2012,4.0935335
URY,2013,4.23892
URY,2014,4.26735
URY,2015,4.20637
URY,2016,4.3642
URY,2017,4.41787
URY,2018,4.60362
URY,2019,4.62834
URY,2020,4.54292
URY,2021,4.46066
URY,2022,4.50733
URY,2023,3.6223972
UZB,2011,5.818761
UZB,2012,6.026915
UZB,2013,5.74191
UZB,2014,5.71323
UZB,2015,5.4945335
UZB,2016,5.4152374
UZB,2017,5.0333195
UZB,2018,4.835893
UZB,2019,6.2953467
UZB,2020,4.9480367
UZB,2021,5.368289
UZB,2022,5.2347717
UZB,2023,5.472876
VUT,1994,4.11688
VUT,1998,7.64105
VUT,1999,6.16265
VUT,2000,7.00363
VUT,2001,8.95115
VUT,2002,8.13198
VUT,2003,8.44151
VUT,2008,5.95151
VUT,2009,5.16051
VUT,2014,5.18195
VUT,2015,5.60338
VUT,2016,7.677426
VUT,2017,4.53343
VUT,2018,8.606347
VUT,2019,1.77407
VUT,2020,2.17359
VUT,2021,10.110241
VUT,2022,10.703345
VUT,2023,10.6434
VEN,1970,4.16287
VEN,1971,4.17992
VEN,1972,4.83729
VEN,1974,3.94796
VEN,1975,5.19851
VEN,1977,5.25666
VEN,1980,4.40072
VEN,1981,5.18744
VEN,1982,5.00895
VEN,1983,6.05982
VEN,1984,4.06373
VEN,1987,3.92751
VEN,1988,3.62941
VEN,1990,2.44671
VEN,1992,4.31068
VEN,1993,3.81783
VEN,1994,5.00603
VEN,2006,3.66906
VEN,2007,3.62732
VEN,2009,6.87468
VNM,2008,4.88674
VNM,2009,4.8165
VNM,2010,4.04594
VNM,2011,3.78023
VNM,2012,4.40817
VNM,2013,4.52834
VNM,2014,3.5401232
VNM,2015,3.4166045
VNM,2016,3.469074
VNM,2017,3.4186568
VNM,2018,3.145023
VNM,2019,3.0849984
VNM,2020,3.216529
VNM,2021,2.945175
VNM,2022,2.8873868
YEM,2000,9.66163
YEM,2001,9.24471
YEM,2002,6.3207965
YEM,2003,5.9482794
YEM,2004,5.554147
YEM,2005,5.1502557
YEM,2006,5.144416
YEM,2007,5.8287826
YEM,2008,5.15143
YEM,2009,5.916243
YEM,2010,4.3922234
YEM,2011,5.042027
YEM,2012,5.46479
ZMB,1970,4.38781
ZMB,1971,6.09535
ZMB,1972,5.94579
ZMB,1973,5.48807
ZMB,1974,4.87801
ZMB,1975,6.23854
ZMB,1976,6.02694
ZMB,1977,5.69251
ZMB,1978,4.74075
ZMB,1979,4.15494
ZMB,1980,4.12671
ZMB,1981,4.00072
ZMB,1982,5.15487
ZMB,1983,5.38802
ZMB,1984,4.98856
ZMB,1985,4.14584
ZMB,1986,3.33899
ZMB,1987,2.66226
ZMB,1991,2.74057
ZMB,1992,2.0916
ZMB,1993,1.94208
ZMB,1994,1.79352
ZMB,1995,1.83853
ZMB,1998,2.11823
ZMB,1999,1.77495
ZMB,2000,1.78819
ZMB,2004,2.46343
ZMB,2005,1.73553
ZMB,2007,1.24076
ZMB,2008,1.09972
ZMB,2010,3.4160044
ZMB,2011,3.3577228
ZMB,2012,3.6950023
ZMB,2013,3.7182071
ZMB,2015,4.62433
ZMB,2016,3.74792
ZMB,2017,3.72964
ZMB,2018,4.73975
ZMB,2019,4.41824
ZMB,2020,3.943741
ZMB,2021,3.1136346
ZMB,2022,3.658841
ZMB,2023,4.0737495
ZWE,1979,2.31784
ZWE,1980,2.54418
ZWE,1981,3.35154
ZWE,1983,4.14548
ZWE,1984,5.7915
ZWE,1985,7.41926
ZWE,1987,11.64476
ZWE,1988,12.33729
ZWE,1989,12.28423
ZWE,1990,12.45426
ZWE,1992,22.32221
ZWE,1994,44.33398
ZWE,2010,1.54406
ZWE,2012,6.07021
ZWE,2013,5.99598
ZWE,2014,6.13835
ZWE,2017,5.81878
ZWE,2018,2.05049
ZWE,2023,0.3847713
