COUNTRYCODE,YEAR,PATENTSFILINGSOFFICE,PATENTSFILINGSORIGIN
AFR,1967,437.0,4.0
AFR,1968,332.0,6.0
AFR,1969,361.0,6.0
AFR,1970,306.0,10.0
AFR,1971,328.0,12.0
AFR,1972,352.0,11.0
AFR,1973,293.0,11.0
AFR,1974,290.0,15.0
AFR,1975,262.0,19.0
AFR,1976,345.0,12.0
AFR,1977,325.0,15.0
AFR,1978,347.0,18.0
AFR,1979,284.0,6.0
AN,1965,,2.0
AN,1972,,2.0
AN,1976,,1.0
AN,1977,,4.0
AN,1979,,2.0
ARG,1883,62.0,
ARG,1884,46.0,
ARG,1885,73.0,
ARG,1886,99.0,
ARG,1887,109.0,
ARG,1888,143.0,
ARG,1889,196.0,
ARG,1890,193.0,
ARG,1891,176.0,
ARG,1892,208.0,
ARG,1893,238.0,
ARG,1894,204.0,
ARG,1895,285.0,
ARG,1896,266.0,
ARG,1897,370.0,
ARG,1898,385.0,
ARG,1899,352.0,
ARG,1900,318.0,
ARG,1903,394.0,
ARG,1904,392.0,
ARG,1905,577.0,
ARG,1906,670.0,
ARG,1929,,1.0
ARG,1930,,1.0
ARG,1931,,1.0
ARG,1947,,19.0
ARG,1948,,1.0
ARG,1949,,1.0
ARG,1951,,1.0
ARG,1953,,2.0
ARG,1957,,3.0
ARG,1958,,1.0
ARG,1960,,2.0
ARG,1962,,1.0
ARG,1963,6259.0,
ARG,1964,6225.0,
ARG,1965,6344.0,
ARG,1967,6750.0,
ARG,1968,7099.0,
ARG,1969,7330.0,1831.0
ARG,1970,7078.0,1982.0
ARG,1971,3408.0,1081.0
ARG,1972,6029.0,1825.0
ARG,1973,5830.0,1756.0
ARG,1974,5389.0,1686.0
ARG,1975,4653.0,1616.0
ARG,1976,4262.0,1717.0
ARG,1977,4504.0,1704.0
ARG,1978,4436.0,1575.0
ARG,1979,4482.0,1315.0
ARM,1973,,1.0
AUS,1904,2243.0,
AUS,1905,2685.0,1670.0
AUS,1906,2743.0,1750.0
AUS,1907,2903.0,
AUS,1908,2840.0,1955.0
AUS,1909,3309.0,
AUS,1910,3605.0,
AUS,1911,3497.0,
AUS,1912,4071.0,
AUS,1913,4163.0,
AUS,1914,3436.0,
AUS,1915,3117.0,
AUS,1916,2906.0,
AUS,1917,3244.0,
AUS,1918,3543.0,
AUS,1919,4169.0,
AUS,1920,5481.0,
AUS,1921,5074.0,
AUS,1922,5432.0,
AUS,1923,5306.0,
AUS,1924,5432.0,
AUS,1925,5307.0,
AUS,1926,5391.0,1.0
AUS,1927,5683.0,1.0
AUS,1928,6517.0,1.0
AUS,1929,6806.0,2.0
AUS,1930,6524.0,1.0
AUS,1931,5576.0,1.0
AUS,1932,5148.0,1.0
AUS,1933,5041.0,
AUS,1934,4980.0,
AUS,1935,5117.0,
AUS,1936,5484.0,2.0
AUS,1937,5585.0,3.0
AUS,1938,5764.0,4.0
AUS,1939,5740.0,
AUS,1940,4438.0,
AUS,1942,3793.0,
AUS,1943,4604.0,
AUS,1944,5860.0,
AUS,1945,7349.0,
AUS,1946,9108.0,
AUS,1947,8358.0,3.0
AUS,1948,1134.0,
AUS,1949,6724.0,
AUS,1950,7039.0,
AUS,1951,7136.0,
AUS,1952,8073.0,
AUS,1953,8916.0,1.0
AUS,1954,9087.0,1.0
AUS,1955,8936.0,1.0
AUS,1956,9396.0,
AUS,1957,9899.0,
AUS,1958,10511.0,
AUS,1959,11428.0,
AUS,1960,11828.0,
AUS,1961,12898.0,
AUS,1962,10496.0,3.0
AUS,1963,13448.0,3981.0
AUS,1964,14134.0,3977.0
AUS,1965,15150.0,4125.0
AUS,1966,16007.0,4448.0
AUS,1967,15733.0,4061.0
AUS,1968,16712.0,4201.0
AUS,1969,17446.0,4075.0
AUS,1970,16443.0,3990.0
AUS,1971,16407.0,4397.0
AUS,1972,16165.0,4610.0
AUS,1973,16460.0,4660.0
AUS,1974,15950.0,4309.0
AUS,1975,14082.0,4314.0
AUS,1976,14117.0,4326.0
AUS,1977,14246.0,4372.0
AUS,1978,14131.0,4563.0
AUS,1979,14640.0,4759.0
AUT,1889,3248.0,
AUT,1890,4266.0,
AUT,1891,4665.0,
AUT,1892,4898.0,
AUT,1893,5572.0,
AUT,1894,4945.0,
AUT,1895,5633.0,
AUT,1896,5808.0,
AUT,1897,6412.0,
AUT,1898,6777.0,
AUT,1899,6491.0,
AUT,1900,6409.0,
AUT,1901,6728.0,
AUT,1902,6835.0,
AUT,1903,6755.0,
AUT,1904,6792.0,
AUT,1905,6907.0,
AUT,1906,7866.0,
AUT,1907,7758.0,
AUT,1908,8480.0,
AUT,1909,9817.0,
AUT,1910,10211.0,
AUT,1911,10822.0,
AUT,1912,10770.0,
AUT,1913,11196.0,
AUT,1914,8277.0,
AUT,1915,5283.0,
AUT,1916,6213.0,
AUT,1917,6247.0,
AUT,1918,6894.0,
AUT,1919,4997.0,
AUT,1920,7199.0,
AUT,1921,6998.0,
AUT,1922,5980.0,2.0
AUT,1923,5937.0,3.0
AUT,1924,6885.0,13.0
AUT,1925,6980.0,10.0
AUT,1926,7002.0,11.0
AUT,1927,8161.0,13.0
AUT,1928,8640.0,14.0
AUT,1929,8954.0,12.0
AUT,1930,9798.0,19.0
AUT,1931,9223.0,12.0
AUT,1932,8160.0,13.0
AUT,1933,7513.0,
AUT,1934,7418.0,
AUT,1935,7478.0,4.0
AUT,1936,8008.0,5.0
AUT,1937,8216.0,13.0
AUT,1938,,6.0
AUT,1939,,5.0
AUT,1940,,3.0
AUT,1941,,3.0
AUT,1944,,1.0
AUT,1947,5949.0,
AUT,1948,5874.0,2.0
AUT,1949,6015.0,2.0
AUT,1950,6166.0,3.0
AUT,1951,6545.0,3.0
AUT,1952,7034.0,3.0
AUT,1953,8154.0,8.0
AUT,1954,7233.0,11.0
AUT,1955,7247.0,5.0
AUT,1956,7823.0,6.0
AUT,1957,8408.0,3.0
AUT,1958,9066.0,6.0
AUT,1959,9513.0,9.0
AUT,1960,9861.0,7.0
AUT,1961,9892.0,11.0
AUT,1962,10174.0,14.0
AUT,1963,10531.0,2606.0
AUT,1964,11102.0,2632.0
AUT,1965,11832.0,2725.0
AUT,1966,12061.0,2571.0
AUT,1967,11831.0,2605.0
AUT,1968,12732.0,2498.0
AUT,1969,12150.0,2435.0
AUT,1970,11786.0,2285.0
AUT,1971,11307.0,2263.0
AUT,1972,11180.0,2384.0
AUT,1973,10922.0,2314.0
AUT,1974,10404.0,2389.0
AUT,1975,9911.0,2561.0
AUT,1976,9911.0,2569.0
AUT,1977,9451.0,2400.0
AUT,1978,9384.0,2320.0
AUT,1979,8216.0,2464.0
BDI,1965,4.0,1.0
BDI,1966,15.0,1.0
BDI,1967,10.0,
BDI,1968,6.0,
BDI,1969,12.0,1.0
BDI,1970,4.0,
BDI,1971,5.0,
BDI,1972,4.0,1.0
BDI,1973,2.0,
BDI,1974,4.0,
BDI,1975,6.0,
BDI,1976,7.0,
BDI,1977,6.0,
BDI,1978,4.0,
BDI,1979,1.0,
BEL,1884,3665.0,1124.0
BEL,1886,4339.0,
BEL,1887,4350.0,
BEL,1888,4360.0,
BEL,1889,4548.0,
BEL,1890,4257.0,
BEL,1891,4467.0,
BEL,1892,5068.0,
BEL,1893,5098.0,
BEL,1894,5566.0,
BEL,1895,5720.0,
BEL,1896,6346.0,
BEL,1897,7427.0,
BEL,1898,7042.0,
BEL,1899,7080.0,
BEL,1900,6943.0,
BEL,1901,6733.0,
BEL,1902,7003.0,
BEL,1903,7094.0,
BEL,1904,6895.0,
BEL,1905,7528.0,
BEL,1906,7924.0,
BEL,1907,7938.0,
BEL,1908,8186.0,
BEL,1909,8893.0,
BEL,1910,9778.0,
BEL,1911,10118.0,
BEL,1912,10517.0,
BEL,1913,11077.0,
BEL,1914,6407.0,
BEL,1915,891.0,
BEL,1916,1995.0,
BEL,1917,2221.0,
BEL,1918,2361.0,
BEL,1919,5747.0,
BEL,1920,8864.0,
BEL,1921,7615.0,2.0
BEL,1922,7151.0,1.0
BEL,1923,7200.0,1.0
BEL,1924,8066.0,11.0
BEL,1925,8504.0,4.0
BEL,1926,7672.0,7.0
BEL,1927,8671.0,7.0
BEL,1928,9350.0,8.0
BEL,1929,9577.0,14.0
BEL,1930,9617.0,13.0
BEL,1931,9144.0,10.0
BEL,1932,8081.0,6.0
BEL,1933,7209.0,
BEL,1934,6450.0,
BEL,1935,6006.0,3.0
BEL,1936,6166.0,
BEL,1937,6275.0,5.0
BEL,1938,6410.0,6.0
BEL,1939,5589.0,1.0
BEL,1940,2649.0,1.0
BEL,1941,3825.0,1.0
BEL,1942,4627.0,3.0
BEL,1943,5176.0,5.0
BEL,1944,4466.0,3.0
BEL,1945,3725.0,1.0
BEL,1946,,3.0
BEL,1947,8091.0,17.0
BEL,1948,,2.0
BEL,1949,6472.0,5.0
BEL,1950,7299.0,4.0
BEL,1951,7786.0,2.0
BEL,1952,8512.0,8.0
BEL,1953,8779.0,3.0
BEL,1954,9149.0,4.0
BEL,1955,9505.0,9.0
BEL,1956,9761.0,5.0
BEL,1957,9808.0,9.0
BEL,1958,10717.0,22.0
BEL,1959,11834.0,15.0
BEL,1960,12506.0,18.0
BEL,1961,13443.0,13.0
BEL,1962,14583.0,11.0
BEL,1963,15271.0,14.0
BEL,1964,15823.0,9.0
BEL,1965,16810.0,1791.0
BEL,1966,17415.0,1686.0
BEL,1967,16759.0,1650.0
BEL,1968,17534.0,1497.0
BEL,1969,17614.0,1482.0
BEL,1970,17187.0,1362.0
BEL,1971,16458.0,1381.0
BEL,1972,15962.0,1388.0
BEL,1973,15723.0,1262.0
BEL,1974,14728.0,1122.0
BEL,1975,13224.0,1074.0
BEL,1976,12791.0,1054.0
BEL,1977,12526.0,1086.0
BEL,1978,10683.0,1024.0
BEL,1979,7717.0,869.0
BGD,1974,245.0,19.0
BGD,1976,154.0,30.0
BGD,1977,119.0,27.0
BGD,1978,149.0,27.0
BGD,1979,131.0,31.0
BGR,1921,50.0,
BGR,1922,210.0,
BGR,1923,152.0,
BGR,1924,270.0,1.0
BGR,1925,195.0,
BGR,1926,182.0,
BGR,1927,218.0,
BGR,1928,297.0,
BGR,1929,317.0,
BGR,1930,300.0,
BGR,1931,,1.0
BGR,1932,190.0,
BGR,1933,209.0,
BGR,1934,211.0,
BGR,1935,182.0,
BGR,1936,259.0,1.0
BGR,1937,322.0,1.0
BGR,1938,354.0,
BGR,1939,288.0,
BGR,1940,198.0,1.0
BGR,1941,409.0,
BGR,1942,636.0,
BGR,1944,337.0,
BGR,1945,72.0,
BGR,1946,181.0,
BGR,1953,148.0,
BGR,1954,46.0,
BGR,1955,63.0,
BGR,1957,96.0,
BGR,1958,,2.0
BGR,1959,265.0,2.0
BGR,1960,365.0,2.0
BGR,1961,547.0,
BGR,1962,727.0,1.0
BGR,1963,919.0,788.0
BGR,1964,1146.0,948.0
BGR,1965,1252.0,1030.0
BGR,1966,1507.0,1091.0
BGR,1967,1802.0,1170.0
BGR,1968,2221.0,1436.0
BGR,1969,2304.0,1366.0
BGR,1970,2794.0,1909.0
BGR,1971,2889.0,2015.0
BGR,1972,2949.0,2075.0
BGR,1973,3091.0,2177.0
BGR,1974,3216.0,2337.0
BGR,1975,3337.0,2486.0
BGR,1976,2988.0,2382.0
BGR,1977,3182.0,2562.0
BGR,1978,3598.0,2956.0
BGR,1979,4150.0,3436.0
BHR,1970,20.0,
BHR,1974,35.0,
BHR,1978,33.0,
BHR,1979,41.0,
BHS,1954,,1.0
BHS,1958,,1.0
BHS,1959,,15.0
BHS,1961,,9.0
BHS,1962,,7.0
BHS,1963,,10.0
BHS,1964,,5.0
BHS,1965,,4.0
BHS,1966,,5.0
BHS,1967,,3.0
BHS,1968,,3.0
BHS,1969,,7.0
BHS,1970,60.0,4.0
BHS,1971,42.0,3.0
BHS,1972,40.0,2.0
BHS,1973,50.0,3.0
BHS,1974,48.0,
BHS,1975,36.0,3.0
BHS,1976,52.0,5.0
BHS,1977,33.0,14.0
BHS,1978,29.0,8.0
BHS,1979,37.0,1.0
BMU,1960,,1.0
BMU,1964,,3.0
BMU,1979,,2.0
BOL,1969,201.0,20.0
BOL,1970,199.0,20.0
BOL,1971,126.0,21.0
BOL,1972,126.0,32.0
BOL,1973,124.0,16.0
BOL,1974,191.0,20.0
BOL,1975,200.0,25.0
BOL,1976,171.0,21.0
BOL,1977,186.0,26.0
BOL,1978,133.0,28.0
BOL,1979,134.0,15.0
BRA,1891,442.0,
BRA,1893,151.0,
BRA,1899,424.0,
BRA,1900,389.0,
BRA,1901,365.0,
BRA,1902,334.0,
BRA,1903,326.0,
BRA,1904,297.0,
BRA,1905,326.0,
BRA,1906,446.0,
BRA,1907,583.0,
BRA,1909,457.0,
BRA,1910,523.0,
BRA,1911,588.0,
BRA,1912,749.0,
BRA,1913,736.0,
BRA,1914,654.0,
BRA,1915,539.0,
BRA,1916,575.0,
BRA,1917,575.0,
BRA,1918,618.0,
BRA,1919,961.0,
BRA,1920,1451.0,
BRA,1922,1165.0,
BRA,1923,1309.0,
BRA,1924,1149.0,
BRA,1925,1141.0,
BRA,1927,1461.0,
BRA,1928,1601.0,
BRA,1929,1802.0,
BRA,1931,1305.0,
BRA,1935,1522.0,
BRA,1937,1975.0,
BRA,1939,2115.0,
BRA,1942,1954.0,
BRA,1944,2202.0,
BRA,1946,4177.0,
BRA,1947,4057.0,1.0
BRA,1949,,2.0
BRA,1950,3863.0,
BRA,1955,6768.0,
BRA,1956,5441.0,
BRA,1958,8069.0,
BRA,1963,,2.0
BRA,1964,10075.0,
BRA,1965,14367.0,10003.0
BRA,1966,7270.0,2361.0
BRA,1967,8178.0,2824.0
BRA,1968,8210.0,2763.0
BRA,1970,9224.0,3839.0
BRA,1971,8622.0,3427.0
BRA,1972,8333.0,2840.0
BRA,1973,9127.0,2495.0
BRA,1974,10936.0,3421.0
BRA,1975,8794.0,
BRA,1976,8856.0,
BRA,1977,8716.0,1645.0
BRA,1978,8680.0,1.0
BRA,1979,8602.0,1960.0
BRB,1973,22.0,
BRB,1976,18.0,
BRB,1977,16.0,4.0
BRB,1979,33.0,
BWA,1973,22.0,
CAN,1883,2641.0,
CAN,1884,2681.0,
CAN,1885,2548.0,
CAN,1886,2776.0,
CAN,1887,2874.0,
CAN,1888,2747.0,
CAN,1889,3279.0,
CAN,1890,3560.0,
CAN,1891,3233.0,
CAN,1892,3176.0,
CAN,1893,2614.0,
CAN,1894,3291.0,
CAN,1895,3387.0,
CAN,1896,3728.0,
CAN,1897,4300.0,
CAN,1898,4200.0,
CAN,1899,4305.0,
CAN,1900,4628.0,
CAN,1901,4817.0,
CAN,1902,5301.0,
CAN,1903,5912.0,
CAN,1904,6061.0,
CAN,1905,6355.0,
CAN,1906,2857.0,
CAN,1907,7077.0,
CAN,1908,7406.0,
CAN,1909,7239.0,
CAN,1910,7789.0,
CAN,1911,8037.0,
CAN,1912,8293.0,
CAN,1913,8681.0,
CAN,1914,8359.0,
CAN,1915,7302.0,
CAN,1916,7793.0,
CAN,1917,8751.0,
CAN,1918,8683.0,
CAN,1919,9025.0,
CAN,1920,11198.0,
CAN,1921,13446.0,
CAN,1922,12274.0,
CAN,1923,10806.0,
CAN,1924,10441.0,
CAN,1925,14834.0,
CAN,1926,11113.0,2.0
CAN,1927,11406.0,1.0
CAN,1928,11845.0,
CAN,1929,13062.0,
CAN,1930,14288.0,
CAN,1931,13229.0,
CAN,1932,11940.0,1.0
CAN,1933,10145.0,
CAN,1934,9267.0,
CAN,1935,9404.0,
CAN,1936,12580.0,
CAN,1937,10668.0,
CAN,1938,10950.0,
CAN,1939,10899.0,1.0
CAN,1940,10413.0,
CAN,1941,9064.0,
CAN,1942,9678.0,
CAN,1943,10024.0,
CAN,1944,11227.0,
CAN,1945,12672.0,1119.0
CAN,1946,14778.0,1394.0
CAN,1947,16922.0,1780.0
CAN,1948,16585.0,1562.0
CAN,1949,12751.0,1381.0
CAN,1950,13172.0,1418.0
CAN,1951,14324.0,1282.0
CAN,1952,15448.0,1159.0
CAN,1953,16405.0,1175.0
CAN,1954,18565.0,1161.0
CAN,1955,19448.0,1239.0
CAN,1956,21048.0,1217.0
CAN,1957,21762.0,1169.0
CAN,1958,22257.0,1156.0
CAN,1959,22912.0,1353.0
CAN,1960,24292.0,1516.0
CAN,1961,24529.0,1313.0
CAN,1962,25447.0,1628.0
CAN,1963,26409.0,1719.0
CAN,1964,27057.0,1729.0
CAN,1965,27811.0,1753.0
CAN,1966,30093.0,1867.0
CAN,1967,29618.0,1670.0
CAN,1968,29586.0,1612.0
CAN,1969,31091.0,1809.0
CAN,1970,31360.0,1834.0
CAN,1971,30510.0,2009.0
CAN,1972,29438.0,1998.0
CAN,1973,28911.0,1964.0
CAN,1974,28782.0,1948.0
CAN,1975,27019.0,1792.0
CAN,1976,25927.0,1864.0
CAN,1977,26001.0,1887.0
CAN,1978,24969.0,1845.0
CAN,1979,24312.0,1802.0
CHE,1888,453.0,237.0
CHE,1889,1496.0,
CHE,1890,1394.0,
CHE,1891,1553.0,
CHE,1892,1802.0,
CHE,1893,1847.0,
CHE,1894,1949.0,
CHE,1895,2123.0,
CHE,1896,2266.0,
CHE,1897,2492.0,
CHE,1898,2701.0,
CHE,1899,2812.0,
CHE,1900,2759.0,
CHE,1901,2779.0,
CHE,1902,2747.0,
CHE,1903,2920.0,
CHE,1904,3036.0,
CHE,1905,3211.0,
CHE,1906,3581.0,
CHE,1907,3833.0,
CHE,1908,4586.0,
CHE,1909,4882.0,
CHE,1910,5205.0,
CHE,1911,5280.0,
CHE,1912,5211.0,
CHE,1913,5339.0,
CHE,1914,4066.0,
CHE,1915,2973.0,
CHE,1916,2974.0,
CHE,1917,3680.0,
CHE,1918,4861.0,
CHE,1919,6519.0,
CHE,1920,6632.0,
CHE,1921,6321.0,9.0
CHE,1922,4856.0,2.0
CHE,1923,5219.0,7.0
CHE,1924,5923.0,4.0
CHE,1925,6544.0,7.0
CHE,1926,6847.0,6.0
CHE,1927,7774.0,10.0
CHE,1928,8169.0,10.0
CHE,1929,8634.0,11.0
CHE,1930,9138.0,26.0
CHE,1931,8900.0,13.0
CHE,1932,8195.0,11.0
CHE,1933,8294.0,
CHE,1934,8538.0,
CHE,1935,7637.0,3.0
CHE,1936,7879.0,12.0
CHE,1937,9911.0,21.0
CHE,1938,9032.0,17.0
CHE,1939,7663.0,11.0
CHE,1940,5978.0,3222.0
CHE,1941,7631.0,3736.0
CHE,1942,9248.0,4376.0
CHE,1943,10021.0,4472.0
CHE,1944,10762.0,5063.0
CHE,1945,8733.0,5816.0
CHE,1946,10650.0,6216.0
CHE,1947,12232.0,6072.0
CHE,1948,10027.0,5398.0
CHE,1949,11334.0,5941.0
CHE,1950,11331.0,5753.0
CHE,1951,11765.0,4993.0
CHE,1952,12131.0,5524.0
CHE,1953,13177.0,6135.0
CHE,1954,13711.0,6342.0
CHE,1955,14144.0,6276.0
CHE,1956,12666.0,4638.0
CHE,1957,13124.0,4929.0
CHE,1958,13616.0,5132.0
CHE,1959,14606.0,5345.0
CHE,1960,14664.0,4923.0
CHE,1961,15175.0,4889.0
CHE,1962,,73.0
CHE,1963,16117.0,5195.0
CHE,1964,16925.0,5326.0
CHE,1965,18180.0,5879.0
CHE,1966,18885.0,5752.0
CHE,1967,18408.0,5727.0
CHE,1968,19537.0,6071.0
CHE,1969,19524.0,6023.0
CHE,1970,19406.0,6075.0
CHE,1971,19269.0,6314.0
CHE,1972,19095.0,6305.0
CHE,1973,18284.0,5655.0
CHE,1974,17429.0,5487.0
CHE,1975,16940.0,5917.0
CHE,1976,16513.0,5770.0
CHE,1977,16343.0,5613.0
CHE,1978,13314.0,4659.0
CHE,1979,11540.0,4553.0
CHL,1919,470.0,
CHL,1920,661.0,
CHL,1921,949.0,
CHL,1963,978.0,145.0
CHL,1965,1120.0,188.0
CHL,1966,1192.0,243.0
CHL,1967,1421.0,201.0
CHL,1968,1209.0,197.0
CHL,1969,1131.0,75.0
CHL,1970,1099.0,166.0
CHL,1971,916.0,195.0
CHL,1972,757.0,147.0
CHL,1973,749.0,184.0
CHL,1974,942.0,288.0
CHL,1975,859.0,258.0
CHL,1976,756.0,230.0
CHL,1977,746.0,200.0
CHL,1978,693.0,132.0
CHL,1979,737.0,148.0
CHN,1979,,1.0
COD,1963,77.0,
COD,1968,123.0,
COD,1969,147.0,2.0
COD,1970,117.0,
COD,1971,132.0,1.0
COD,1972,144.0,2.0
COD,1973,147.0,8.0
COD,1974,123.0,1.0
COD,1975,147.0,11.0
COD,1976,186.0,2.0
COD,1977,122.0,4.0
COD,1978,117.0,3.0
COD,1979,98.0,11.0
COG,1961,,1.0
COG,1970,,1.0
COL,1929,,1.0
COL,1963,1047.0,96.0
COL,1964,1184.0,110.0
COL,1965,1127.0,117.0
COL,1966,1236.0,140.0
COL,1967,1207.0,41.0
COL,1968,1202.0,136.0
COL,1969,1269.0,151.0
COL,1970,1193.0,152.0
COL,1971,1012.0,1.0
COL,1972,1023.0,114.0
COL,1973,785.0,76.0
COL,1974,669.0,50.0
COL,1975,643.0,70.0
COL,1976,622.0,67.0
COL,1977,618.0,69.0
COL,1978,504.0,55.0
COL,1979,420.0,45.0
CRI,1967,180.0,17.0
CRI,1968,178.0,14.0
CRI,1969,200.0,20.0
CRI,1970,151.0,40.0
CRI,1973,178.0,30.0
CRI,1974,217.0,38.0
CRI,1975,139.0,21.0
CRI,1976,112.0,15.0
CRI,1977,105.0,9.0
CRI,1978,128.0,27.0
CRI,1979,107.0,30.0
CUB,1904,220.0,
CUB,1905,321.0,
CUB,1908,270.0,
CUB,1909,320.0,
CUB,1911,378.0,
CUB,1912,415.0,
CUB,1913,379.0,
CUB,1914,424.0,
CUB,1915,439.0,
CUB,1916,393.0,
CUB,1917,497.0,
CUB,1918,446.0,
CUB,1919,570.0,
CUB,1920,570.0,
CUB,1921,565.0,
CUB,1922,483.0,
CUB,1923,531.0,
CUB,1924,625.0,
CUB,1926,812.0,
CUB,1944,356.0,
CUB,1963,100.0,8.0
CUB,1964,96.0,7.0
CUB,1965,95.0,10.0
CUB,1966,123.0,17.0
CUB,1967,116.0,26.0
CUB,1968,60.0,14.0
CUB,1969,80.0,12.0
CUB,1970,70.0,9.0
CUB,1971,137.0,73.0
CUB,1972,193.0,144.0
CUB,1973,164.0,105.0
CUB,1974,167.0,97.0
CUB,1975,244.0,156.0
CUB,1976,206.0,110.0
CUB,1977,203.0,152.0
CUB,1978,155.0,90.0
CUB,1979,194.0,119.0
CYP,1963,15.0,
CYP,1964,33.0,
CYP,1965,34.0,1.0
CYP,1966,20.0,
CYP,1967,62.0,
CYP,1968,52.0,3.0
CYP,1969,45.0,
CYP,1970,56.0,
CYP,1971,52.0,1.0
CYP,1972,44.0,1.0
CYP,1973,47.0,1.0
CYP,1974,59.0,1.0
CYP,1975,59.0,
CYP,1976,52.0,3.0
CYP,1977,59.0,
CYP,1978,42.0,2.0
CYP,1979,54.0,3.0
CZE,1919,5208.0,
CZE,1920,9716.0,
CZE,1921,6228.0,1.0
CZE,1922,5431.0,
CZE,1923,4751.0,3.0
CZE,1924,5881.0,2.0
CZE,1925,6325.0,5.0
CZE,1926,6608.0,3.0
CZE,1927,7763.0,3167.0
CZE,1928,8461.0,3335.0
CZE,1929,9113.0,3209.0
CZE,1930,10084.0,3980.0
CZE,1931,9570.0,4.0
CZE,1932,8234.0,3.0
CZE,1933,7890.0,
CZE,1934,7939.0,
CZE,1935,7590.0,
CZE,1936,8062.0,
CZE,1937,8406.0,2.0
CZE,1938,6894.0,2.0
CZE,1939,,14.0
CZE,1940,,1.0
CZE,1944,20.0,
CZE,1945,2879.0,
CZE,1946,6382.0,
CZE,1947,7847.0,5.0
CZE,1948,4078.0,1.0
CZE,1949,2839.0,2.0
CZE,1950,,4.0
CZE,1951,1868.0,
CZE,1952,1927.0,
CZE,1953,1724.0,
CZE,1954,2842.0,3.0
CZE,1955,3759.0,2.0
CZE,1956,3627.0,4.0
CZE,1957,5126.0,6.0
CZE,1958,6847.0,3.0
CZE,1959,7642.0,2.0
CZE,1960,7873.0,4.0
CZE,1961,7742.0,2.0
CZE,1962,7376.0,
CZE,1963,7222.0,6318.0
CZE,1964,7437.0,6226.0
CZE,1965,7886.0,6438.0
CZE,1966,8445.0,6476.0
CZE,1967,9324.0,6890.0
CZE,1968,8921.0,5882.0
CZE,1969,8620.0,5236.0
CZE,1970,8953.0,5702.0
CZE,1971,9188.0,6016.0
CZE,1972,9078.0,5930.0
CZE,1973,9231.0,5985.0
CZE,1974,9232.0,6125.0
CZE,1975,9106.0,6380.0
CZE,1976,8929.0,6575.0
CZE,1977,9167.0,6984.0
CZE,1978,9200.0,7137.0
CZE,1979,9612.0,7461.0
DEU,1883,8121.0,
DEU,1884,8607.0,
DEU,1885,9408.0,
DEU,1886,9991.0,
DEU,1887,9904.0,
DEU,1888,9869.0,
DEU,1889,11645.0,
DEU,1890,11882.0,
DEU,1891,12919.0,
DEU,1892,13126.0,
DEU,1893,14265.0,
DEU,1894,14964.0,
DEU,1895,15063.0,
DEU,1896,16486.0,
DEU,1897,18347.0,
DEU,1898,20321.0,
DEU,1899,21080.0,14443.0
DEU,1900,21925.0,14848.0
DEU,1901,25165.0,17622.0
DEU,1902,27565.0,19646.0
DEU,1903,28313.0,20521.0
DEU,1904,28360.0,21009.0
DEU,1905,30085.0,22030.0
DEU,1906,33822.0,25376.0
DEU,1907,33716.0,24843.0
DEU,1908,40312.0,31632.0
DEU,1909,44411.0,34998.0
DEU,1910,45209.0,35190.0
DEU,1911,44929.0,34483.0
DEU,1912,45815.0,35111.0
DEU,1913,49532.0,38282.0
DEU,1914,36772.0,28774.0
DEU,1915,21041.0,17420.0
DEU,1916,24469.0,20866.0
DEU,1917,24458.0,21190.0
DEU,1918,30049.0,26584.0
DEU,1919,43279.0,38543.0
DEU,1920,53527.0,41855.0
DEU,1921,56721.0,46016.0
DEU,1922,51762.0,40890.0
DEU,1923,45209.0,36089.0
DEU,1924,56831.0,47492.0
DEU,1925,64910.0,54432.0
DEU,1926,64384.0,53253.0
DEU,1927,68457.0,55667.0
DEU,1928,70895.0,56736.0
DEU,1929,72748.0,57576.0
DEU,1930,78400.0,62707.0
DEU,1931,72686.0,58506.0
DEU,1932,63414.0,51536.0
DEU,1933,55992.0,44981.0
DEU,1934,52856.0,43115.0
DEU,1935,53592.0,44698.0
DEU,1936,55363.0,47394.0
DEU,1937,57139.0,48590.0
DEU,1938,56217.0,48361.0
DEU,1939,47555.0,85.0
DEU,1940,43479.0,88.0
DEU,1941,49855.0,92.0
DEU,1942,54386.0,38.0
DEU,1943,49060.0,30.0
DEU,1944,,6.0
DEU,1949,76327.0,
DEU,1950,130124.0,25.0
DEU,1951,71282.0,42.0
DEU,1952,65341.0,68.0
DEU,1953,65575.0,60.0
DEU,1954,68634.0,63.0
DEU,1955,61162.0,58.0
DEU,1956,59398.0,72.0
DEU,1957,59032.0,64.0
DEU,1958,60581.0,64.0
DEU,1959,63170.0,73.0
DEU,1960,63389.0,109.0
DEU,1961,64279.0,100.0
DEU,1962,65349.0,116.0
DEU,1963,66156.0,36269.0
DEU,1964,71020.0,43394.0
DEU,1965,72986.0,43672.0
DEU,1966,74337.0,42510.0
DEU,1967,74800.0,42819.0
DEU,1968,73182.0,39662.0
DEU,1969,74484.0,38785.0
DEU,1970,73626.0,37921.0
DEU,1971,73204.0,37689.0
DEU,1972,75262.0,38458.0
DEU,1973,74025.0,36699.0
DEU,1974,71132.0,35348.0
DEU,1975,67368.0,35000.0
DEU,1976,68179.0,35469.0
DEU,1977,66408.0,34647.0
DEU,1978,66158.0,36226.0
DEU,1979,63110.0,37229.0
DNK,1894,625.0,
DNK,1895,987.0,
DNK,1896,1116.0,
DNK,1897,1270.0,
DNK,1898,1387.0,
DNK,1899,1428.0,
DNK,1900,1430.0,
DNK,1901,1474.0,
DNK,1902,1552.0,
DNK,1903,1628.0,674.0
DNK,1904,1572.0,709.0
DNK,1905,1760.0,795.0
DNK,1909,2159.0,1028.0
DNK,1910,2244.0,1034.0
DNK,1911,2267.0,1020.0
DNK,1912,2243.0,
DNK,1913,2404.0,
DNK,1914,1827.0,
DNK,1915,1585.0,
DNK,1916,1763.0,
DNK,1917,2472.0,
DNK,1918,3110.0,
DNK,1919,3560.0,
DNK,1920,3970.0,
DNK,1921,3093.0,2.0
DNK,1922,2497.0,1.0
DNK,1923,2314.0,
DNK,1924,2696.0,
DNK,1925,2735.0,
DNK,1926,2896.0,1.0
DNK,1927,3100.0,1.0
DNK,1928,3161.0,3.0
DNK,1929,2803.0,1.0
DNK,1930,2646.0,1.0
DNK,1931,2403.0,2.0
DNK,1932,2530.0,
DNK,1933,2761.0,
DNK,1934,2704.0,
DNK,1935,2747.0,
DNK,1936,2960.0,
DNK,1937,3124.0,2.0
DNK,1938,3308.0,1.0
DNK,1939,2896.0,
DNK,1940,2410.0,1.0
DNK,1941,2650.0,
DNK,1942,2935.0,
DNK,1943,3345.0,
DNK,1944,3532.0,1.0
DNK,1945,2741.0,
DNK,1946,5074.0,
DNK,1947,5190.0,5.0
DNK,1948,4082.0,
DNK,1949,4368.0,1.0
DNK,1950,4132.0,5.0
DNK,1951,3941.0,1.0
DNK,1952,4191.0,4.0
DNK,1953,4276.0,2.0
DNK,1954,4249.0,6.0
DNK,1955,4287.0,2.0
DNK,1956,4534.0,4.0
DNK,1957,4390.0,2.0
DNK,1958,4731.0,6.0
DNK,1959,4758.0,13.0
DNK,1960,5195.0,7.0
DNK,1961,5295.0,14.0
DNK,1962,5692.0,5.0
DNK,1963,6116.0,1221.0
DNK,1964,6453.0,1176.0
DNK,1965,6713.0,1156.0
DNK,1966,6798.0,1059.0
DNK,1967,6722.0,1021.0
DNK,1968,6415.0,836.0
DNK,1969,6932.0,911.0
DNK,1970,6637.0,824.0
DNK,1971,6460.0,800.0
DNK,1972,6563.0,814.0
DNK,1973,7051.0,804.0
DNK,1974,6924.0,845.0
DNK,1975,5958.0,840.0
DNK,1976,5901.0,836.0
DNK,1977,5887.0,840.0
DNK,1978,5884.0,944.0
DNK,1979,5540.0,900.0
DOM,1907,5.0,
DOM,1912,6.0,
DOM,1913,3.0,
DOM,1914,2.0,
DOM,1916,8.0,
DOM,1917,2.0,
DOM,1918,3.0,
DOM,1919,12.0,
DOM,1920,20.0,
DOM,1922,8.0,
DOM,1923,7.0,
DOM,1935,6.0,
DOM,1937,4.0,
DOM,1938,11.0,
DOM,1939,3.0,
DOM,1944,10.0,
DOM,1945,19.0,
DOM,1947,24.0,
DOM,1948,39.0,
DOM,1949,11.0,
DOM,1952,37.0,
DOM,1953,33.0,
DOM,1954,41.0,
DOM,1955,37.0,
DOM,1961,52.0,
DOM,1963,85.0,15.0
DOM,1964,64.0,9.0
DOM,1965,20.0,5.0
DOM,1966,93.0,13.0
DOM,1970,115.0,5.0
DOM,1971,131.0,11.0
DOM,1976,103.0,7.0
DOM,1977,121.0,9.0
DOM,1978,168.0,10.0
DZA,1921,,1.0
DZA,1925,,1.0
DZA,1929,,3.0
DZA,1932,,1.0
DZA,1935,,1.0
DZA,1938,,2.0
DZA,1947,,2.0
DZA,1952,,2.0
DZA,1961,,1.0
DZA,1966,259.0,19.0
DZA,1967,422.0,5.0
DZA,1969,393.0,7.0
DZA,1970,383.0,18.0
DZA,1971,380.0,14.0
DZA,1972,332.0,14.0
DZA,1973,354.0,7.0
DZA,1974,458.0,11.0
DZA,1975,585.0,7.0
DZA,1976,447.0,9.0
DZA,1977,433.0,11.0
DZA,1978,462.0,7.0
DZA,1979,424.0,5.0
ECU,1968,216.0,33.0
ECU,1969,277.0,38.0
ECU,1970,233.0,34.0
ECU,1971,222.0,26.0
ECU,1972,234.0,32.0
ECU,1973,268.0,36.0
ECU,1974,282.0,39.0
ECU,1975,284.0,24.0
ECU,1977,200.0,27.0
ECU,1978,205.0,34.0
ECU,1979,170.0,23.0
EGY,1925,,1.0
EGY,1928,,1.0
EGY,1929,,4.0
EGY,1930,,3.0
EGY,1931,,3.0
EGY,1932,,1.0
EGY,1935,,3.0
EGY,1937,,3.0
EGY,1938,,6.0
EGY,1939,,3.0
EGY,1940,,1.0
EGY,1946,,3.0
EGY,1947,,2.0
EGY,1951,1196.0,
EGY,1952,408.0,
EGY,1953,421.0,1.0
EGY,1954,444.0,1.0
EGY,1955,471.0,
EGY,1956,490.0,
EGY,1957,435.0,1.0
EGY,1958,572.0,3.0
EGY,1959,586.0,3.0
EGY,1960,664.0,3.0
EGY,1961,1383.0,
EGY,1962,602.0,1.0
EGY,1963,,2.0
EGY,1964,792.0,72.0
EGY,1965,770.0,75.0
EGY,1966,766.0,60.0
EGY,1967,734.0,55.0
EGY,1968,657.0,86.0
EGY,1969,697.0,67.0
EGY,1970,551.0,58.0
EGY,1971,556.0,67.0
EGY,1972,549.0,64.0
EGY,1973,489.0,58.0
EGY,1974,592.0,54.0
EGY,1975,775.0,61.0
EGY,1976,805.0,49.0
EGY,1977,728.0,58.0
EGY,1978,752.0,77.0
EGY,1979,784.0,61.0
ESP,1886,1001.0,
ESP,1887,786.0,
ESP,1888,1309.0,
ESP,1889,1285.0,
ESP,1890,1295.0,
ESP,1891,1211.0,
ESP,1892,1276.0,
ESP,1893,1200.0,
ESP,1894,1478.0,
ESP,1895,1706.0,
ESP,1896,1656.0,
ESP,1897,1791.0,
ESP,1898,1702.0,
ESP,1899,1715.0,
ESP,1900,1766.0,
ESP,1901,1953.0,
ESP,1902,1897.0,
ESP,1903,2237.0,
ESP,1904,2091.0,
ESP,1905,2197.0,
ESP,1906,2328.0,
ESP,1907,2405.0,
ESP,1908,2307.0,
ESP,1909,2327.0,
ESP,1910,2623.0,
ESP,1911,2446.0,
ESP,1912,2683.0,
ESP,1913,2665.0,
ESP,1914,2374.0,
ESP,1915,1968.0,
ESP,1916,2425.0,
ESP,1917,2496.0,
ESP,1918,2690.0,
ESP,1919,2952.0,
ESP,1920,5464.0,
ESP,1921,3746.0,3.0
ESP,1922,3558.0,1.0
ESP,1923,3873.0,1.0
ESP,1924,4236.0,
ESP,1925,4350.0,2.0
ESP,1926,4810.0,1.0
ESP,1927,4860.0,5.0
ESP,1928,5040.0,1.0
ESP,1929,5210.0,5.0
ESP,1930,4920.0,1.0
ESP,1931,4019.0,
ESP,1932,3995.0,2.0
ESP,1933,3827.0,
ESP,1934,3663.0,
ESP,1935,,3.0
ESP,1936,,1.0
ESP,1937,622.0,
ESP,1938,,1.0
ESP,1944,,1.0
ESP,1946,,10.0
ESP,1947,5236.0,1.0
ESP,1948,4978.0,3.0
ESP,1949,4577.0,1.0
ESP,1950,4905.0,2.0
ESP,1951,5235.0,4.0
ESP,1952,5838.0,1.0
ESP,1953,5926.0,
ESP,1954,6361.0,6.0
ESP,1955,6552.0,1.0
ESP,1956,6904.0,3.0
ESP,1957,6615.0,2.0
ESP,1958,5600.0,5.0
ESP,1959,,5.0
ESP,1960,7300.0,3.0
ESP,1961,9652.0,2.0
ESP,1962,10509.0,4.0
ESP,1963,11139.0,5.0
ESP,1964,12766.0,10.0
ESP,1965,13630.0,4099.0
ESP,1966,13766.0,5505.0
ESP,1967,13722.0,4285.0
ESP,1968,13180.0,3812.0
ESP,1969,13080.0,3402.0
ESP,1970,11810.0,2984.0
ESP,1971,11562.0,2770.0
ESP,1972,11753.0,2496.0
ESP,1973,11664.0,2153.0
ESP,1974,11542.0,2071.0
ESP,1975,10522.0,1926.0
ESP,1976,10784.0,1776.0
ESP,1977,10903.0,1874.0
ESP,1978,10868.0,1825.0
ESP,1979,10859.0,1915.0
EST,1928,,1.0
ETH,1958,,1.0
ETH,1967,,1.0
EUR,1978,3598.0,
EUR,1979,11284.0,
FIN,1920,899.0,
FIN,1921,648.0,
FIN,1922,654.0,
FIN,1923,736.0,
FIN,1924,776.0,
FIN,1925,859.0,1.0
FIN,1926,780.0,
FIN,1927,828.0,
FIN,1928,980.0,
FIN,1929,1048.0,
FIN,1930,1018.0,1.0
FIN,1931,1003.0,
FIN,1932,973.0,
FIN,1933,1000.0,
FIN,1934,1064.0,
FIN,1935,1163.0,
FIN,1936,1299.0,
FIN,1937,1384.0,
FIN,1938,1464.0,1.0
FIN,1939,1289.0,4.0
FIN,1940,973.0,
FIN,1941,1226.0,
FIN,1942,1447.0,
FIN,1943,1680.0,
FIN,1944,1337.0,
FIN,1945,1585.0,
FIN,1946,1862.0,
FIN,1947,2080.0,
FIN,1948,1679.0,1.0
FIN,1949,1951.0,
FIN,1950,1797.0,2.0
FIN,1951,1594.0,
FIN,1952,1848.0,
FIN,1953,2078.0,
FIN,1954,1975.0,
FIN,1955,1942.0,
FIN,1956,1910.0,1.0
FIN,1957,1984.0,
FIN,1958,2106.0,1.0
FIN,1959,2167.0,
FIN,1960,2158.0,
FIN,1961,2312.0,
FIN,1962,2344.0,2.0
FIN,1963,2596.0,689.0
FIN,1964,2801.0,726.0
FIN,1965,3145.0,822.0
FIN,1966,3508.0,875.0
FIN,1967,3532.0,928.0
FIN,1968,3779.0,958.0
FIN,1969,3803.0,889.0
FIN,1970,3528.0,861.0
FIN,1971,3771.0,940.0
FIN,1972,3723.0,945.0
FIN,1973,4042.0,999.0
FIN,1974,3818.0,988.0
FIN,1975,3761.0,1169.0
FIN,1976,3783.0,1270.0
FIN,1977,3991.0,1243.0
FIN,1978,4059.0,1332.0
FIN,1979,4095.0,1386.0
FJI,1971,25.0,
FJI,1972,17.0,
FJI,1973,13.0,
FJI,1974,22.0,1.0
FJI,1975,21.0,1.0
FJI,1976,18.0,
FJI,1977,18.0,1.0
FJI,1978,15.0,3.0
FJI,1979,30.0,1.0
FRA,1885,8917.0,
FRA,1886,9289.0,
FRA,1887,9111.0,
FRA,1888,8848.0,
FRA,1889,9446.0,
FRA,1890,9211.0,
FRA,1891,9546.0,
FRA,1892,10182.0,
FRA,1893,10162.0,
FRA,1894,10792.0,
FRA,1895,10549.0,
FRA,1896,11820.0,
FRA,1897,13007.0,
FRA,1898,12807.0,
FRA,1899,13114.0,
FRA,1900,12789.0,
FRA,1901,12493.0,
FRA,1902,12565.0,
FRA,1903,13062.0,
FRA,1904,13293.0,7023.0
FRA,1905,13700.0,
FRA,1906,14217.0,
FRA,1907,14282.0,
FRA,1908,14893.0,
FRA,1909,15236.0,
FRA,1910,15966.0,
FRA,1911,16250.0,
FRA,1912,16834.0,
FRA,1913,16696.0,
FRA,1914,11688.0,
FRA,1915,7648.0,
FRA,1916,9000.0,
FRA,1917,11188.0,
FRA,1918,11907.0,
FRA,1919,17627.0,
FRA,1920,19627.0,
FRA,1921,19462.0,38.0
FRA,1922,17719.0,23.0
FRA,1923,17491.0,33.0
FRA,1924,18960.0,39.0
FRA,1925,19896.0,26.0
FRA,1926,20939.0,49.0
FRA,1927,23067.0,36.0
FRA,1928,23014.0,43.0
FRA,1929,23327.0,39.0
FRA,1930,24280.0,34.0
FRA,1931,23664.0,28.0
FRA,1932,20360.0,17.0
FRA,1933,19631.0,1.0
FRA,1934,20026.0,2.0
FRA,1935,19066.0,6.0
FRA,1936,17698.0,5.0
FRA,1937,17246.0,13.0
FRA,1938,18031.0,16.0
FRA,1939,15767.0,23.0
FRA,1940,7826.0,4.0
FRA,1941,11085.0,1.0
FRA,1942,14196.0,7.0
FRA,1943,14354.0,5.0
FRA,1944,11983.0,10.0
FRA,1945,14856.0,4.0
FRA,1946,23724.0,23.0
FRA,1947,24768.0,23.0
FRA,1948,22600.0,8.0
FRA,1949,22441.0,6.0
FRA,1950,23803.0,16.0
FRA,1951,24377.0,15.0
FRA,1952,24198.0,19.0
FRA,1953,25861.0,14.0
FRA,1954,27823.0,30.0
FRA,1955,29051.0,33.0
FRA,1956,29047.0,41.0
FRA,1957,29512.0,46.0
FRA,1958,31448.0,39.0
FRA,1959,35315.0,44.0
FRA,1960,36446.0,54.0
FRA,1961,38310.0,56.0
FRA,1962,40063.0,86.0
FRA,1963,42449.0,15912.0
FRA,1964,45286.0,16735.0
FRA,1965,47793.0,17594.0
FRA,1966,49486.0,17562.0
FRA,1967,49341.0,17453.0
FRA,1968,53656.0,17655.0
FRA,1969,45393.0,13102.0
FRA,1970,47283.0,14241.0
FRA,1971,47971.0,15062.0
FRA,1972,47230.0,14926.0
FRA,1973,47234.0,13609.0
FRA,1974,43633.0,12832.0
FRA,1975,40437.0,12261.0
FRA,1976,39890.0,11650.0
FRA,1977,39978.0,11944.0
FRA,1978,37137.0,11596.0
FRA,1979,32174.0,11474.0
GBR,1883,5993.0,
GBR,1884,17110.0,12356.0
GBR,1885,16101.0,11254.0
GBR,1886,17176.0,12049.0
GBR,1887,18051.0,12618.0
GBR,1888,19103.0,13598.0
GBR,1889,21008.0,14598.0
GBR,1890,21307.0,14003.0
GBR,1891,22888.0,15484.0
GBR,1892,24171.0,16274.0
GBR,1893,25120.0,17075.0
GBR,1894,25386.0,17319.0
GBR,1895,25065.0,16474.0
GBR,1896,30194.0,20263.0
GBR,1897,30958.0,19904.0
GBR,1898,27659.0,17389.0
GBR,1899,25786.0,15340.0
GBR,1900,23922.0,13775.0
GBR,1901,26777.0,16088.0
GBR,1902,28976.0,17627.0
GBR,1903,28832.0,17820.0
GBR,1904,29678.0,18116.0
GBR,1905,27478.0,17397.0
GBR,1906,30002.0,18547.0
GBR,1907,29040.0,17380.0
GBR,1908,28598.0,17907.0
GBR,1909,30603.0,19878.0
GBR,1910,30338.0,19491.0
GBR,1911,29353.0,18181.0
GBR,1912,30089.0,18649.0
GBR,1913,30077.0,18913.0
GBR,1914,24820.0,15798.0
GBR,1915,18191.0,
GBR,1916,18602.0,
GBR,1917,19285.0,
GBR,1918,21389.0,
GBR,1919,32853.0,
GBR,1920,36672.0,
GBR,1921,35132.0,26172.0
GBR,1922,35494.0,27444.0
GBR,1923,32621.0,24596.0
GBR,1924,31370.0,13.0
GBR,1925,33003.0,25.0
GBR,1926,33080.0,20.0
GBR,1927,35469.0,23404.0
GBR,1928,33556.0,24948.0
GBR,1929,39898.0,24224.0
GBR,1930,39359.0,25062.0
GBR,1931,36117.0,23014.0
GBR,1932,37052.0,25176.0
GBR,1933,36734.0,24330.0
GBR,1934,37409.0,4.0
GBR,1935,36116.0,7.0
GBR,1936,35867.0,21087.0
GBR,1937,36266.0,6.0
GBR,1938,37973.0,24.0
GBR,1939,33109.0,6.0
GBR,1940,18254.0,3.0
GBR,1941,16847.0,3.0
GBR,1942,18642.0,
GBR,1943,21944.0,
GBR,1944,26200.0,
GBR,1945,35332.0,
GBR,1946,38181.0,50.0
GBR,1947,35378.0,36.0
GBR,1948,33626.0,12.0
GBR,1949,33347.0,21.0
GBR,1950,31686.0,19.0
GBR,1951,30513.0,12.0
GBR,1952,33142.0,15.0
GBR,1953,36401.0,25.0
GBR,1954,37871.0,49.0
GBR,1955,37551.0,18.0
GBR,1956,39730.0,29.0
GBR,1957,40498.0,21.0
GBR,1958,42277.0,45.0
GBR,1959,44495.0,34.0
GBR,1960,44914.0,41.0
GBR,1961,46811.0,37.0
GBR,1962,49187.0,43.0
GBR,1963,51468.0,24382.0
GBR,1964,53104.0,24021.0
GBR,1965,55507.0,24330.0
GBR,1966,47079.0,14272.0
GBR,1967,59290.0,25864.0
GBR,1968,61995.0,26807.0
GBR,1969,63614.0,25994.0
GBR,1970,62101.0,25294.0
GBR,1971,61078.0,24858.0
GBR,1972,60281.0,24429.0
GBR,1973,60312.0,22559.0
GBR,1974,56250.0,20634.0
GBR,1975,53400.0,20920.0
GBR,1976,54561.0,21888.0
GBR,1977,54423.0,21189.0
GBR,1978,50324.0,19466.0
GBR,1979,44666.0,19549.0
GHA,1963,82.0,
GHA,1964,69.0,
GHA,1965,75.0,
GHA,1966,78.0,
GHA,1967,79.0,
GHA,1968,64.0,
GHA,1969,69.0,
GHA,1970,80.0,
GHA,1971,98.0,
GHA,1972,61.0,
GHA,1973,48.0,
GHA,1974,50.0,
GHA,1975,52.0,
GHA,1976,45.0,
GHA,1977,75.0,
GHA,1978,39.0,
GHA,1979,37.0,
GIN,1975,,1.0
GMB,1971,16.0,
GMB,1972,12.0,
GMB,1974,17.0,
GRC,1920,10.0,9.0
GRC,1921,167.0,40.0
GRC,1922,128.0,29.0
GRC,1923,133.0,45.0
GRC,1924,245.0,113.0
GRC,1925,276.0,108.0
GRC,1926,307.0,118.0
GRC,1927,302.0,128.0
GRC,1928,392.0,172.0
GRC,1929,495.0,204.0
GRC,1930,475.0,207.0
GRC,1931,410.0,209.0
GRC,1932,487.0,342.0
GRC,1933,68.0,65.0
GRC,1934,43.0,29.0
GRC,1935,286.0,210.0
GRC,1936,329.0,233.0
GRC,1937,791.0,606.0
GRC,1938,875.0,620.0
GRC,1939,774.0,563.0
GRC,1940,652.0,515.0
GRC,1941,346.0,231.0
GRC,1942,250.0,175.0
GRC,1943,187.0,134.0
GRC,1944,118.0,77.0
GRC,1945,256.0,230.0
GRC,1946,437.0,265.0
GRC,1947,531.0,287.0
GRC,1948,349.0,265.0
GRC,1949,394.0,310.0
GRC,1950,497.0,341.0
GRC,1951,599.0,406.0
GRC,1952,725.0,481.0
GRC,1953,868.0,624.0
GRC,1954,1002.0,661.0
GRC,1955,848.0,558.0
GRC,1956,779.0,458.0
GRC,1957,883.0,551.0
GRC,1958,996.0,567.0
GRC,1959,1189.0,722.0
GRC,1960,1245.0,694.0
GRC,1961,1288.0,679.0
GRC,1962,1571.0,845.0
GRC,1963,1714.0,731.0
GRC,1964,1801.0,845.0
GRC,1965,1924.0,881.0
GRC,1966,2160.0,954.0
GRC,1967,2196.0,1008.0
GRC,1968,2465.0,1317.0
GRC,1969,2751.0,1462.0
GRC,1970,2578.0,1381.0
GRC,1971,2669.0,1406.0
GRC,1972,2856.0,1481.0
GRC,1973,2713.0,1317.0
GRC,1974,2770.0,1426.0
GRC,1975,2719.0,1457.0
GRC,1976,2608.0,1334.0
GRC,1977,2427.0,1288.0
GRC,1978,2760.0,1510.0
GRC,1979,2724.0,1346.0
GRD,1979,22.0,
GTM,1963,116.0,74.0
GTM,1964,211.0,50.0
GTM,1965,233.0,24.0
GTM,1966,148.0,20.0
GTM,1967,239.0,18.0
GTM,1968,260.0,21.0
GTM,1969,217.0,23.0
GTM,1970,250.0,50.0
GTM,1971,276.0,45.0
GTM,1972,233.0,57.0
GTM,1973,235.0,43.0
GTM,1974,225.0,49.0
GTM,1975,225.0,62.0
GTM,1976,183.0,41.0
HKG,1969,,2.0
HKG,1974,,1.0
HKG,1975,,1.0
HKG,1976,,1.0
HKG,1977,,1.0
HKG,1979,,2.0
HND,1971,65.0,6.0
HND,1972,81.0,2.0
HND,1973,59.0,2.0
HND,1974,14.0,1.0
HND,1976,204.0,26.0
HND,1977,24.0,5.0
HND,1978,66.0,11.0
HND,1979,27.0,
HTI,1963,20.0,1.0
HTI,1964,28.0,3.0
HTI,1976,10.0,1.0
HTI,1977,25.0,1.0
HTI,1978,16.0,9.0
HUN,1894,2525.0,
HUN,1895,2936.0,
HUN,1896,3208.0,
HUN,1897,3628.0,
HUN,1898,3903.0,
HUN,1899,3828.0,
HUN,1900,3511.0,
HUN,1901,3561.0,
HUN,1902,3526.0,
HUN,1903,3278.0,
HUN,1904,3289.0,
HUN,1905,3445.0,
HUN,1906,4013.0,
HUN,1907,4033.0,
HUN,1908,4126.0,
HUN,1909,4870.0,
HUN,1910,5029.0,
HUN,1911,5627.0,
HUN,1912,5446.0,
HUN,1913,5686.0,
HUN,1914,4386.0,
HUN,1915,2634.0,
HUN,1916,3251.0,
HUN,1917,3583.0,
HUN,1918,4511.0,
HUN,1919,1870.0,
HUN,1920,4109.0,
HUN,1921,3713.0,1.0
HUN,1922,3143.0,
HUN,1923,2952.0,2.0
HUN,1924,2804.0,3.0
HUN,1925,2730.0,6.0
HUN,1926,2914.0,4.0
HUN,1927,3370.0,7.0
HUN,1928,3921.0,5.0
HUN,1929,4202.0,5.0
HUN,1930,4338.0,6.0
HUN,1931,3700.0,10.0
HUN,1932,3653.0,11.0
HUN,1933,3944.0,1.0
HUN,1934,4144.0,
HUN,1935,4447.0,
HUN,1936,4615.0,1.0
HUN,1937,4691.0,6.0
HUN,1938,4493.0,6.0
HUN,1939,5029.0,10.0
HUN,1940,3324.0,8.0
HUN,1941,4656.0,
HUN,1942,5585.0,1.0
HUN,1943,5516.0,1.0
HUN,1945,685.0,
HUN,1946,1299.0,
HUN,1947,2250.0,
HUN,1948,1974.0,
HUN,1949,1988.0,
HUN,1953,2066.0,
HUN,1954,2694.0,
HUN,1955,3060.0,
HUN,1956,3343.0,1.0
HUN,1957,2672.0,2.0
HUN,1958,2384.0,4.0
HUN,1959,2551.0,1.0
HUN,1960,2452.0,6.0
HUN,1961,2512.0,5.0
HUN,1962,2017.0,7.0
HUN,1963,2029.0,1561.0
HUN,1964,2046.0,1363.0
HUN,1965,2358.0,1442.0
HUN,1966,2663.0,1454.0
HUN,1967,2831.0,1437.0
HUN,1968,3217.0,1560.0
HUN,1969,3440.0,1530.0
HUN,1970,3222.0,1249.0
HUN,1971,3302.0,1226.0
HUN,1972,3492.0,1356.0
HUN,1973,3405.0,1182.0
HUN,1974,3217.0,1202.0
HUN,1975,2954.0,1108.0
HUN,1976,2677.0,1157.0
HUN,1977,2608.0,1154.0
HUN,1978,2819.0,1287.0
HUN,1979,3017.0,1370.0
IDN,1955,614.0,
IDN,1956,182.0,
IDN,1957,201.0,1.0
IDN,1958,140.0,
IDN,1959,185.0,
IDN,1960,191.0,
IDN,1961,173.0,
IDN,1962,179.0,
IDN,1963,158.0,3.0
IDN,1965,125.0,10.0
IDN,1966,140.0,8.0
IDN,1968,185.0,7.0
IDN,1969,270.0,4.0
IDN,1970,280.0,4.0
IDN,1971,333.0,8.0
IDN,1973,491.0,5.0
IDN,1974,519.0,1.0
IDN,1975,497.0,3.0
IDN,1976,467.0,3.0
IDN,1977,399.0,2.0
IDN,1978,472.0,9.0
IDN,1979,477.0,12.0
IND,1889,336.0,
IND,1890,319.0,
IND,1891,347.0,33.0
IND,1892,336.0,22.0
IND,1893,375.0,22.0
IND,1894,375.0,32.0
IND,1895,417.0,179.0
IND,1896,460.0,173.0
IND,1897,451.0,157.0
IND,1898,481.0,171.0
IND,1899,481.0,145.0
IND,1901,407.0,
IND,1902,524.0,197.0
IND,1907,615.0,
IND,1919,1039.0,313.0
IND,1920,1337.0,296.0
IND,1921,1268.0,329.0
IND,1922,1117.0,285.0
IND,1923,1065.0,255.0
IND,1924,1015.0,254.0
IND,1925,1000.0,196.0
IND,1926,894.0,185.0
IND,1927,1052.0,242.0
IND,1928,1274.0,241.0
IND,1929,1392.0,231.0
IND,1930,1099.0,212.0
IND,1931,940.0,208.0
IND,1932,928.0,269.0
IND,1933,954.0,295.0
IND,1934,1007.0,341.0
IND,1935,980.0,253.0
IND,1936,1068.0,275.0
IND,1937,746.0,304.0
IND,1938,1243.0,313.0
IND,1939,1060.0,317.0
IND,1940,741.0,274.0
IND,1941,755.0,279.0
IND,1942,681.0,252.0
IND,1943,1097.0,316.0
IND,1944,1527.0,314.0
IND,1945,1989.0,357.0
IND,1946,2610.0,355.0
IND,1947,2370.0,267.0
IND,1948,1921.0,361.0
IND,1949,1725.0,399.0
IND,1950,1851.0,399.0
IND,1951,2108.0,464.0
IND,1952,2272.0,519.0
IND,1953,2235.0,461.0
IND,1954,2497.0,454.0
IND,1955,2736.0,446.0
IND,1956,3067.0,540.0
IND,1957,3456.0,609.0
IND,1958,3572.0,602.0
IND,1959,3965.0,726.0
IND,1960,4503.0,722.0
IND,1961,5289.0,774.0
IND,1963,5676.0,878.0
IND,1964,5701.0,904.0
IND,1965,6002.0,948.0
IND,1966,5429.0,894.0
IND,1967,5190.0,1126.0
IND,1968,5358.0,1218.0
IND,1969,5446.0,1288.0
IND,1970,5142.0,1278.0
IND,1971,4345.0,1417.0
IND,1972,3695.0,1322.0
IND,1973,3490.0,1118.0
IND,1974,3533.0,1268.0
IND,1975,3039.0,1122.0
IND,1976,3093.0,1324.0
IND,1977,2888.0,1187.0
IND,1978,2972.0,1174.0
IND,1979,2910.0,1053.0
IRL,1925,,1.0
IRL,1927,2258.0,
IRL,1928,5003.0,
IRL,1929,1980.0,
IRL,1930,1267.0,
IRL,1931,957.0,
IRL,1932,475.0,1.0
IRL,1933,545.0,
IRL,1934,589.0,
IRL,1935,530.0,
IRL,1936,626.0,
IRL,1937,658.0,
IRL,1938,629.0,
IRL,1939,554.0,
IRL,1940,306.0,
IRL,1941,366.0,
IRL,1942,360.0,
IRL,1943,330.0,
IRL,1944,377.0,
IRL,1945,481.0,
IRL,1946,876.0,
IRL,1947,981.0,
IRL,1948,832.0,
IRL,1949,651.0,
IRL,1950,580.0,
IRL,1951,689.0,
IRL,1952,659.0,
IRL,1953,703.0,
IRL,1954,704.0,
IRL,1955,579.0,
IRL,1956,604.0,1.0
IRL,1957,650.0,
IRL,1958,768.0,2.0
IRL,1959,837.0,
IRL,1960,949.0,
IRL,1961,1055.0,
IRL,1962,1115.0,1.0
IRL,1963,1281.0,99.0
IRL,1964,1317.0,118.0
IRL,1965,1363.0,157.0
IRL,1966,1511.0,131.0
IRL,1967,1593.0,153.0
IRL,1968,1595.0,168.0
IRL,1969,1735.0,195.0
IRL,1970,1662.0,206.0
IRL,1971,1666.0,220.0
IRL,1972,1807.0,251.0
IRL,1973,2352.0,264.0
IRL,1974,2679.0,266.0
IRL,1975,2844.0,339.0
IRL,1976,2865.0,366.0
IRL,1977,2667.0,350.0
IRL,1978,2583.0,333.0
IRL,1979,2533.0,352.0
IRN,1959,390.0,
IRN,1960,322.0,
IRN,1961,390.0,
IRN,1962,397.0,
IRN,1963,356.0,80.0
IRN,1964,488.0,80.0
IRN,1965,542.0,77.0
IRN,1966,579.0,87.0
IRN,1967,692.0,76.0
IRN,1968,719.0,79.0
IRN,1969,843.0,82.0
IRN,1970,798.0,88.0
IRN,1971,721.0,94.0
IRN,1972,797.0,116.0
IRN,1973,884.0,100.0
IRN,1974,1413.0,130.0
IRN,1975,3048.0,103.0
IRN,1976,2056.0,119.0
IRN,1977,1819.0,132.0
IRN,1978,1781.0,114.0
IRN,1979,820.0,64.0
IRQ,1963,151.0,9.0
IRQ,1964,163.0,131.0
IRQ,1965,191.0,129.0
IRQ,1967,176.0,9.0
IRQ,1968,196.0,23.0
IRQ,1969,129.0,16.0
IRQ,1970,123.0,31.0
IRQ,1971,211.0,12.0
IRQ,1972,262.0,33.0
IRQ,1973,117.0,42.0
IRQ,1974,136.0,29.0
IRQ,1975,182.0,9.0
IRQ,1976,201.0,32.0
IRQ,1977,121.0,5.0
IRQ,1978,185.0,28.0
IRQ,1979,220.0,37.0
ISL,1963,61.0,8.0
ISL,1964,67.0,15.0
ISL,1966,88.0,17.0
ISL,1967,95.0,17.0
ISL,1968,100.0,18.0
ISL,1969,82.0,26.0
ISL,1970,78.0,19.0
ISL,1971,76.0,11.0
ISL,1972,81.0,17.0
ISL,1973,54.0,11.0
ISL,1974,68.0,13.0
ISL,1975,48.0,14.0
ISL,1976,62.0,14.0
ISL,1977,54.0,13.0
ISL,1978,53.0,10.0
ISL,1979,54.0,10.0
ISR,1946,,1.0
ISR,1949,627.0,1.0
ISR,1950,600.0,2.0
ISR,1951,674.0,
ISR,1952,705.0,
ISR,1953,664.0,1.0
ISR,1954,698.0,
ISR,1955,738.0,1.0
ISR,1956,853.0,4.0
ISR,1957,900.0,2.0
ISR,1958,1099.0,
ISR,1959,1252.0,1.0
ISR,1960,1514.0,2.0
ISR,1961,1696.0,5.0
ISR,1962,1927.0,10.0
ISR,1963,2059.0,458.0
ISR,1964,2168.0,442.0
ISR,1965,2197.0,416.0
ISR,1966,2289.0,400.0
ISR,1967,2056.0,294.0
ISR,1968,2106.0,294.0
ISR,1969,2291.0,235.0
ISR,1970,2295.0,248.0
ISR,1971,2545.0,391.0
ISR,1972,2725.0,400.0
ISR,1973,2723.0,378.0
ISR,1974,2438.0,348.0
ISR,1975,2398.0,490.0
ISR,1976,2424.0,567.0
ISR,1977,2529.0,514.0
ISR,1978,2621.0,633.0
ISR,1979,2715.0,605.0
ITA,1884,1350.0,
ITA,1885,1540.0,
ITA,1886,1795.0,
ITA,1887,1971.0,
ITA,1888,1866.0,
ITA,1889,2049.0,
ITA,1890,2152.0,
ITA,1891,2163.0,
ITA,1892,2248.0,
ITA,1893,2219.0,
ITA,1894,2460.0,
ITA,1895,2573.0,
ITA,1896,3015.0,
ITA,1897,3295.0,
ITA,1898,3424.0,
ITA,1899,3887.0,
ITA,1900,4033.0,
ITA,1901,4021.0,
ITA,1902,3930.0,
ITA,1903,4298.0,
ITA,1904,4445.0,
ITA,1905,5455.0,
ITA,1906,6100.0,
ITA,1907,6907.0,
ITA,1908,6705.0,
ITA,1909,6842.0,
ITA,1910,7473.0,
ITA,1911,8081.0,
ITA,1912,8236.0,
ITA,1913,8738.0,
ITA,1914,7575.0,
ITA,1915,5380.0,
ITA,1916,5514.0,
ITA,1917,6339.0,
ITA,1918,7155.0,
ITA,1919,10055.0,
ITA,1920,13107.0,
ITA,1921,11862.0,6.0
ITA,1922,10314.0,15.0
ITA,1923,10248.0,3.0
ITA,1924,9073.0,11.0
ITA,1925,9702.0,29.0
ITA,1926,10240.0,6.0
ITA,1927,10647.0,11.0
ITA,1928,11578.0,22.0
ITA,1929,11719.0,26.0
ITA,1930,11432.0,28.0
ITA,1931,10223.0,23.0
ITA,1932,9278.0,16.0
ITA,1933,9996.0,
ITA,1934,9803.0,
ITA,1935,8903.0,8.0
ITA,1936,9089.0,5.0
ITA,1937,10590.0,8.0
ITA,1938,12093.0,25.0
ITA,1939,11097.0,15.0
ITA,1940,10024.0,11.0
ITA,1941,9370.0,9.0
ITA,1942,,12.0
ITA,1943,,5.0
ITA,1944,5981.0,2.0
ITA,1945,6386.0,
ITA,1946,11850.0,5.0
ITA,1947,11756.0,11.0
ITA,1948,11551.0,11.0
ITA,1949,12337.0,12.0
ITA,1950,14347.0,13.0
ITA,1951,14337.0,35.0
ITA,1952,15797.0,33.0
ITA,1953,17096.0,31.0
ITA,1954,17416.0,28.0
ITA,1955,18494.0,34.0
ITA,1956,19300.0,38.0
ITA,1957,18759.0,7565.0
ITA,1958,19476.0,7473.0
ITA,1959,21867.0,7767.0
ITA,1960,22667.0,7291.0
ITA,1961,23606.0,78.0
ITA,1962,25763.0,106.0
ITA,1963,25813.0,7040.0
ITA,1964,28169.0,102.0
ITA,1965,29308.0,95.0
ITA,1966,30249.0,7744.0
ITA,1967,29590.0,7374.0
ITA,1968,31756.0,7703.0
ITA,1969,33129.0,7358.0
ITA,1970,31828.0,7355.0
ITA,1971,30826.0,7343.0
ITA,1972,31125.0,7161.0
ITA,1973,28391.0,5900.0
ITA,1974,26896.0,5587.0
ITA,1975,24105.0,6235.0
ITA,1976,24192.0,122.0
ITA,1977,24199.0,109.0
ITA,1978,24845.0,116.0
ITA,1979,19169.0,141.0
JAM,1963,98.0,77.0
JAM,1965,127.0,114.0
JAM,1971,,1.0
JAM,1972,152.0,7.0
JAM,1973,157.0,4.0
JAM,1974,119.0,2.0
JAM,1975,92.0,2.0
JAM,1976,104.0,6.0
JAM,1977,62.0,9.0
JAM,1978,84.0,10.0
JAM,1979,73.0,6.0
JOR,1963,26.0,1.0
JOR,1965,62.0,
JOR,1966,50.0,
JOR,1967,36.0,
JOR,1968,49.0,
JOR,1969,23.0,1.0
JOR,1971,35.0,
JOR,1972,29.0,3.0
JOR,1973,43.0,5.0
JOR,1974,60.0,1.0
JOR,1975,70.0,
JOR,1976,30.0,2.0
JOR,1977,35.0,1.0
JOR,1979,49.0,
JPN,1885,425.0,
JPN,1886,1384.0,
JPN,1887,906.0,
JPN,1888,778.0,
JPN,1889,1064.0,
JPN,1890,1180.0,
JPN,1891,1288.0,
JPN,1892,1344.0,
JPN,1893,1337.0,
JPN,1894,1250.0,
JPN,1895,1122.0,
JPN,1896,1213.0,
JPN,1897,1542.0,
JPN,1898,1789.0,
JPN,1899,1515.0,
JPN,1900,2006.0,
JPN,1901,2397.0,
JPN,1902,3095.0,
JPN,1903,3253.0,
JPN,1904,2618.0,
JPN,1905,2897.0,
JPN,1906,4509.0,
JPN,1907,4754.0,
JPN,1908,5393.0,
JPN,1909,6210.0,
JPN,1910,5964.0,
JPN,1911,6205.0,
JPN,1912,7168.0,
JPN,1913,7359.0,
JPN,1914,6490.0,
JPN,1915,6359.0,
JPN,1916,6383.0,
JPN,1917,6483.0,
JPN,1918,7383.0,
JPN,1919,9883.0,
JPN,1920,11017.0,
JPN,1921,12026.0,
JPN,1922,9886.0,
JPN,1923,7969.0,6672.0
JPN,1924,9894.0,8148.0
JPN,1925,12680.0,10842.0
JPN,1926,12495.0,10617.0
JPN,1927,12607.0,10284.0
JPN,1928,13059.0,10357.0
JPN,1929,14296.0,11328.0
JPN,1930,15430.0,12568.0
JPN,1931,15183.0,12872.0
JPN,1932,13878.0,12176.0
JPN,1933,13904.0,12110.0
JPN,1934,14722.0,12822.0
JPN,1935,16645.0,14758.0
JPN,1936,18511.0,16132.0
JPN,1937,17381.0,
JPN,1938,18211.0,
JPN,1939,18349.0,
JPN,1940,19827.0,
JPN,1941,19997.0,
JPN,1942,16359.0,
JPN,1943,17108.0,
JPN,1944,12578.0,
JPN,1945,4258.0,
JPN,1946,8136.0,
JPN,1947,9260.0,
JPN,1948,11582.0,
JPN,1949,14266.0,
JPN,1950,16896.0,
JPN,1951,17764.0,1.0
JPN,1952,20877.0,
JPN,1953,24575.0,
JPN,1954,29369.0,
JPN,1955,34508.0,
JPN,1956,33245.0,
JPN,1957,33188.0,1.0
JPN,1958,38518.0,3.0
JPN,1959,41537.0,
JPN,1960,43484.0,2.0
JPN,1961,48417.0,7.0
JPN,1962,60127.0,4.0
JPN,1963,71790.0,53885.0
JPN,1964,74980.0,55566.0
JPN,1965,81923.0,60806.0
JPN,1966,86046.0,62970.0
JPN,1967,85364.0,61735.0
JPN,1968,96710.0,71125.0
JPN,1969,105586.0,77154.0
JPN,1970,130831.0,100533.0
JPN,1971,105785.0,78444.0
JPN,1972,130400.0,101352.0
JPN,1973,144814.0,115262.0
JPN,1974,149319.0,121541.0
JPN,1975,159821.0,135153.0
JPN,1976,161016.0,135782.0
JPN,1977,161006.0,136023.0
JPN,1978,166092.0,141561.0
JPN,1979,174569.0,150648.0
KEN,1952,,1.0
KEN,1965,90.0,
KEN,1966,94.0,1.0
KEN,1967,104.0,
KEN,1968,89.0,
KEN,1969,161.0,
KEN,1970,102.0,
KEN,1971,123.0,1.0
KEN,1972,131.0,2.0
KEN,1973,121.0,1.0
KEN,1974,126.0,
KEN,1975,101.0,
KEN,1976,93.0,
KEN,1977,122.0,
KEN,1978,101.0,
KEN,1979,99.0,
KHM,1970,17.0,
KHM,1971,22.0,
KHM,1972,24.0,1.0
KHM,1973,20.0,2.0
KOR,1947,236.0,236.0
KOR,1948,169.0,169.0
KOR,1949,233.0,233.0
KOR,1950,126.0,126.0
KOR,1951,30.0,30.0
KOR,1952,91.0,91.0
KOR,1953,76.0,68.0
KOR,1954,132.0,127.0
KOR,1955,156.0,144.0
KOR,1956,287.0,275.0
KOR,1957,469.0,443.0
KOR,1958,555.0,510.0
KOR,1959,703.0,634.0
KOR,1960,611.0,545.0
KOR,1961,858.0,800.0
KOR,1962,782.0,714.0
KOR,1963,2558.0,2455.0
KOR,1964,908.0,744.0
KOR,1965,1177.0,1018.0
KOR,1966,1060.0,883.0
KOR,1967,1177.0,855.0
KOR,1968,1463.0,1086.0
KOR,1969,1701.0,1157.0
KOR,1970,1846.0,1202.0
KOR,1971,1906.0,1283.0
KOR,1972,1995.0,1377.0
KOR,1973,2398.0,1622.0
KOR,1974,4455.0,1093.0
KOR,1975,2914.0,1326.0
KOR,1976,3261.0,1437.0
KOR,1977,3139.0,1178.0
KOR,1978,4015.0,990.0
KOR,1979,4722.0,1034.0
KWT,1971,30.0,
KWT,1972,87.0,2.0
KWT,1973,111.0,5.0
KWT,1974,115.0,4.0
LAO,1964,10.0,
LAO,1965,22.0,
LAO,1969,28.0,
LAO,1970,4.0,
LAO,1971,8.0,
LAO,1972,13.0,1.0
LAO,1973,5.0,1.0
LAO,1974,13.0,
LBN,1947,86.0,1.0
LBN,1948,47.0,
LBN,1949,55.0,
LBN,1950,62.0,
LBN,1951,77.0,
LBN,1952,74.0,
LBN,1953,64.0,
LBN,1954,78.0,
LBN,1955,102.0,
LBN,1956,108.0,
LBN,1957,113.0,
LBN,1958,115.0,
LBN,1959,145.0,
LBN,1960,136.0,
LBN,1961,133.0,
LBN,1962,116.0,
LBN,1963,187.0,52.0
LBN,1964,162.0,34.0
LBN,1965,154.0,36.0
LBN,1966,199.0,47.0
LBN,1967,237.0,71.0
LBN,1968,225.0,40.0
LBN,1969,242.0,53.0
LBN,1970,184.0,29.0
LBN,1971,238.0,47.0
LBN,1972,229.0,48.0
LBN,1973,244.0,49.0
LBN,1974,218.0,32.0
LBN,1975,,2.0
LBN,1979,,1.0
LBY,1954,,2.0
LBY,1964,100.0,1.0
LBY,1965,154.0,2.0
LBY,1966,155.0,2.0
LBY,1967,161.0,
LBY,1968,155.0,2.0
LBY,1969,,2.0
LBY,1973,102.0,2.0
LBY,1974,89.0,3.0
LBY,1975,144.0,6.0
LBY,1978,,2.0
LBY,1979,,1.0
LIE,1937,,3.0
LIE,1947,,4.0
LIE,1950,,5.0
LIE,1951,,2.0
LIE,1952,,7.0
LIE,1953,,3.0
LIE,1954,,6.0
LIE,1955,,4.0
LIE,1957,,5.0
LIE,1958,,8.0
LIE,1959,,4.0
LIE,1960,,4.0
LIE,1961,,7.0
LIE,1962,,1.0
LIE,1963,,11.0
LIE,1964,,10.0
LIE,1965,,10.0
LIE,1966,,7.0
LIE,1967,,9.0
LIE,1968,,9.0
LIE,1969,,9.0
LIE,1970,,6.0
LIE,1971,,6.0
LIE,1972,,7.0
LIE,1973,,14.0
LIE,1974,,10.0
LIE,1975,,15.0
LIE,1976,,11.0
LIE,1977,,11.0
LIE,1978,,8.0
LIE,1979,,9.0
LKA,1947,69.0,
LKA,1949,102.0,
LKA,1950,84.0,
LKA,1952,103.0,
LKA,1953,95.0,
LKA,1954,95.0,
LKA,1955,103.0,
LKA,1956,113.0,
LKA,1957,112.0,
LKA,1958,106.0,
LKA,1960,146.0,
LKA,1961,154.0,
LKA,1962,147.0,
LKA,1963,154.0,33.0
LKA,1964,200.0,25.0
LKA,1965,176.0,20.0
LKA,1966,167.0,24.0
LKA,1967,233.0,45.0
LKA,1968,158.0,15.0
LKA,1969,192.0,26.0
LKA,1970,151.0,33.0
LKA,1971,186.0,53.0
LKA,1972,194.0,49.0
LKA,1973,133.0,43.0
LKA,1974,181.0,48.0
LKA,1975,133.0,34.0
LKA,1976,113.0,33.0
LKA,1977,118.0,36.0
LKA,1978,110.0,29.0
LKA,1979,227.0,53.0
LUX,1914,324.0,
LUX,1921,482.0,
LUX,1922,360.0,
LUX,1923,407.0,
LUX,1924,386.0,
LUX,1925,481.0,
LUX,1926,493.0,
LUX,1927,762.0,
LUX,1928,821.0,
LUX,1929,853.0,
LUX,1930,792.0,2.0
LUX,1931,724.0,
LUX,1932,721.0,
LUX,1933,788.0,
LUX,1934,900.0,
LUX,1935,933.0,1.0
LUX,1936,970.0,
LUX,1937,1317.0,1.0
LUX,1938,1424.0,
LUX,1939,1068.0,4.0
LUX,1941,99.0,
LUX,1942,162.0,
LUX,1944,163.0,
LUX,1945,166.0,
LUX,1946,412.0,
LUX,1947,604.0,
LUX,1948,455.0,
LUX,1949,543.0,
LUX,1950,622.0,
LUX,1951,686.0,76.0
LUX,1952,769.0,111.0
LUX,1953,650.0,89.0
LUX,1954,690.0,62.0
LUX,1955,800.0,70.0
LUX,1956,770.0,68.0
LUX,1957,817.0,58.0
LUX,1958,1065.0,84.0
LUX,1959,1378.0,87.0
LUX,1960,1490.0,93.0
LUX,1961,1426.0,75.0
LUX,1962,1926.0,1.0
LUX,1963,2186.0,57.0
LUX,1964,2562.0,47.0
LUX,1965,2479.0,77.0
LUX,1966,2549.0,58.0
LUX,1967,2462.0,57.0
LUX,1968,2544.0,82.0
LUX,1969,2391.0,86.0
LUX,1970,2228.0,143.0
LUX,1971,2198.0,133.0
LUX,1972,2239.0,122.0
LUX,1973,2318.0,120.0
LUX,1974,2484.0,89.0
LUX,1975,2548.0,108.0
LUX,1976,2384.0,85.0
LUX,1977,2295.0,89.0
LUX,1978,1936.0,112.0
LUX,1979,1298.0,92.0
LVA,1932,,1.0
MAR,1917,29.0,
MAR,1918,58.0,
MAR,1919,51.0,
MAR,1920,154.0,
MAR,1921,155.0,
MAR,1922,130.0,
MAR,1923,146.0,
MAR,1924,111.0,
MAR,1925,111.0,
MAR,1926,137.0,
MAR,1927,137.0,
MAR,1928,184.0,
MAR,1929,253.0,
MAR,1930,225.0,
MAR,1931,216.0,
MAR,1932,217.0,
MAR,1933,226.0,
MAR,1934,178.0,
MAR,1935,143.0,
MAR,1936,153.0,
MAR,1937,155.0,
MAR,1938,129.0,
MAR,1939,96.0,
MAR,1940,173.0,
MAR,1942,308.0,
MAR,1943,54.0,
MAR,1944,63.0,
MAR,1945,296.0,
MAR,1946,400.0,
MAR,1947,630.0,1.0
MAR,1948,469.0,1.0
MAR,1949,513.0,
MAR,1950,658.0,
MAR,1951,726.0,2.0
MAR,1952,654.0,
MAR,1953,614.0,
MAR,1954,574.0,2.0
MAR,1955,511.0,2.0
MAR,1956,433.0,2.0
MAR,1957,391.0,
MAR,1958,410.0,3.0
MAR,1959,397.0,
MAR,1960,402.0,
MAR,1961,372.0,2.0
MAR,1962,346.0,
MAR,1963,349.0,13.0
MAR,1964,357.0,37.0
MAR,1965,404.0,30.0
MAR,1966,378.0,31.0
MAR,1967,449.0,30.0
MAR,1968,405.0,20.0
MAR,1969,379.0,18.0
MAR,1970,385.0,18.0
MAR,1971,324.0,23.0
MAR,1972,354.0,13.0
MAR,1973,345.0,34.0
MAR,1974,365.0,28.0
MAR,1975,335.0,19.0
MAR,1976,385.0,19.0
MAR,1977,383.0,18.0
MAR,1978,377.0,24.0
MAR,1979,391.0,30.0
MCO,1938,,1.0
MCO,1957,50.0,
MCO,1958,68.0,
MCO,1959,78.0,
MCO,1960,93.0,1.0
MCO,1961,92.0,3.0
MCO,1962,57.0,1.0
MCO,1963,61.0,23.0
MCO,1964,61.0,13.0
MCO,1965,74.0,12.0
MCO,1966,64.0,21.0
MCO,1967,76.0,22.0
MCO,1968,55.0,10.0
MCO,1969,87.0,16.0
MCO,1970,67.0,31.0
MCO,1971,36.0,12.0
MCO,1972,59.0,16.0
MCO,1973,55.0,6.0
MCO,1974,46.0,5.0
MCO,1975,46.0,22.0
MCO,1976,51.0,8.0
MCO,1977,51.0,5.0
MCO,1978,77.0,30.0
MCO,1979,67.0,17.0
MDG,1929,,1.0
MEX,1902,629.0,
MEX,1903,863.0,
MEX,1904,839.0,372.0
MEX,1905,1019.0,
MEX,1906,1274.0,
MEX,1907,1254.0,
MEX,1908,1126.0,
MEX,1909,1364.0,
MEX,1910,1236.0,
MEX,1911,1169.0,
MEX,1912,1327.0,
MEX,1915,382.0,
MEX,1916,645.0,
MEX,1917,737.0,
MEX,1918,893.0,
MEX,1919,942.0,
MEX,1920,1197.0,
MEX,1921,1259.0,
MEX,1922,1357.0,
MEX,1924,1281.0,
MEX,1925,1218.0,
MEX,1926,1265.0,
MEX,1928,1488.0,
MEX,1929,1296.0,
MEX,1930,1369.0,
MEX,1931,1161.0,
MEX,1932,1106.0,
MEX,1933,1311.0,
MEX,1934,1354.0,
MEX,1937,1363.0,
MEX,1939,1207.0,
MEX,1940,1106.0,
MEX,1942,1180.0,
MEX,1943,4277.0,
MEX,1944,1499.0,
MEX,1945,1814.0,
MEX,1946,3022.0,
MEX,1947,2098.0,
MEX,1948,1826.0,
MEX,1949,1819.0,
MEX,1950,1876.0,
MEX,1951,2084.0,
MEX,1952,2482.0,
MEX,1953,2639.0,
MEX,1954,2803.0,1.0
MEX,1957,3085.0,
MEX,1960,4113.0,
MEX,1961,4477.0,
MEX,1962,4775.0,
MEX,1963,4861.0,751.0
MEX,1964,2313.0,582.0
MEX,1965,5966.0,849.0
MEX,1966,6532.0,785.0
MEX,1967,7262.0,1454.0
MEX,1968,14927.0,2983.0
MEX,1969,8227.0,823.0
MEX,1970,8046.0,805.0
MEX,1971,6408.0,355.0
MEX,1972,8420.0,513.0
MEX,1973,3853.0,341.0
MEX,1974,2941.0,422.0
MEX,1975,4127.0,286.0
MEX,1976,7792.0,425.0
MEX,1977,3454.0,267.0
MEX,1978,4493.0,818.0
MEX,1979,5174.0,727.0
MLI,1979,8.0,
MLT,1963,24.0,1.0
MLT,1964,18.0,2.0
MLT,1965,35.0,
MLT,1966,23.0,
MLT,1967,38.0,
MLT,1968,55.0,4.0
MLT,1969,43.0,1.0
MLT,1970,43.0,
MLT,1971,31.0,4.0
MLT,1972,23.0,3.0
MLT,1973,23.0,
MLT,1974,18.0,1.0
MLT,1975,17.0,1.0
MLT,1976,16.0,3.0
MLT,1977,14.0,2.0
MLT,1978,16.0,5.0
MLT,1979,19.0,2.0
MUS,1970,5.0,2.0
MUS,1971,3.0,
MUS,1972,39.0,3.0
MUS,1973,35.0,4.0
MUS,1974,23.0,2.0
MUS,1975,18.0,2.0
MUS,1976,19.0,
MUS,1977,20.0,
MUS,1978,20.0,3.0
MUS,1979,11.0,
MWI,1964,97.0,
MWI,1965,111.0,
MWI,1966,90.0,1.0
MWI,1967,99.0,2.0
MWI,1968,102.0,2.0
MWI,1969,81.0,1.0
MWI,1970,62.0,1.0
MWI,1971,74.0,
MWI,1972,68.0,1.0
MWI,1973,74.0,
MWI,1974,52.0,1.0
MWI,1975,64.0,1.0
MWI,1976,52.0,1.0
MWI,1977,29.0,
MWI,1978,36.0,1.0
MWI,1979,37.0,2.0
MYS,1963,243.0,
MYS,1965,227.0,9.0
MYS,1966,178.0,3.0
MYS,1967,184.0,5.0
MYS,1969,285.0,4.0
MYS,1974,411.0,4.0
NGA,1964,127.0,
NGA,1966,173.0,
NGA,1968,138.0,
NGA,1970,165.0,
NGA,1971,391.0,4.0
NGA,1975,407.0,6.0
NGA,1976,436.0,8.0
NGA,1978,512.0,6.0
NIC,1963,61.0,2.0
NIC,1970,221.0,5.0
NIC,1974,128.0,
NIC,1976,92.0,6.0
NIC,1977,117.0,4.0
NIC,1978,106.0,3.0
NLD,1912,1849.0,208.0
NLD,1913,2071.0,343.0
NLD,1914,1565.0,282.0
NLD,1915,1072.0,343.0
NLD,1916,1221.0,419.0
NLD,1917,1552.0,554.0
NLD,1918,1902.0,672.0
NLD,1919,2641.0,548.0
NLD,1920,3917.0,595.0
NLD,1921,3600.0,757.0
NLD,1922,2400.0,529.0
NLD,1923,2481.0,656.0
NLD,1924,3078.0,744.0
NLD,1925,3330.0,760.0
NLD,1926,3413.0,826.0
NLD,1927,3976.0,958.0
NLD,1928,4859.0,1136.0
NLD,1929,5370.0,1174.0
NLD,1930,5403.0,1268.0
NLD,1931,4800.0,1205.0
NLD,1932,4062.0,1108.0
NLD,1933,4226.0,1239.0
NLD,1934,4012.0,1203.0
NLD,1935,4097.0,1223.0
NLD,1936,4684.0,1361.0
NLD,1937,5106.0,1371.0
NLD,1938,5558.0,1429.0
NLD,1939,5143.0,1373.0
NLD,1940,3498.0,1112.0
NLD,1941,4241.0,1145.0
NLD,1942,4940.0,1292.0
NLD,1943,5449.0,1458.0
NLD,1944,5119.0,1308.0
NLD,1945,3050.0,1000.0
NLD,1946,7072.0,1979.0
NLD,1947,8676.0,2281.0
NLD,1948,5940.0,2520.0
NLD,1949,6655.0,2435.0
NLD,1950,7479.0,2354.0
NLD,1951,8139.0,2487.0
NLD,1952,8592.0,2655.0
NLD,1953,9053.0,2757.0
NLD,1954,9646.0,2789.0
NLD,1955,9607.0,2422.0
NLD,1956,10075.0,2332.0
NLD,1957,10330.0,2364.0
NLD,1958,11038.0,2386.0
NLD,1959,12247.0,2418.0
NLD,1960,12629.0,2239.0
NLD,1961,13461.0,2318.0
NLD,1962,14249.0,24.0
NLD,1963,15716.0,2505.0
NLD,1964,15355.0,2178.0
NLD,1965,17284.0,2550.0
NLD,1966,18489.0,2630.0
NLD,1967,17892.0,2515.0
NLD,1968,18897.0,2498.0
NLD,1969,19700.0,2448.0
NLD,1970,19109.0,2479.0
NLD,1971,18225.0,2337.0
NLD,1972,17872.0,2297.0
NLD,1973,17831.0,2128.0
NLD,1974,17062.0,2111.0
NLD,1975,15267.0,1986.0
NLD,1976,14639.0,1897.0
NLD,1977,14629.0,1979.0
NLD,1978,12680.0,2035.0
NLD,1979,9433.0,2089.0
NOR,1886,484.0,137.0
NOR,1887,442.0,146.0
NOR,1888,476.0,
NOR,1889,518.0,136.0
NOR,1890,533.0,143.0
NOR,1891,551.0,
NOR,1892,556.0,
NOR,1893,615.0,
NOR,1894,675.0,
NOR,1895,789.0,
NOR,1896,934.0,
NOR,1897,1098.0,
NOR,1898,1317.0,
NOR,1899,1405.0,
NOR,1900,1351.0,
NOR,1901,1276.0,
NOR,1902,1258.0,269.0
NOR,1903,1312.0,290.0
NOR,1904,1229.0,334.0
NOR,1905,1266.0,270.0
NOR,1906,1530.0,341.0
NOR,1907,1587.0,353.0
NOR,1908,1483.0,377.0
NOR,1909,1535.0,
NOR,1910,1728.0,
NOR,1911,1837.0,
NOR,1912,1861.0,
NOR,1913,1962.0,529.0
NOR,1914,1590.0,505.0
NOR,1915,1350.0,607.0
NOR,1916,1580.0,
NOR,1917,2147.0,
NOR,1918,2929.0,
NOR,1919,3670.0,
NOR,1920,3795.0,
NOR,1921,2826.0,2.0
NOR,1922,2263.0,1003.0
NOR,1923,1957.0,848.0
NOR,1924,2295.0,944.0
NOR,1925,2347.0,949.0
NOR,1926,2288.0,913.0
NOR,1927,2484.0,918.0
NOR,1928,2600.0,845.0
NOR,1929,2712.0,882.0
NOR,1930,2610.0,939.0
NOR,1931,2322.0,895.0
NOR,1932,2190.0,1037.0
NOR,1933,2144.0,1008.0
NOR,1934,2293.0,
NOR,1935,2252.0,3.0
NOR,1936,2420.0,
NOR,1937,2611.0,3.0
NOR,1938,2712.0,1.0
NOR,1939,2554.0,1118.0
NOR,1940,1826.0,947.0
NOR,1941,2362.0,919.0
NOR,1942,2875.0,1116.0
NOR,1943,2930.0,1125.0
NOR,1944,3058.0,1282.0
NOR,1945,2534.0,1367.0
NOR,1946,4062.0,1755.0
NOR,1947,4172.0,1656.0
NOR,1948,2851.0,1427.0
NOR,1949,3214.0,1619.0
NOR,1950,3093.0,1469.0
NOR,1951,3465.0,3.0
NOR,1952,3531.0,3.0
NOR,1953,3664.0,2.0
NOR,1954,3709.0,3.0
NOR,1955,3501.0,2.0
NOR,1956,3628.0,3.0
NOR,1957,3621.0,2.0
NOR,1958,3722.0,1.0
NOR,1959,3399.0,4.0
NOR,1960,4329.0,2.0
NOR,1961,4049.0,3.0
NOR,1962,4277.0,4.0
NOR,1963,4451.0,998.0
NOR,1964,4759.0,923.0
NOR,1965,4899.0,873.0
NOR,1966,5115.0,911.0
NOR,1967,5009.0,961.0
NOR,1968,5249.0,991.0
NOR,1969,5189.0,878.0
NOR,1970,5007.0,941.0
NOR,1971,4987.0,862.0
NOR,1972,4845.0,866.0
NOR,1973,5015.0,808.0
NOR,1974,4726.0,748.0
NOR,1975,4431.0,757.0
NOR,1976,4406.0,805.0
NOR,1977,4527.0,825.0
NOR,1978,4439.0,780.0
NOR,1979,4350.0,797.0
NPL,1964,10.0,5.0
NPL,1973,3.0,1.0
NPL,1974,2.0,
NPL,1976,3.0,1.0
NPL,1977,2.0,1.0
NPL,1978,2.0,1.0
NZL,1892,606.0,
NZL,1893,625.0,
NZL,1894,756.0,
NZL,1895,816.0,
NZL,1896,992.0,
NZL,1897,1093.0,
NZL,1898,1021.0,
NZL,1899,992.0,
NZL,1900,1009.0,
NZL,1901,1114.0,
NZL,1902,1431.0,
NZL,1903,1604.0,
NZL,1904,1483.0,
NZL,1905,1601.0,
NZL,1906,1745.0,
NZL,1907,1618.0,969.0
NZL,1908,1527.0,1013.0
NZL,1909,1705.0,1125.0
NZL,1910,1831.0,
NZL,1911,1740.0,
NZL,1912,1737.0,
NZL,1913,1766.0,
NZL,1914,1574.0,
NZL,1915,1299.0,
NZL,1916,1263.0,
NZL,1917,1329.0,
NZL,1918,1386.0,
NZL,1919,1880.0,
NZL,1920,2193.0,
NZL,1921,2115.0,
NZL,1922,2183.0,
NZL,1923,2075.0,
NZL,1924,2085.0,
NZL,1925,2046.0,1.0
NZL,1926,2141.0,
NZL,1927,2052.0,
NZL,1928,2070.0,1.0
NZL,1930,2103.0,1119.0
NZL,1931,2065.0,1325.0
NZL,1932,1846.0,
NZL,1933,1761.0,
NZL,1934,1766.0,
NZL,1935,1730.0,
NZL,1936,1836.0,
NZL,1937,1832.0,
NZL,1939,1821.0,
NZL,1940,1277.0,
NZL,1941,1214.0,
NZL,1942,1104.0,
NZL,1943,1384.0,
NZL,1944,2045.0,
NZL,1945,2650.0,
NZL,1946,3025.0,
NZL,1947,2753.0,
NZL,1948,2469.0,
NZL,1949,1984.0,
NZL,1950,1987.0,
NZL,1951,2047.0,
NZL,1952,1952.0,1936.0
NZL,1953,2124.0,
NZL,1954,2438.0,
NZL,1957,2320.0,
NZL,1958,2384.0,
NZL,1959,2785.0,
NZL,1960,2748.0,
NZL,1961,2893.0,
NZL,1962,2820.0,
NZL,1963,3192.0,862.0
NZL,1964,3447.0,932.0
NZL,1965,2850.0,188.0
NZL,1966,3665.0,788.0
NZL,1967,3718.0,997.0
NZL,1968,3953.0,1037.0
NZL,1969,3701.0,961.0
NZL,1970,3573.0,897.0
NZL,1971,3510.0,988.0
NZL,1972,3497.0,1062.0
NZL,1973,3563.0,980.0
NZL,1974,3326.0,909.0
NZL,1975,3332.0,1243.0
NZL,1976,3329.0,1237.0
NZL,1977,3135.0,1056.0
NZL,1978,3165.0,1065.0
NZL,1979,3211.0,1125.0
PAK,1964,1278.0,74.0
PAK,1965,1301.0,70.0
PAK,1966,1431.0,108.0
PAK,1967,1277.0,68.0
PAK,1968,1280.0,84.0
PAK,1969,1218.0,89.0
PAK,1971,876.0,58.0
PAK,1972,707.0,61.0
PAK,1973,603.0,38.0
PAK,1974,565.0,23.0
PAK,1975,516.0,34.0
PAK,1976,471.0,21.0
PAK,1977,474.0,20.0
PAK,1978,487.0,31.0
PAK,1979,405.0,30.0
PAN,1952,,1.0
PAN,1953,,2.0
PAN,1959,,2.0
PAN,1960,,2.0
PAN,1961,,2.0
PAN,1967,,1.0
PAN,1969,,1.0
PAN,1971,219.0,2.0
PAN,1973,183.0,3.0
PAN,1974,163.0,1.0
PAN,1975,,1.0
PAN,1976,,5.0
PAN,1977,86.0,12.0
PAN,1978,98.0,11.0
PAN,1979,,2.0
PER,1963,613.0,
PER,1964,650.0,
PER,1972,800.0,60.0
PER,1973,524.0,72.0
PER,1975,361.0,67.0
PER,1977,497.0,86.0
PER,1978,446.0,114.0
PER,1979,408.0,102.0
PHL,1963,768.0,123.0
PHL,1964,814.0,36.0
PHL,1965,849.0,31.0
PHL,1966,982.0,40.0
PHL,1967,964.0,45.0
PHL,1968,1065.0,53.0
PHL,1969,1149.0,40.0
PHL,1970,1075.0,57.0
PHL,1971,1124.0,58.0
PHL,1972,1075.0,53.0
PHL,1973,1080.0,106.0
PHL,1974,1372.0,123.0
PHL,1975,1241.0,118.0
PHL,1976,1368.0,167.0
PHL,1977,1276.0,127.0
PHL,1978,1400.0,129.0
PHL,1979,1471.0,144.0
POL,1919,1431.0,
POL,1920,5605.0,
POL,1921,2923.0,
POL,1922,1786.0,
POL,1923,1576.0,
POL,1924,1930.0,
POL,1925,2035.0,1.0
POL,1926,2022.0,
POL,1927,2694.0,
POL,1928,3322.0,1.0
POL,1929,3945.0,
POL,1930,3960.0,1.0
POL,1931,3369.0,3.0
POL,1932,2865.0,2.0
POL,1933,2765.0,
POL,1934,3007.0,
POL,1935,3283.0,4.0
POL,1936,3583.0,1.0
POL,1937,3832.0,1.0
POL,1938,,2.0
POL,1939,2674.0,1.0
POL,1942,1867.0,
POL,1943,2316.0,
POL,1945,172.0,
POL,1946,732.0,
POL,1947,1534.0,
POL,1948,1137.0,
POL,1949,796.0,
POL,1952,972.0,
POL,1953,1208.0,
POL,1954,1734.0,
POL,1955,2161.0,
POL,1956,3070.0,
POL,1957,2647.0,
POL,1958,2284.0,
POL,1959,2259.0,1.0
POL,1960,,3.0
POL,1961,2524.0,3.0
POL,1962,2455.0,2.0
POL,1963,2935.0,2357.0
POL,1964,3476.0,2648.0
POL,1965,5128.0,4119.0
POL,1966,5968.0,4531.0
POL,1967,6176.0,4541.0
POL,1968,6516.0,4587.0
POL,1969,6946.0,4897.0
POL,1970,7480.0,5493.0
POL,1971,7325.0,5423.0
POL,1972,7401.0,5277.0
POL,1973,7736.0,5694.0
POL,1974,9230.0,6673.0
POL,1975,9186.0,6693.0
POL,1976,8805.0,6595.0
POL,1977,8664.0,6642.0
POL,1978,8814.0,7033.0
POL,1979,8588.0,6790.0
PRK,1975,1159.0,1159.0
PRK,1977,1286.0,1286.0
PRK,1978,1986.0,1986.0
PRK,1979,2312.0,
PRT,1886,82.0,
PRT,1887,106.0,
PRT,1888,103.0,
PRT,1889,147.0,
PRT,1890,100.0,
PRT,1891,105.0,
PRT,1892,96.0,
PRT,1893,89.0,
PRT,1894,86.0,
PRT,1895,174.0,
PRT,1896,265.0,
PRT,1897,310.0,
PRT,1898,293.0,
PRT,1899,325.0,
PRT,1900,283.0,
PRT,1901,280.0,
PRT,1902,326.0,
PRT,1903,366.0,
PRT,1904,338.0,
PRT,1905,422.0,
PRT,1906,475.0,
PRT,1907,547.0,
PRT,1908,416.0,
PRT,1909,496.0,
PRT,1910,518.0,
PRT,1911,498.0,
PRT,1912,487.0,
PRT,1913,514.0,
PRT,1914,384.0,
PRT,1915,241.0,
PRT,1916,298.0,
PRT,1917,363.0,
PRT,1918,356.0,
PRT,1919,541.0,
PRT,1920,859.0,
PRT,1921,633.0,
PRT,1922,464.0,
PRT,1923,475.0,
PRT,1924,476.0,
PRT,1925,464.0,
PRT,1926,356.0,
PRT,1927,399.0,
PRT,1928,489.0,
PRT,1929,532.0,
PRT,1930,476.0,
PRT,1931,338.0,
PRT,1932,385.0,
PRT,1933,441.0,
PRT,1934,435.0,
PRT,1935,446.0,
PRT,1937,381.0,
PRT,1938,447.0,
PRT,1939,401.0,
PRT,1940,351.0,
PRT,1941,485.0,
PRT,1942,761.0,
PRT,1943,868.0,
PRT,1944,777.0,
PRT,1945,778.0,
PRT,1946,1058.0,
PRT,1947,1258.0,
PRT,1948,779.0,
PRT,1949,749.0,
PRT,1950,789.0,
PRT,1951,815.0,
PRT,1952,837.0,2.0
PRT,1953,815.0,
PRT,1954,860.0,1.0
PRT,1955,949.0,
PRT,1956,960.0,
PRT,1957,1080.0,1.0
PRT,1958,996.0,2.0
PRT,1960,1193.0,
PRT,1961,1214.0,1.0
PRT,1962,1334.0,1.0
PRT,1963,1526.0,180.0
PRT,1964,1517.0,149.0
PRT,1965,1176.0,129.0
PRT,1966,1581.0,126.0
PRT,1967,1487.0,109.0
PRT,1968,1399.0,96.0
PRT,1969,1726.0,104.0
PRT,1970,1995.0,183.0
PRT,1971,2055.0,195.0
PRT,1972,2136.0,137.0
PRT,1973,1862.0,111.0
PRT,1974,1557.0,57.0
PRT,1975,1476.0,72.0
PRT,1976,1370.0,77.0
PRT,1977,1403.0,79.0
PRT,1978,1558.0,121.0
PRT,1979,1606.0,96.0
ROU,1919,352.0,
ROU,1920,1042.0,
ROU,1921,1384.0,
ROU,1922,1018.0,
ROU,1923,948.0,
ROU,1924,1186.0,
ROU,1925,1271.0,1.0
ROU,1926,1141.0,
ROU,1927,1283.0,1.0
ROU,1928,1436.0,
ROU,1929,1644.0,
ROU,1930,1371.0,2.0
ROU,1931,1201.0,1.0
ROU,1932,888.0,1.0
ROU,1933,1005.0,
ROU,1934,1137.0,
ROU,1935,1125.0,
ROU,1936,1189.0,1.0
ROU,1937,1397.0,
ROU,1938,1486.0,2.0
ROU,1939,1544.0,1.0
ROU,1940,1082.0,
ROU,1942,1731.0,
ROU,1950,58.0,
ROU,1954,75.0,
ROU,1955,476.0,
ROU,1956,531.0,
ROU,1957,462.0,
ROU,1958,591.0,
ROU,1959,700.0,
ROU,1960,954.0,2.0
ROU,1961,961.0,2.0
ROU,1962,896.0,
ROU,1963,1375.0,1139.0
ROU,1964,253.0,17.0
ROU,1965,422.0,29.0
ROU,1966,2047.0,1324.0
ROU,1967,2701.0,1661.0
ROU,1968,3133.0,1996.0
ROU,1969,3342.0,1976.0
ROU,1970,1316.0,58.0
ROU,1971,3797.0,2482.0
ROU,1972,4112.0,2734.0
ROU,1973,3772.0,2558.0
ROU,1974,3846.0,2521.0
ROU,1975,3299.0,2173.0
ROU,1976,3625.0,3625.0
ROU,1977,3909.0,3056.0
ROU,1978,3348.0,2569.0
ROU,1979,3620.0,2753.0
RUS,1896,1006.0,
RUS,1897,2602.0,
RUS,1898,2994.0,
RUS,1899,3288.0,
RUS,1900,3064.0,
RUS,1901,3144.0,
RUS,1902,3371.0,
RUS,1903,3414.0,
RUS,1904,2824.0,
RUS,1905,2608.0,
RUS,1906,2872.0,
RUS,1907,3287.0,
RUS,1908,3581.0,
RUS,1909,3950.0,
RUS,1910,4335.0,
RUS,1911,4695.0,
RUS,1912,4904.0,
RUS,1925,5491.0,
RUS,1926,8249.0,
RUS,1927,8323.0,
RUS,1928,13003.0,
RUS,1929,22195.0,
RUS,1931,19300.0,
RUS,1932,20800.0,
RUS,1933,18600.0,
RUS,1934,29100.0,
RUS,1935,23600.0,
RUS,1936,22900.0,
RUS,1937,9300.0,
RUS,1938,8900.0,
RUS,1939,14000.0,
RUS,1940,3900.0,
RUS,1941,2800.0,
RUS,1942,4900.0,
RUS,1943,5300.0,
RUS,1944,5200.0,
RUS,1945,6000.0,
RUS,1946,10300.0,
RUS,1947,15700.0,
RUS,1948,23700.0,
RUS,1949,30500.0,
RUS,1950,32500.0,
RUS,1951,26800.0,
RUS,1952,22000.0,
RUS,1953,16000.0,
RUS,1954,18100.0,
RUS,1955,18600.0,
RUS,1956,14700.0,
RUS,1957,24900.0,1.0
RUS,1958,30200.0,
RUS,1959,36800.0,1.0
RUS,1960,44800.0,3.0
RUS,1961,46300.0,1.0
RUS,1962,53200.0,1.0
RUS,1963,81891.0,81306.0
RUS,1964,94698.0,93798.0
RUS,1965,103616.0,102369.0
RUS,1966,108377.0,105908.0
RUS,1967,112309.0,108885.0
RUS,1968,110428.0,106480.0
RUS,1969,118998.0,114453.0
RUS,1970,115520.0,110508.0
RUS,1971,129228.0,123993.0
RUS,1972,132406.0,127302.0
RUS,1973,116480.0,110852.0
RUS,1974,106265.0,100588.0
RUS,1975,119163.0,114037.0
RUS,1976,132855.0,128194.0
RUS,1977,125685.0,121649.0
RUS,1978,143548.0,140107.0
RUS,1979,157750.0,153760.0
RWA,1968,6.0,
RWA,1971,9.0,
RWA,1972,2.0,
RWA,1973,2.0,
RWA,1974,2.0,
RWA,1975,9.0,
RWA,1976,7.0,
RWA,1977,6.0,
RWA,1978,1.0,
RWA,1979,7.0,
SAU,1972,,1.0
SDN,1956,,1.0
SDN,1971,,1.0
SDN,1974,,1.0
SEN,1979,,1.0
SGP,1966,124.0,
SGP,1967,160.0,
SGP,1968,267.0,5.0
SGP,1969,251.0,1.0
SGP,1970,290.0,1.0
SGP,1971,336.0,2.0
SGP,1972,367.0,2.0
SGP,1977,533.0,4.0
SGP,1978,634.0,2.0
SGP,1979,864.0,
SLE,1963,19.0,
SLE,1964,21.0,
SLE,1965,39.0,
SLE,1966,12.0,
SLE,1967,25.0,1.0
SLE,1970,25.0,
SLE,1971,22.0,
SLE,1972,24.0,
SLE,1974,26.0,
SLE,1977,9.0,
SLE,1979,25.0,
SLV,1976,137.0,7.0
SLV,1977,39.0,8.0
SLV,1978,120.0,21.0
SLV,1979,143.0,16.0
SMR,1975,,1.0
SOM,1968,83.0,5.0
SOM,1971,5.0,
SOM,1972,7.0,
SOM,1974,8.0,
SOM,1975,16.0,
SOM,1976,19.0,
SOM,1978,9.0,2.0
SRB,1921,2111.0,1.0
SRB,1922,1289.0,
SRB,1923,869.0,2.0
SRB,1924,1056.0,1.0
SRB,1925,894.0,
SRB,1926,972.0,2.0
SRB,1927,1053.0,2.0
SRB,1928,1221.0,
SRB,1929,1362.0,2.0
SRB,1930,1408.0,1.0
SRB,1931,1352.0,1.0
SRB,1932,1148.0,
SRB,1933,1191.0,
SRB,1934,1198.0,1.0
SRB,1935,1229.0,1.0
SRB,1936,1398.0,
SRB,1937,1550.0,
SRB,1938,1646.0,1.0
SRB,1939,1573.0,
SRB,1952,490.0,
SRB,1953,613.0,1.0
SRB,1954,961.0,2.0
SRB,1955,1446.0,
SRB,1956,1396.0,2.0
SRB,1957,1539.0,
SRB,1958,1660.0,
SRB,1959,1716.0,
SRB,1960,1809.0,2.0
SRB,1961,1834.0,
SRB,1962,1720.0,
SRB,1963,1678.0,726.0
SRB,1964,1886.0,684.0
SRB,1965,2193.0,761.0
SRB,1966,2496.0,865.0
SRB,1967,2578.0,883.0
SRB,1968,3150.0,1007.0
SRB,1969,3305.0,1014.0
SRB,1970,3214.0,919.0
SRB,1971,3328.0,922.0
SRB,1972,3301.0,859.0
SRB,1973,3390.0,929.0
SRB,1974,3528.0,1059.0
SRB,1975,3448.0,1253.0
SRB,1976,3249.0,1339.0
SRB,1977,3171.0,1193.0
SRB,1978,3134.0,1166.0
SRB,1979,3222.0,1191.0
SVN,1926,,1.0
SWE,1885,703.0,
SWE,1886,604.0,
SWE,1887,661.0,
SWE,1888,803.0,
SWE,1889,837.0,
SWE,1890,873.0,
SWE,1891,941.0,
SWE,1892,1004.0,
SWE,1893,1036.0,
SWE,1894,1386.0,
SWE,1895,1460.0,
SWE,1896,1714.0,
SWE,1897,1947.0,
SWE,1898,2023.0,
SWE,1899,2204.0,
SWE,1900,2258.0,
SWE,1901,2284.0,
SWE,1902,2316.0,
SWE,1903,2432.0,
SWE,1904,2286.0,
SWE,1905,2535.0,
SWE,1906,3002.0,
SWE,1907,2943.0,
SWE,1908,2974.0,
SWE,1909,3241.0,
SWE,1910,3433.0,
SWE,1911,3536.0,
SWE,1912,3493.0,
SWE,1913,3683.0,
SWE,1914,3071.0,
SWE,1915,2615.0,
SWE,1916,2928.0,
SWE,1917,4359.0,
SWE,1918,4919.0,
SWE,1919,6165.0,
SWE,1920,6046.0,
SWE,1921,4469.0,
SWE,1922,3781.0,5.0
SWE,1923,3696.0,2.0
SWE,1924,4031.0,1.0
SWE,1925,4387.0,3.0
SWE,1926,4395.0,7.0
SWE,1927,4822.0,3.0
SWE,1928,5682.0,7.0
SWE,1929,5788.0,10.0
SWE,1930,5721.0,2.0
SWE,1931,5400.0,7.0
SWE,1932,5194.0,
SWE,1933,5515.0,1.0
SWE,1934,5286.0,
SWE,1935,5526.0,3.0
SWE,1936,5935.0,4.0
SWE,1937,6443.0,2.0
SWE,1938,7066.0,4.0
SWE,1939,6551.0,10.0
SWE,1940,5476.0,2.0
SWE,1941,7341.0,
SWE,1942,8208.0,
SWE,1943,9198.0,
SWE,1944,10671.0,
SWE,1945,10097.0,2.0
SWE,1946,11468.0,5.0
SWE,1947,13080.0,3.0
SWE,1948,10767.0,1.0
SWE,1949,11530.0,8.0
SWE,1950,11184.0,2.0
SWE,1951,11243.0,15.0
SWE,1952,11369.0,11.0
SWE,1953,11708.0,8.0
SWE,1954,12133.0,13.0
SWE,1955,11838.0,13.0
SWE,1956,11901.0,5.0
SWE,1957,11859.0,11.0
SWE,1958,12174.0,12.0
SWE,1959,12384.0,8.0
SWE,1960,12744.0,8.0
SWE,1961,13186.0,5.0
SWE,1962,14179.0,11.0
SWE,1963,14633.0,4300.0
SWE,1964,15937.0,4445.0
SWE,1965,17079.0,4826.0
SWE,1966,18046.0,4882.0
SWE,1967,18148.0,5325.0
SWE,1968,18080.0,4758.0
SWE,1969,18158.0,4347.0
SWE,1970,17858.0,4351.0
SWE,1971,17007.0,4407.0
SWE,1972,17235.0,4500.0
SWE,1973,17634.0,4877.0
SWE,1974,16393.0,4483.0
SWE,1975,14799.0,4053.0
SWE,1976,14763.0,4156.0
SWE,1977,14979.0,4523.0
SWE,1978,13473.0,4570.0
SWE,1979,10741.0,4144.0
SWZ,1973,15.0,
SWZ,1974,11.0,
SWZ,1977,14.0,
SWZ,1978,27.0,
SYC,1977,4.0,
SYC,1978,1.0,
SYC,1979,6.0,
SYR,1947,86.0,
SYR,1948,44.0,
SYR,1949,45.0,
SYR,1950,39.0,
SYR,1951,81.0,
SYR,1952,99.0,
SYR,1953,75.0,
SYR,1954,83.0,1.0
SYR,1955,89.0,
SYR,1956,117.0,
SYR,1957,99.0,
SYR,1961,158.0,
SYR,1962,130.0,
SYR,1963,130.0,4.0
SYR,1965,142.0,4.0
SYR,1966,162.0,6.0
SYR,1967,152.0,8.0
SYR,1968,120.0,12.0
SYR,1969,136.0,10.0
SYR,1970,108.0,4.0
SYR,1971,126.0,5.0
SYR,1972,113.0,6.0
SYR,1973,89.0,4.0
SYR,1974,88.0,4.0
SYR,1975,96.0,5.0
SYR,1978,118.0,7.0
SYR,1979,122.0,7.0
THA,1979,22.0,7.0
TTO,1947,59.0,
TTO,1948,38.0,
TTO,1949,37.0,
TTO,1950,44.0,
TTO,1951,66.0,
TTO,1952,75.0,
TTO,1953,62.0,
TTO,1954,66.0,
TTO,1955,74.0,
TTO,1956,63.0,
TTO,1957,92.0,
TTO,1958,88.0,2.0
TTO,1959,104.0,
TTO,1960,95.0,
TTO,1961,117.0,
TTO,1963,116.0,3.0
TTO,1964,133.0,3.0
TTO,1965,131.0,2.0
TTO,1966,124.0,10.0
TTO,1967,160.0,5.0
TTO,1968,127.0,2.0
TTO,1969,108.0,8.0
TTO,1970,117.0,4.0
TTO,1971,165.0,4.0
TTO,1972,136.0,8.0
TTO,1973,101.0,6.0
TTO,1974,146.0,1.0
TTO,1975,135.0,9.0
TTO,1976,112.0,7.0
TTO,1977,141.0,14.0
TTO,1978,121.0,4.0
TTO,1979,122.0,4.0
TUN,1889,7.0,
TUN,1890,20.0,
TUN,1891,17.0,
TUN,1892,26.0,
TUN,1893,23.0,
TUN,1894,35.0,
TUN,1895,30.0,
TUN,1896,47.0,
TUN,1897,61.0,
TUN,1898,49.0,
TUN,1899,72.0,
TUN,1900,67.0,
TUN,1901,70.0,
TUN,1902,66.0,
TUN,1903,62.0,
TUN,1904,68.0,
TUN,1905,58.0,
TUN,1906,71.0,
TUN,1907,71.0,
TUN,1908,83.0,
TUN,1909,84.0,
TUN,1910,87.0,
TUN,1911,88.0,
TUN,1912,99.0,
TUN,1913,99.0,
TUN,1914,87.0,
TUN,1915,26.0,
TUN,1916,15.0,
TUN,1917,38.0,
TUN,1918,53.0,
TUN,1919,81.0,
TUN,1920,187.0,
TUN,1921,148.0,
TUN,1922,112.0,
TUN,1923,148.0,
TUN,1924,124.0,
TUN,1925,116.0,
TUN,1926,121.0,
TUN,1927,134.0,1.0
TUN,1928,146.0,
TUN,1929,213.0,
TUN,1930,179.0,1.0
TUN,1931,165.0,
TUN,1932,129.0,
TUN,1933,154.0,
TUN,1934,141.0,
TUN,1935,101.0,
TUN,1936,111.0,
TUN,1937,102.0,
TUN,1938,98.0,
TUN,1939,87.0,
TUN,1940,102.0,
TUN,1945,220.0,
TUN,1946,273.0,
TUN,1947,422.0,4.0
TUN,1948,279.0,
TUN,1949,295.0,
TUN,1950,346.0,
TUN,1951,356.0,
TUN,1952,318.0,
TUN,1953,320.0,
TUN,1954,332.0,1.0
TUN,1955,316.0,
TUN,1956,276.0,
TUN,1957,234.0,
TUN,1958,229.0,
TUN,1959,222.0,1.0
TUN,1960,227.0,
TUN,1961,,1.0
TUN,1963,208.0,6.0
TUN,1964,200.0,8.0
TUN,1965,228.0,7.0
TUN,1966,240.0,11.0
TUN,1967,278.0,7.0
TUN,1968,235.0,7.0
TUN,1970,212.0,3.0
TUN,1971,215.0,9.0
TUN,1972,180.0,7.0
TUN,1973,161.0,10.0
TUN,1974,221.0,43.0
TUN,1975,244.0,37.0
TUN,1976,207.0,12.0
TUN,1977,249.0,17.0
TUN,1978,215.0,5.0
TUN,1979,261.0,26.0
TUR,1922,,1.0
TUR,1928,,1.0
TUR,1929,234.0,
TUR,1930,293.0,
TUR,1932,238.0,
TUR,1934,203.0,
TUR,1936,171.0,1.0
TUR,1937,183.0,3.0
TUR,1953,620.0,
TUR,1954,488.0,1.0
TUR,1955,466.0,
TUR,1956,544.0,
TUR,1957,364.0,
TUR,1959,850.0,
TUR,1960,2005.0,2.0
TUR,1961,475.0,
TUR,1962,424.0,
TUR,1963,539.0,56.0
TUR,1964,678.0,79.0
TUR,1965,739.0,99.0
TUR,1966,956.0,124.0
TUR,1967,920.0,108.0
TUR,1968,632.0,88.0
TUR,1969,646.0,86.0
TUR,1970,636.0,91.0
TUR,1971,665.0,96.0
TUR,1973,747.0,137.0
TUR,1974,663.0,93.0
TUR,1975,610.0,98.0
TUR,1976,716.0,118.0
TUR,1977,778.0,119.0
TUR,1978,518.0,89.0
TUR,1979,558.0,74.0
TZA,1955,53.0,
TZA,1956,32.0,
TZA,1957,50.0,
TZA,1958,53.0,
TZA,1959,49.0,
TZA,1961,73.0,
TZA,1962,58.0,
TZA,1963,58.0,
TZA,1964,76.0,
TZA,1965,65.0,
TZA,1967,86.0,
TZA,1972,45.0,
TZA,1974,65.0,
TZA,1976,57.0,
TZA,1977,71.0,
TZA,1979,42.0,
UGA,1963,44.0,
UGA,1964,64.0,1.0
UGA,1965,61.0,
UGA,1966,54.0,
UGA,1967,74.0,
UGA,1968,55.0,
UGA,1969,80.0,
UGA,1971,83.0,
UGA,1972,55.0,
UGA,1973,41.0,
UGA,1974,56.0,
UGA,1975,56.0,
UGA,1976,54.0,
UGA,1977,33.0,
UGA,1978,31.0,
UGA,1979,28.0,
UKR,1922,,2.0
URY,1954,,1.0
URY,1964,429.0,114.0
URY,1966,517.0,224.0
URY,1968,560.0,234.0
URY,1969,561.0,246.0
URY,1970,489.0,219.0
URY,1971,452.0,190.0
URY,1972,344.0,150.0
URY,1973,282.0,88.0
URY,1974,281.0,95.0
URY,1975,326.0,132.0
URY,1976,270.0,119.0
URY,1977,201.0,59.0
URY,1978,241.0,45.0
URY,1979,213.0,43.0
USA,1883,34073.0,
USA,1884,34192.0,
USA,1885,34697.0,
USA,1886,35161.0,
USA,1887,35230.0,
USA,1888,34713.0,
USA,1889,39607.0,
USA,1890,39884.0,
USA,1891,39418.0,
USA,1892,39514.0,
USA,1893,37293.0,
USA,1894,36987.0,
USA,1895,39145.0,
USA,1896,42077.0,
USA,1897,45661.0,
USA,1898,33915.0,
USA,1899,38937.0,
USA,1900,39673.0,
USA,1901,44088.0,
USA,1902,48320.0,
USA,1903,49289.0,
USA,1904,51168.0,
USA,1905,54034.0,
USA,1906,55676.0,
USA,1907,57679.0,
USA,1908,60142.0,
USA,1909,64408.0,
USA,1910,63293.0,
USA,1911,67587.0,
USA,1912,69126.0,
USA,1913,68117.0,
USA,1914,67774.0,
USA,1915,67335.0,
USA,1916,68349.0,
USA,1917,67828.0,
USA,1918,57347.0,
USA,1919,76773.0,
USA,1920,82155.0,1.0
USA,1921,87732.0,19.0
USA,1922,84167.0,15.0
USA,1923,76652.0,15.0
USA,1924,77121.0,10.0
USA,1925,80106.0,8.0
USA,1926,80682.0,34.0
USA,1927,87545.0,16.0
USA,1928,87837.0,25.0
USA,1929,89969.0,20.0
USA,1930,89848.0,23.0
USA,1931,79981.0,8.0
USA,1932,67172.0,12.0
USA,1933,56694.0,
USA,1934,56882.0,6.0
USA,1935,58344.0,4.0
USA,1936,62740.0,5.0
USA,1937,65416.0,3.0
USA,1938,66851.0,4.0
USA,1939,64182.0,12.0
USA,1940,60836.0,7.0
USA,1941,52050.0,5.0
USA,1942,44984.0,
USA,1943,44774.0,
USA,1944,54409.0,
USA,1945,68052.0,6.0
USA,1946,81274.0,53.0
USA,1947,75669.0,74.0
USA,1948,68903.0,24.0
USA,1949,67811.0,11.0
USA,1950,67556.0,29.0
USA,1951,60670.0,49700.0
USA,1952,63391.0,52428.0
USA,1953,74036.0,62047.0
USA,1954,77503.0,64970.0
USA,1955,77502.0,64180.0
USA,1956,75211.0,62189.0
USA,1957,74298.0,60336.0
USA,1958,77629.0,63293.0
USA,1959,78708.0,63404.0
USA,1960,79721.0,63200.0
USA,1961,83396.0,66477.0
USA,1962,85180.0,167.0
USA,1963,85869.0,67004.0
USA,1964,87592.0,67269.0
USA,1965,94629.0,72593.0
USA,1966,88525.0,67176.0
USA,1967,88164.0,64421.0
USA,1968,93471.0,67493.0
USA,1969,101415.0,71366.0
USA,1970,103175.0,72622.0
USA,1971,104729.0,71383.0
USA,1972,99298.0,66325.0
USA,1973,104079.0,67278.0
USA,1974,102538.0,64475.0
USA,1975,101014.0,64784.0
USA,1976,102344.0,65394.0
USA,1977,100931.0,63177.0
USA,1978,100916.0,61760.0
USA,1979,100494.0,60892.0
VEN,1963,2721.0,
VEN,1964,1398.0,104.0
VEN,1965,1839.0,200.0
VEN,1966,1960.0,238.0
VEN,1967,1883.0,179.0
VEN,1968,2192.0,325.0
VEN,1969,2232.0,214.0
VEN,1970,2179.0,306.0
VEN,1971,2132.0,314.0
VEN,1972,2409.0,208.0
VEN,1973,2487.0,252.0
VEN,1974,1978.0,241.0
VEN,1975,2657.0,674.0
VEN,1976,2086.0,183.0
VEN,1977,2465.0,440.0
VEN,1978,2242.0,194.0
VEN,1979,2115.0,192.0
WSM,1975,5.0,
WSM,1976,1.0,
WSM,1977,3.0,
WSM,1978,2.0,
WSM,1979,4.0,
XX,1884,,7295.0
XX,1885,,4847.0
XX,1886,,5474.0
XX,1887,,5729.0
XX,1888,,5721.0
XX,1889,,6792.0
XX,1890,,7694.0
XX,1891,,7718.0
XX,1892,,8211.0
XX,1893,,8398.0
XX,1894,,8410.0
XX,1895,,8829.0
XX,1896,,10218.0
XX,1897,,11348.0
XX,1898,,10580.0
XX,1899,,17419.0
XX,1900,,17224.0
XX,1901,,18232.0
XX,1902,,20584.0
XX,1903,,20780.0
XX,1904,,27408.0
XX,1905,,21112.0
XX,1906,,22083.0
XX,1907,,22416.0
XX,1908,,21876.0
XX,1909,,21849.0
XX,1910,,22076.0
XX,1911,,22865.0
XX,1912,,23785.0
XX,1913,,25575.0
XX,1914,,19388.0
XX,1915,,5093.0
XX,1916,,4405.0
XX,1917,,4266.0
XX,1918,,4695.0
XX,1919,,7555.0
XX,1920,,16035.0
XX,1921,,23489.0
XX,1922,,22916.0
XX,1923,,22202.0
XX,1924,,15554.0
XX,1925,,17124.0
XX,1926,,17714.0
XX,1927,,37227.0
XX,1928,,37182.0
XX,1929,,47039.0
XX,1930,,46735.0
XX,1931,,36161.0
XX,1932,,30267.0
XX,1933,,29991.0
XX,1934,,15117.0
XX,1935,,14404.0
XX,1936,,29296.0
XX,1937,,12812.0
XX,1938,,13038.0
XX,1939,,5954.0
XX,1940,,6494.0
XX,1941,,8911.0
XX,1942,,10722.0
XX,1943,,12133.0
XX,1944,,12516.0
XX,1945,,19332.0
XX,1946,,27492.0
XX,1947,,32347.0
XX,1948,,26071.0
XX,1949,,23915.0
XX,1950,,25557.0
XX,1951,,38745.0
XX,1952,,40289.0
XX,1953,,42977.0
XX,1954,,46940.0
XX,1955,,49720.0
XX,1956,,51963.0
XX,1957,,65687.0
XX,1958,,68763.0
XX,1959,,74877.0
XX,1960,,80308.0
XX,1961,,67718.0
XX,1962,,23902.0
XX,1963,,253454.0
XX,1964,,251741.0
XX,1965,,302687.0
XX,1966,,345381.0
XX,1967,,345254.0
XX,1968,,378634.0
XX,1969,,385060.0
XX,1970,,391095.0
XX,1971,,380504.0
XX,1972,,384140.0
XX,1973,,389173.0
XX,1974,,379136.0
XX,1975,,339241.0
XX,1976,,319061.0
XX,1977,,320910.0
XX,1978,,300056.0
XX,1979,,283153.0
YEM,1976,12.0,
YEM,1977,7.0,
ZAF,1947,3783.0,1.0
ZAF,1948,3331.0,2.0
ZAF,1949,2835.0,
ZAF,1950,3100.0,1.0
ZAF,1951,3415.0,
ZAF,1952,3337.0,
ZAF,1953,3713.0,3.0
ZAF,1954,,2.0
ZAF,1955,4136.0,1.0
ZAF,1956,4128.0,1.0
ZAF,1957,4305.0,4.0
ZAF,1958,,2.0
ZAF,1959,5154.0,4.0
ZAF,1960,5298.0,1.0
ZAF,1961,5312.0,6.0
ZAF,1962,5470.0,3.0
ZAF,1963,5946.0,1659.0
ZAF,1964,6215.0,1789.0
ZAF,1965,7033.0,2016.0
ZAF,1966,7877.0,2467.0
ZAF,1967,,4.0
ZAF,1968,8583.0,2394.0
ZAF,1969,,5.0
ZAF,1970,8744.0,2434.0
ZAF,1971,8711.0,2601.0
ZAF,1972,8873.0,2656.0
ZAF,1973,8756.0,2689.0
ZAF,1974,8267.0,2493.0
ZAF,1975,8067.0,2548.0
ZAF,1976,7729.0,2447.0
ZAF,1977,7728.0,2968.0
ZAF,1978,7401.0,2975.0
ZAF,1979,7070.0,2539.0
ZMB,1966,205.0,1.0
ZMB,1967,234.0,5.0
ZMB,1968,196.0,3.0
ZMB,1969,187.0,2.0
ZMB,1970,151.0,1.0
ZMB,1971,194.0,2.0
ZMB,1972,196.0,
ZMB,1973,207.0,1.0
ZMB,1974,176.0,1.0
ZMB,1975,177.0,2.0
ZMB,1976,152.0,8.0
ZMB,1977,94.0,
ZMB,1978,107.0,1.0
ZMB,1979,95.0,1.0
ZWE,1954,,1.0
ZWE,1958,832.0,
ZWE,1959,916.0,
ZWE,1960,754.0,
ZWE,1961,652.0,2.0
ZWE,1962,637.0,
ZWE,1963,740.0,117.0
ZWE,1964,481.0,69.0
ZWE,1965,478.0,69.0
ZWE,1966,484.0,64.0
ZWE,1967,542.0,105.0
ZWE,1968,527.0,115.0
ZWE,1969,548.0,70.0
ZWE,1970,463.0,78.0
ZWE,1971,516.0,107.0
ZWE,1972,524.0,83.0
ZWE,1973,501.0,89.0
ZWE,1974,486.0,69.0
ZWE,1979,256.0,55.0
ZZ,1883,,50890.0
ZZ,1884,,46876.0
ZZ,1885,,58311.0
ZZ,1886,,66521.0
ZZ,1887,,66008.0
ZZ,1888,,66015.0
ZZ,1889,,79190.0
ZZ,1890,,80586.0
ZZ,1891,,82695.0
ZZ,1892,,85130.0
ZZ,1893,,84384.0
ZZ,1894,,89974.0
ZZ,1895,,94498.0
ZZ,1896,,103963.0
ZZ,1897,,116653.0
ZZ,1898,,108050.0
ZZ,1899,,94174.0
ZZ,1900,,94686.0
ZZ,1901,,99984.0
ZZ,1902,,105244.0
ZZ,1903,,107559.0
ZZ,1904,,96546.0
ZZ,1905,,115196.0
ZZ,1906,,119626.0
ZZ,1907,,128874.0
ZZ,1908,,130674.0
ZZ,1909,,145480.0
ZZ,1910,,150627.0
ZZ,1911,,158479.0
ZZ,1912,,165676.0
ZZ,1913,,159301.0
ZZ,1914,,139179.0
ZZ,1915,,136207.0
ZZ,1916,,144873.0
ZZ,1917,,153893.0
ZZ,1918,,153495.0
ZZ,1919,,208364.0
ZZ,1920,,249890.0
ZZ,1921,,208033.0
ZZ,1922,,187408.0
ZZ,1923,,165824.0
ZZ,1924,,204374.0
ZZ,1925,,221725.0
ZZ,1926,,223260.0
ZZ,1927,,200708.0
ZZ,1928,,216815.0
ZZ,1929,,227725.0
ZZ,1930,,205208.0
ZZ,1931,,216123.0
ZZ,1932,,193921.0
ZZ,1933,,178456.0
ZZ,1934,,228085.0
ZZ,1935,,216626.0
ZZ,1936,,188131.0
ZZ,1937,,239206.0
ZZ,1938,,226376.0
ZZ,1939,,263146.0
ZZ,1940,,198424.0
ZZ,1941,,193339.0
ZZ,1942,,199803.0
ZZ,1943,,201312.0
ZZ,1944,,161293.0
ZZ,1945,,170613.0
ZZ,1946,,222814.0
ZZ,1947,,249056.0
ZZ,1948,,218273.0
ZZ,1949,,314555.0
ZZ,1950,,374142.0
ZZ,1951,,246112.0
ZZ,1952,,244928.0
ZZ,1953,,257730.0
ZZ,1954,,271165.0
ZZ,1955,,280145.0
ZZ,1956,,277588.0
ZZ,1957,,270737.0
ZZ,1958,,291346.0
ZZ,1959,,305883.0
ZZ,1960,,333257.0
ZZ,1961,,375441.0
ZZ,1962,,503023.0
ZZ,1963,,41205.0
ZZ,1964,,73718.0
ZZ,1965,,35652.0
ZZ,1967,,6750.0
ZZ,1968,,7222.0
ZZ,1969,,28.0
ZZ,1970,,121.0
ZZ,1971,,219.0
ZZ,1973,,183.0
ZZ,1974,,163.0
ZZ,1975,,8794.0
ZZ,1976,,33048.0
ZZ,1977,,24199.0
ZZ,1978,,37123.0
ZZ,1979,,30488.0
